family,n,m,alg,opt,ratio
gnp,16,27,7,7,1.000000
gnp,9,10,5,5,1.000000
gnp,16,82,3,3,1.000000
gnp,15,53,5,5,1.000000
gnp,7,9,4,4,1.000000
gnp,14,31,5,5,1.000000
gnp,9,18,4,4,1.000000
gnp,6,11,2,2,1.000000
gnp,12,31,4,4,1.000000
gnp,9,28,3,3,1.000000
gnp,7,5,5,5,1.000000
gnp,11,37,3,3,1.000000
gnp,6,10,3,3,1.000000
gnp,12,12,7,7,1.000000
gnp,16,54,5,5,1.000000
gnp,15,25,7,7,1.000000
gnp,6,8,2,2,1.000000
gnp,7,13,3,3,1.000000
gnp,12,16,6,6,1.000000
gnp,8,10,4,4,1.000000
gnp,16,48,5,5,1.000000
gnp,15,66,4,4,1.000000
gnp,8,7,5,5,1.000000
gnp,16,83,3,3,1.000000
gnp,16,43,6,6,1.000000
gnp,9,28,2,2,1.000000
gnp,12,23,6,6,1.000000
gnp,15,82,3,3,1.000000
gnp,9,19,3,3,1.000000
gnp,16,54,5,5,1.000000
gnp,8,12,4,4,1.000000
gnp,15,52,4,4,1.000000
gnp,11,16,6,6,1.000000
gnp,14,43,5,5,1.000000
gnp,7,4,5,5,1.000000
gnp,16,43,5,5,1.000000
gnp,12,28,4,4,1.000000
gnp,14,27,6,6,1.000000
gnp,16,82,3,3,1.000000
gnp,16,45,5,5,1.000000
gnp,12,16,6,6,1.000000
gnp,10,38,2,2,1.000000
gnp,14,70,3,3,1.000000
gnp,16,57,5,5,1.000000
gnp,8,12,3,3,1.000000
gnp,14,70,3,3,1.000000
gnp,15,48,5,5,1.000000
gnp,7,19,2,2,1.000000
gnp,9,6,6,6,1.000000
gnp,7,16,2,2,1.000000
gnp,14,74,3,3,1.000000
gnp,16,49,6,6,1.000000
gnp,10,26,3,3,1.000000
gnp,9,34,2,2,1.000000
gnp,10,17,5,5,1.000000
gnp,13,64,3,3,1.000000
gnp,7,8,3,3,1.000000
gnp,11,12,8,8,1.000000
gnp,15,23,7,7,1.000000
gnp,16,31,8,8,1.000000
gnp,6,11,2,2,1.000000
gnp,14,33,5,5,1.000000
gnp,9,23,3,3,1.000000
gnp,9,26,3,3,1.000000
gnp,9,4,7,7,1.000000
gnp,11,28,4,4,1.000000
gnp,6,7,3,3,1.000000
gnp,6,5,3,3,1.000000
gnp,7,7,4,4,1.000000
gnp,14,45,5,5,1.000000
gnp,8,10,4,4,1.000000
gnp,7,11,3,3,1.000000
gnp,6,9,3,3,1.000000
gnp,7,16,2,2,1.000000
gnp,8,12,3,3,1.000000
gnp,9,28,2,2,1.000000
gnp,8,9,4,4,1.000000
gnp,10,38,2,2,1.000000
gnp,10,25,4,4,1.000000
gnp,8,14,3,3,1.000000
gnp,6,8,3,3,1.000000
gnp,11,11,7,7,1.000000
gnp,14,72,3,3,1.000000
gnp,6,11,2,2,1.000000
gnp,8,3,6,6,1.000000
gnp,16,81,4,4,1.000000
gnp,7,17,3,3,1.000000
gnp,15,66,4,4,1.000000
gnp,12,38,3,3,1.000000
gnp,10,11,5,5,1.000000
gnp,9,13,5,5,1.000000
gnp,16,72,4,4,1.000000
gnp,11,41,3,3,1.000000
gnp,6,4,4,4,1.000000
gnp,7,14,3,3,1.000000
gnp,8,24,2,2,1.000000
gnp,9,16,4,4,1.000000
gnp,13,60,3,3,1.000000
gnp,15,91,3,3,1.000000
gnp,16,85,3,3,1.000000
gnp,16,16,8,8,1.000000
gnp,10,14,6,6,1.000000
gnp,14,24,7,7,1.000000
gnp,15,30,7,7,1.000000
gnp,9,25,4,4,1.000000
gnp,14,47,5,5,1.000000
gnp,7,13,3,3,1.000000
gnp,6,3,4,4,1.000000
gnp,16,102,3,3,1.000000
gnp,13,32,5,5,1.000000
gnp,14,18,8,8,1.000000
gnp,8,16,3,3,1.000000
gnp,15,58,5,5,1.000000
gnp,8,4,5,5,1.000000
gnp,6,12,2,2,1.000000
gnp,16,43,6,6,1.000000
gnp,11,41,3,3,1.000000
gnp,15,69,4,4,1.000000
gnp,8,21,3,3,1.000000
gnp,12,10,8,8,1.000000
gnp,12,44,4,4,1.000000
gnp,10,11,5,5,1.000000
gnp,12,51,4,4,1.000000
gnp,9,13,5,5,1.000000
gnp,11,23,5,5,1.000000
gnp,9,6,5,5,1.000000
gnp,12,21,6,6,1.000000
gnp,10,15,5,5,1.000000
gnp,16,99,3,3,1.000000
gnp,6,4,3,3,1.000000
gnp,8,15,3,3,1.000000
gnp,6,4,4,4,1.000000
gnp,11,38,3,3,1.000000
gnp,12,40,4,4,1.000000
gnp,12,57,2,2,1.000000
gnp,10,8,6,6,1.000000
gnp,6,9,2,2,1.000000
gnp,11,24,4,4,1.000000
gnp,15,32,7,7,1.000000
gnp,10,24,3,3,1.000000
gnp,11,25,4,4,1.000000
gnp,14,25,7,7,1.000000
gnp,16,97,3,3,1.000000
gnp,15,61,4,4,1.000000
gnp,14,66,3,3,1.000000
gnp,10,13,5,5,1.000000
gnp,13,34,4,4,1.000000
gnp,14,39,6,6,1.000000
gnp,16,22,8,8,1.000000
gnp,7,13,3,3,1.000000
gnp,16,52,6,6,1.000000
gnp,8,4,6,6,1.000000
gnp,13,40,4,4,1.000000
gnp,13,38,5,5,1.000000
gnp,12,34,4,4,1.000000
gnp,8,17,3,3,1.000000
gnp,7,15,3,3,1.000000
gnp,8,17,3,3,1.000000
gnp,6,7,3,3,1.000000
gnp,13,21,7,7,1.000000
gnp,16,64,5,5,1.000000
gnp,13,46,4,4,1.000000
gnp,14,47,5,5,1.000000
gnp,13,35,5,5,1.000000
gnp,16,46,6,6,1.000000
gnp,16,38,7,7,1.000000
gnp,7,16,2,2,1.000000
gnp,10,19,4,4,1.000000
gnp,8,8,4,4,1.000000
gnp,8,21,3,3,1.000000
gnp,12,28,4,4,1.000000
gnp,12,12,7,7,1.000000
gnp,12,49,3,3,1.000000
gnp,15,39,6,6,1.000000
gnp,11,14,6,6,1.000000
gnp,12,35,4,4,1.000000
gnp,13,25,6,6,1.000000
gnp,13,12,8,8,1.000000
gnp,16,72,4,4,1.000000
gnp,8,18,3,3,1.000000
gnp,15,60,4,4,1.000000
gnp,15,62,4,4,1.000000
gnp,7,5,4,4,1.000000
gnp,13,21,7,7,1.000000
gnp,12,31,5,5,1.000000
gnp,11,19,5,5,1.000000
gnp,10,26,3,3,1.000000
gnp,10,34,3,3,1.000000
gnp,6,11,2,2,1.000000
gnp,11,16,6,6,1.000000
gnp,16,22,8,8,1.000000
gnp,9,9,6,6,1.000000
gnp,15,31,6,6,1.000000
gnp,13,50,4,4,1.000000
gnp,13,55,3,3,1.000000
gnp,8,11,4,4,1.000000
gnp,8,20,3,3,1.000000
gnp,15,17,9,9,1.000000
gnp,15,66,4,4,1.000000
gnp,12,56,2,2,1.000000
gnp,7,14,3,3,1.000000
gnp,7,14,3,3,1.000000
gnp,16,66,4,4,1.000000
gnp,15,72,3,3,1.000000
gnp,14,39,5,5,1.000000
gnp,7,10,3,3,1.000000
gnp,6,11,2,2,1.000000
gnp,7,8,3,3,1.000000
gnp,16,84,3,3,1.000000
gnp,8,17,3,3,1.000000
gnp,15,83,3,3,1.000000
gnp,13,45,3,3,1.000000
gnp,11,30,4,4,1.000000
gnp,10,36,3,3,1.000000
gnp,13,41,4,4,1.000000
gnp,11,8,7,7,1.000000
gnp,8,12,4,4,1.000000
gnp,10,18,4,4,1.000000
gnp,14,11,10,10,1.000000
gnp,7,5,4,4,1.000000
gnp,13,42,4,4,1.000000
gnp,13,46,4,4,1.000000
gnp,13,56,3,3,1.000000
gnp,10,12,5,5,1.000000
gnp,10,27,3,3,1.000000
gnp,13,44,5,5,1.000000
gnp,12,57,3,3,1.000000
gnp,11,33,3,3,1.000000
gnp,10,15,5,5,1.000000
gnp,9,16,4,4,1.000000
gnp,9,13,4,4,1.000000
gnp,10,27,3,3,1.000000
gnp,7,15,2,2,1.000000
gnp,9,17,4,4,1.000000
gnp,6,13,2,2,1.000000
gnp,10,7,6,6,1.000000
gnp,14,25,6,6,1.000000
gnp,16,93,3,3,1.000000
gnp,7,17,2,2,1.000000
gnp,13,36,4,4,1.000000
gnp,8,26,2,2,1.000000
gnp,13,14,8,8,1.000000
gnp,12,33,4,4,1.000000
gnp,8,11,4,4,1.000000
gnp,7,18,2,2,1.000000
gnp,14,57,4,4,1.000000
gnp,14,43,4,4,1.000000
gnp,10,37,3,3,1.000000
gnp,10,30,3,3,1.000000
gnp,15,82,3,3,1.000000
gnp,9,21,3,3,1.000000
gnp,16,26,9,9,1.000000
gnp,8,14,3,3,1.000000
gnp,6,9,3,3,1.000000
gnp,10,7,6,6,1.000000
gnp,10,36,2,2,1.000000
gnp,7,10,3,3,1.000000
gnp,16,65,4,4,1.000000
gnp,12,9,7,7,1.000000
gnp,16,37,6,6,1.000000
gnp,8,4,6,6,1.000000
gnp,10,19,4,4,1.000000
gnp,13,14,7,7,1.000000
gnp,12,54,2,2,1.000000
gnp,13,14,8,8,1.000000
gnp,12,44,3,3,1.000000
gnp,6,6,3,3,1.000000
gnp,16,87,3,3,1.000000
gnp,8,15,3,3,1.000000
gnp,10,12,5,5,1.000000
gnp,16,84,3,3,1.000000
gnp,13,35,5,5,1.000000
gnp,11,34,4,4,1.000000
gnp,11,20,5,5,1.000000
gnp,10,31,3,3,1.000000
gnp,14,16,7,7,1.000000
gnp,11,18,5,5,1.000000
gnp,12,52,3,3,1.000000
gnp,16,94,3,3,1.000000
gnp,12,10,7,7,1.000000
gnp,15,74,4,4,1.000000
gnp,6,4,4,4,1.000000
gnp,10,24,3,3,1.000000
gnp,7,1,6,6,1.000000
gnp,8,12,4,4,1.000000
gnp,14,37,5,5,1.000000
gnp,7,12,3,3,1.000000
gnp,16,77,4,4,1.000000
gnp,10,19,5,5,1.000000
gnp,12,47,3,3,1.000000
gnp,9,19,4,4,1.000000
gnp,12,27,5,5,1.000000
gnp,7,10,3,3,1.000000
gnp,11,39,3,3,1.000000
gnp,6,5,3,3,1.000000
gnp,15,65,3,3,1.000000
gnp,8,17,3,3,1.000000
gnp,11,15,5,5,1.000000
gnp,13,56,4,4,1.000000
gnp,9,21,3,3,1.000000
gnp,12,9,9,9,1.000000
gnp,12,31,4,4,1.000000
gnp,13,59,3,3,1.000000
gnp,14,70,3,3,1.000000
gnp,7,16,2,2,1.000000
gnp,7,10,3,3,1.000000
gnp,6,11,2,2,1.000000
gnp,16,106,3,3,1.000000
gnp,13,54,3,3,1.000000
gnp,11,37,3,3,1.000000
gnp,16,31,7,7,1.000000
gnp,16,82,4,4,1.000000
gnp,11,32,3,3,1.000000
gnp,14,22,6,6,1.000000
gnp,9,23,3,3,1.000000
gnp,9,25,3,3,1.000000
gnp,7,15,2,2,1.000000
gnp,13,21,6,6,1.000000
gnp,6,1,5,5,1.000000
gnp,10,24,3,3,1.000000
gnp,8,11,4,4,1.000000
gnp,15,71,4,4,1.000000
gnp,8,6,4,4,1.000000
gnp,15,71,4,4,1.000000
gnp,15,29,6,7,1.166667
gnp,16,43,6,6,1.000000
gnp,16,16,10,10,1.000000
gnp,10,31,3,3,1.000000
gnp,7,3,4,4,1.000000
gnp,15,43,5,5,1.000000
gnp,10,24,3,3,1.000000
gnp,9,29,2,2,1.000000
gnp,7,5,4,4,1.000000
gnp,15,36,6,6,1.000000
gnp,6,14,2,2,1.000000
gnp,10,5,8,8,1.000000
gnp,15,78,3,3,1.000000
gnp,9,18,5,5,1.000000
gnp,9,24,3,3,1.000000
gnp,16,90,3,3,1.000000
gnp,16,30,7,7,1.000000
gnp,10,31,3,3,1.000000
gnp,15,44,6,6,1.000000
gnp,7,19,2,2,1.000000
gnp,12,16,7,7,1.000000
gnp,14,64,4,4,1.000000
gnp,14,45,4,4,1.000000
gnp,8,9,4,4,1.000000
gnp,10,33,3,3,1.000000
gnp,7,8,3,3,1.000000
gnp,8,21,3,3,1.000000
gnp,16,77,4,4,1.000000
gnp,14,37,5,5,1.000000
gnp,6,4,4,4,1.000000
gnp,13,36,5,5,1.000000
gnp,15,42,6,6,1.000000
gnp,7,12,3,3,1.000000
gnp,6,8,3,3,1.000000
gnp,15,30,6,6,1.000000
gnp,16,94,4,4,1.000000
gnp,16,58,5,5,1.000000
gnp,6,14,2,2,1.000000
gnp,13,15,8,8,1.000000
gnp,14,18,8,8,1.000000
gnp,11,38,3,3,1.000000
gnp,15,73,4,4,1.000000
gnp,12,34,4,4,1.000000
gnp,15,51,5,5,1.000000
gnp,6,11,2,2,1.000000
gnp,13,32,5,5,1.000000
gnp,11,12,7,7,1.000000
gnp,14,74,3,3,1.000000
gnp,6,5,3,3,1.000000
gnp,7,14,2,2,1.000000
gnp,7,8,4,4,1.000000
gnp,6,7,3,3,1.000000
gnp,8,21,2,2,1.000000
gnp,7,14,3,3,1.000000
gnp,15,26,6,6,1.000000
gnp,11,37,3,3,1.000000
gnp,10,26,4,4,1.000000
gnp,8,16,4,4,1.000000
gnp,7,13,3,3,1.000000
gnp,8,5,5,5,1.000000
gnp,15,42,5,5,1.000000
gnp,10,5,7,7,1.000000
gnp,14,23,7,7,1.000000
gnp,13,42,4,4,1.000000
gnp,14,53,4,4,1.000000
gnp,14,26,6,6,1.000000
gnp,16,69,4,4,1.000000
gnp,16,100,3,3,1.000000
gnp,13,52,4,4,1.000000
gnp,16,21,8,8,1.000000
gnp,7,17,2,2,1.000000
gnp,15,26,7,7,1.000000
gnp,10,27,3,3,1.000000
gnp,12,57,3,3,1.000000
gnp,13,43,5,5,1.000000
gnp,7,14,2,2,1.000000
gnp,16,77,4,4,1.000000
gnp,12,26,6,6,1.000000
gnp,12,25,5,5,1.000000
gnp,12,36,4,4,1.000000
gnp,11,19,6,6,1.000000
gnp,11,49,2,2,1.000000
gnp,7,5,5,5,1.000000
gnp,7,7,4,4,1.000000
gnp,8,15,3,3,1.000000
gnp,16,28,10,10,1.000000
gnp,16,95,3,3,1.000000
gnp,6,11,2,2,1.000000
gnp,11,10,7,7,1.000000
gnp,8,18,3,3,1.000000
gnp,7,10,3,3,1.000000
gnp,7,16,3,3,1.000000
gnp,12,45,3,3,1.000000
gnp,15,84,3,3,1.000000
gnp,6,3,5,5,1.000000
gnp,11,19,5,5,1.000000
gnp,8,13,4,4,1.000000
gnp,7,2,6,6,1.000000
gnp,7,13,3,3,1.000000
gnp,12,22,5,5,1.000000
gnp,8,10,4,4,1.000000
gnp,15,55,4,4,1.000000
gnp,8,6,6,6,1.000000
gnp,16,20,8,8,1.000000
gnp,16,51,6,6,1.000000
gnp,12,15,6,6,1.000000
gnp,11,25,4,4,1.000000
gnp,16,80,4,4,1.000000
gnp,14,59,4,4,1.000000
gnp,9,16,4,4,1.000000
gnp,6,6,3,3,1.000000
gnp,8,21,2,2,1.000000
gnp,11,14,6,6,1.000000
gnp,12,18,6,6,1.000000
gnp,14,59,4,4,1.000000
gnp,7,7,4,4,1.000000
gnp,12,7,8,8,1.000000
gnp,11,30,4,4,1.000000
gnp,16,44,6,6,1.000000
gnp,12,10,7,7,1.000000
gnp,8,20,3,3,1.000000
gnp,11,10,7,7,1.000000
gnp,9,11,4,4,1.000000
gnp,14,16,8,8,1.000000
gnp,11,18,5,5,1.000000
gnp,7,12,3,3,1.000000
gnp,14,45,4,4,1.000000
gnp,11,36,4,4,1.000000
gnp,9,7,6,6,1.000000
gnp,9,10,6,6,1.000000
gnp,16,25,7,7,1.000000
gnp,13,57,3,3,1.000000
gnp,16,97,3,3,1.000000
gnp,16,44,6,6,1.000000
gnp,7,12,4,4,1.000000
gnp,10,26,4,4,1.000000
gnp,14,14,9,9,1.000000
gnp,13,20,6,6,1.000000
gnp,10,7,6,6,1.000000
gnp,15,58,4,4,1.000000
gnp,13,49,3,3,1.000000
gnp,13,61,3,3,1.000000
gnp,11,28,4,4,1.000000
gnp,6,8,3,3,1.000000
gnp,7,13,2,2,1.000000
gnp,6,7,3,3,1.000000
gnp,13,45,4,4,1.000000
gnp,11,26,4,4,1.000000
gnp,12,34,4,4,1.000000
gnp,16,68,5,5,1.000000
gnp,7,7,4,4,1.000000
gnp,10,14,5,5,1.000000
gnp,11,11,6,6,1.000000
gnp,11,19,5,5,1.000000
gnp,8,20,2,2,1.000000
gnp,10,23,4,4,1.000000
gnp,8,16,3,3,1.000000
gnp,16,72,5,5,1.000000
gnp,6,5,4,4,1.000000
gnp,9,13,4,4,1.000000
gnp,9,8,5,5,1.000000
gnp,8,5,5,5,1.000000
gnp,14,60,4,4,1.000000
gnp,16,45,6,6,1.000000
gnp,15,37,6,6,1.000000
gnp,8,21,2,2,1.000000
gnp,13,16,7,7,1.000000
gnp,16,71,4,4,1.000000
gnp,15,41,6,6,1.000000
gnp,9,20,3,3,1.000000
gnp,13,61,2,2,1.000000
gnp,11,33,3,3,1.000000
gnp,13,49,5,5,1.000000
gnp,14,54,4,4,1.000000
gnp,9,28,3,3,1.000000
gnp,10,4,7,7,1.000000
gnp,11,36,3,3,1.000000
gnp,14,69,3,3,1.000000
gnp,7,18,2,2,1.000000
gnp,13,67,3,3,1.000000
gnp,12,11,8,8,1.000000
gnp,13,59,3,3,1.000000
gnp,12,9,7,7,1.000000
gnp,9,14,4,4,1.000000
gnp,11,17,5,5,1.000000
gnp,7,15,2,2,1.000000
gnp,8,4,5,5,1.000000
gnp,13,46,4,4,1.000000
gnp,13,32,5,5,1.000000
gnp,7,5,4,4,1.000000
gnp,8,15,3,3,1.000000
gnp,7,18,2,2,1.000000
gnp,10,7,6,6,1.000000
gnp,12,38,4,4,1.000000
gnp,7,4,5,5,1.000000
gnp,15,50,5,5,1.000000
gnp,8,9,4,4,1.000000
gnp,15,35,6,6,1.000000
gnp,8,19,3,3,1.000000
gnp,14,78,2,2,1.000000
gnp,14,43,5,5,1.000000
gnp,12,49,3,3,1.000000
gnp,16,56,5,5,1.000000
gnp,10,24,3,3,1.000000
gnp,7,14,2,2,1.000000
gnp,15,77,3,3,1.000000
gnp,8,6,5,5,1.000000
gnp,16,31,7,7,1.000000
gnp,13,42,5,5,1.000000
gnp,7,14,3,3,1.000000
gnp,6,4,3,3,1.000000
gnp,9,28,2,2,1.000000
gnp,10,25,4,4,1.000000
gnp,10,8,7,7,1.000000
gnp,10,27,3,3,1.000000
gnp,16,49,5,5,1.000000
gnp,11,30,4,4,1.000000
gnp,13,56,3,3,1.000000
gnp,11,48,2,2,1.000000
gnp,13,32,4,4,1.000000
gnp,7,13,2,2,1.000000
gnp,12,39,3,3,1.000000
gnp,14,34,5,5,1.000000
gnp,7,9,3,3,1.000000
gnp,10,21,4,4,1.000000
gnp,8,19,3,3,1.000000
gnp,13,14,7,7,1.000000
gnp,15,94,3,3,1.000000
gnp,16,93,3,3,1.000000
gnp,7,12,2,2,1.000000
gnp,11,32,4,4,1.000000
gnp,6,2,5,5,1.000000
gnp,6,3,4,4,1.000000
gnp,16,45,7,7,1.000000
gnp,15,12,9,9,1.000000
gnp,16,56,5,5,1.000000
gnp,11,21,5,5,1.000000
gnp,15,25,7,7,1.000000
gnp,12,17,6,6,1.000000
gnp,9,30,3,3,1.000000
gnp,8,12,4,4,1.000000
gnp,14,26,7,7,1.000000
gnp,13,30,5,5,1.000000
gnp,13,25,6,6,1.000000
gnp,7,8,3,3,1.000000
gnp,7,16,2,2,1.000000
gnp,16,43,7,7,1.000000
gnp,14,49,4,4,1.000000
gnp,8,17,3,3,1.000000
gnp,11,27,4,4,1.000000
gnp,9,26,3,3,1.000000
gnp,13,19,6,6,1.000000
gnp,13,50,3,3,1.000000
gnp,15,79,3,3,1.000000
gnp,10,22,4,4,1.000000
gnp,14,39,6,6,1.000000
gnp,15,21,7,7,1.000000
gnp,16,26,8,8,1.000000
gnp,16,65,5,5,1.000000
gnp,14,57,4,4,1.000000
gnp,8,16,3,3,1.000000
gnp,7,12,3,3,1.000000
gnp,8,8,4,4,1.000000
gnp,11,42,3,3,1.000000
gnp,7,9,4,4,1.000000
gnp,8,13,3,3,1.000000
gnp,14,63,4,4,1.000000
gnp,8,19,3,3,1.000000
gnp,15,13,8,8,1.000000
gnp,7,4,5,5,1.000000
gnp,16,36,7,7,1.000000
gnp,15,64,4,4,1.000000
gnp,16,65,4,4,1.000000
gnp,13,26,6,6,1.000000
gnp,10,23,3,3,1.000000
gnp,8,12,4,4,1.000000
gnp,13,25,6,6,1.000000
gnp,11,37,3,3,1.000000
gnp,11,47,2,2,1.000000
gnp,11,26,4,4,1.000000
gnp,11,23,5,5,1.000000
gnp,10,23,4,4,1.000000
gnp,7,5,5,5,1.000000
gnp,15,47,5,5,1.000000
gnp,11,47,2,2,1.000000
gnp,9,24,3,3,1.000000
gnp,14,46,5,5,1.000000
gnp,13,15,8,8,1.000000
gnp,14,37,5,5,1.000000
gnp,9,20,3,3,1.000000
gnp,6,4,4,4,1.000000
gnp,10,19,4,4,1.000000
gnp,12,18,5,5,1.000000
gnp,11,40,3,3,1.000000
gnp,6,7,3,3,1.000000
gnp,11,25,5,5,1.000000
gnp,12,42,3,3,1.000000
gnp,15,65,4,4,1.000000
gnp,8,24,2,2,1.000000
gnp,11,40,2,2,1.000000
gnp,14,71,3,3,1.000000
gnp,9,19,4,4,1.000000
gnp,14,16,7,7,1.000000
gnp,8,17,3,3,1.000000
gnp,14,43,6,6,1.000000
gnp,11,38,3,3,1.000000
gnp,8,9,5,5,1.000000
gnp,15,42,6,6,1.000000
gnp,15,38,6,6,1.000000
gnp,11,23,5,5,1.000000
gnp,12,34,4,4,1.000000
gnp,15,47,5,5,1.000000
gnp,6,9,2,2,1.000000
gnp,14,60,4,4,1.000000
gnp,8,15,4,4,1.000000
gnp,6,9,3,3,1.000000
gnp,9,5,6,6,1.000000
gnp,12,17,6,6,1.000000
gnp,12,30,5,5,1.000000
gnp,6,11,2,2,1.000000
gnp,14,40,5,5,1.000000
gnp,14,37,5,5,1.000000
gnp,13,64,3,3,1.000000
gnp,14,42,5,5,1.000000
gnp,15,52,5,5,1.000000
gnp,10,25,4,4,1.000000
gnp,10,28,3,3,1.000000
gnp,13,27,5,5,1.000000
gnp,14,76,3,3,1.000000
gnp,10,10,5,5,1.000000
gnp,12,43,3,3,1.000000
gnp,10,9,6,6,1.000000
gnp,11,39,3,3,1.000000
gnp,13,17,7,7,1.000000
gnp,14,60,4,4,1.000000
gnp,7,14,3,3,1.000000
gnp,9,8,6,6,1.000000
gnp,16,37,6,6,1.000000
gnp,12,28,5,5,1.000000
gnp,7,13,3,3,1.000000
gnp,6,13,2,2,1.000000
gnp,12,41,4,4,1.000000
gnp,13,52,3,3,1.000000
gnp,11,24,5,5,1.000000
gnp,7,11,3,3,1.000000
gnp,14,65,4,4,1.000000
gnp,8,11,3,3,1.000000
gnp,6,11,2,2,1.000000
gnp,13,25,6,6,1.000000
gnp,6,2,5,5,1.000000
gnp,11,23,5,5,1.000000
gnp,8,23,2,2,1.000000
gnp,10,20,5,5,1.000000
gnp,11,20,5,5,1.000000
gnp,16,37,7,7,1.000000
gnp,6,8,3,3,1.000000
gnp,15,70,4,4,1.000000
gnp,8,20,3,3,1.000000
gnp,12,37,4,4,1.000000
gnp,12,44,3,3,1.000000
gnp,8,9,4,4,1.000000
gnp,6,4,4,4,1.000000
gnp,13,59,3,3,1.000000
gnp,10,27,3,3,1.000000
gnp,10,26,3,3,1.000000
gnp,6,9,3,3,1.000000
gnp,10,11,6,6,1.000000
gnp,7,16,2,2,1.000000
gnp,11,33,3,3,1.000000
gnp,8,17,3,3,1.000000
gnp,15,45,5,5,1.000000
gnp,14,62,3,3,1.000000
gnp,9,25,3,3,1.000000
gnp,14,43,5,5,1.000000
gnp,7,14,3,3,1.000000
gnp,6,10,2,2,1.000000
gnp,15,64,4,4,1.000000
gnp,11,42,3,3,1.000000
gnp,7,9,3,3,1.000000
gnp,7,18,2,2,1.000000
gnp,6,8,2,2,1.000000
gnp,13,39,5,5,1.000000
gnp,16,95,3,3,1.000000
gnp,12,22,5,5,1.000000
gnp,9,19,3,3,1.000000
gnp,12,24,6,6,1.000000
gnp,14,78,2,2,1.000000
gnp,13,12,8,8,1.000000
gnp,8,18,3,3,1.000000
gnp,11,52,2,2,1.000000
gnp,13,60,3,3,1.000000
gnp,12,10,7,7,1.000000
gnp,16,95,3,3,1.000000
gnp,8,27,2,2,1.000000
gnp,14,18,7,7,1.000000
gnp,6,9,2,2,1.000000
gnp,13,48,4,4,1.000000
gnp,14,44,5,5,1.000000
gnp,9,16,4,4,1.000000
gnp,10,14,5,5,1.000000
gnp,6,11,2,2,1.000000
gnp,15,72,4,4,1.000000
gnp,9,10,4,4,1.000000
gnp,15,16,9,9,1.000000
gnp,9,27,3,3,1.000000
gnp,13,17,7,7,1.000000
gnp,6,3,4,4,1.000000
gnp,9,25,3,3,1.000000
gnp,15,56,4,4,1.000000
gnp,9,13,4,4,1.000000
gnp,16,50,6,6,1.000000
gnp,10,14,4,4,1.000000
gnp,16,79,4,4,1.000000
gnp,6,15,1,1,1.000000
gnp,14,35,5,5,1.000000
gnp,12,17,6,6,1.000000
gnp,8,23,2,2,1.000000
gnp,9,25,3,3,1.000000
gnp,8,19,3,3,1.000000
gnp,14,43,5,5,1.000000
gnp,14,50,4,4,1.000000
gnp,9,9,5,5,1.000000
gnp,16,30,8,8,1.000000
gnp,11,13,6,6,1.000000
gnp,6,7,3,3,1.000000
gnp,7,4,4,4,1.000000
gnp,13,24,5,5,1.000000
gnp,10,39,2,2,1.000000
gnp,9,26,3,3,1.000000
gnp,13,64,3,3,1.000000
gnp,12,47,3,3,1.000000
gnp,10,17,5,5,1.000000
gnp,10,15,5,5,1.000000
gnp,13,20,7,7,1.000000
gnp,11,44,3,3,1.000000
gnp,11,20,5,5,1.000000
gnp,8,5,5,5,1.000000
gnp,10,10,6,6,1.000000
gnp,9,15,4,4,1.000000
gnp,13,45,3,3,1.000000
gnp,10,32,3,3,1.000000
gnp,16,89,3,3,1.000000
gnp,8,20,3,3,1.000000
gnp,8,5,5,5,1.000000
gnp,8,22,2,2,1.000000
gnp,14,14,7,7,1.000000
gnp,16,29,7,7,1.000000
gnp,12,15,6,6,1.000000
gnp,7,13,3,3,1.000000
gnp,9,17,4,4,1.000000
gnp,6,13,2,2,1.000000
gnp,16,59,5,5,1.000000
gnp,14,58,3,3,1.000000
gnp,6,7,3,3,1.000000
gnp,14,78,2,2,1.000000
gnp,14,69,3,3,1.000000
gnp,8,9,4,4,1.000000
gnp,14,23,8,8,1.000000
gnp,15,54,5,5,1.000000
gnp,10,35,2,2,1.000000
gnp,11,43,3,3,1.000000
gnp,15,39,5,5,1.000000
gnp,10,24,3,3,1.000000
gnp,16,98,3,3,1.000000
gnp,7,8,3,3,1.000000
gnp,14,47,5,5,1.000000
gnp,8,7,6,6,1.000000
gnp,16,67,5,5,1.000000
gnp,14,69,3,3,1.000000
gnp,9,28,3,3,1.000000
gnp,10,6,8,8,1.000000
gnp,16,101,3,3,1.000000
gnp,8,23,2,2,1.000000
gnp,6,12,2,2,1.000000
gnp,12,56,2,2,1.000000
gnp,8,12,4,4,1.000000
gnp,16,91,4,4,1.000000
gnp,12,42,3,3,1.000000
gnp,7,12,3,3,1.000000
gnp,6,2,4,4,1.000000
gnp,7,6,5,5,1.000000
gnp,11,8,8,8,1.000000
gnp,13,44,4,4,1.000000
gnp,14,72,3,3,1.000000
gnp,8,17,3,3,1.000000
gnp,7,18,2,2,1.000000
gnp,9,24,3,3,1.000000
gnp,10,14,5,5,1.000000
gnp,12,30,4,4,1.000000
gnp,7,3,4,4,1.000000
gnp,13,26,7,7,1.000000
gnp,7,5,5,5,1.000000
gnp,12,33,4,4,1.000000
gnp,7,3,5,5,1.000000
gnp,14,14,8,8,1.000000
gnp,12,12,7,7,1.000000
gnp,12,41,4,4,1.000000
gnp,15,56,5,5,1.000000
gnp,8,8,4,4,1.000000
gnp,10,17,4,4,1.000000
gnp,8,19,3,3,1.000000
gnp,10,26,3,3,1.000000
gnp,11,18,5,5,1.000000
gnp,16,53,5,5,1.000000
gnp,13,21,6,6,1.000000
gnp,6,13,2,2,1.000000
gnp,15,40,5,5,1.000000
gnp,13,33,5,5,1.000000
gnp,10,29,3,3,1.000000
gnp,13,22,6,6,1.000000
gnp,11,18,5,5,1.000000
gnp,15,79,3,3,1.000000
gnp,12,19,6,6,1.000000
gnp,11,12,6,6,1.000000
gnp,15,90,3,3,1.000000
gnp,16,77,4,4,1.000000
gnp,13,61,3,3,1.000000
gnp,13,53,3,3,1.000000
gnp,12,49,3,3,1.000000
gnp,16,44,7,7,1.000000
gnp,16,30,8,8,1.000000
gnp,12,13,6,6,1.000000
gnp,15,46,6,6,1.000000
gnp,14,17,8,8,1.000000
gnp,14,50,4,4,1.000000
gnp,7,16,2,2,1.000000
gnp,8,17,3,3,1.000000
gnp,15,90,3,3,1.000000
gnp,11,40,3,3,1.000000
gnp,7,3,5,5,1.000000
gnp,9,17,4,4,1.000000
gnp,13,28,6,6,1.000000
gnp,16,63,4,4,1.000000
gnp,11,49,2,2,1.000000
gnp,7,7,4,4,1.000000
gnp,7,15,2,2,1.000000
gnp,11,24,4,4,1.000000
gnp,9,17,3,3,1.000000
gnp,13,18,6,6,1.000000
gnp,11,9,7,7,1.000000
gnp,7,3,5,5,1.000000
gnp,16,25,7,7,1.000000
gnp,9,17,4,4,1.000000
gnp,11,30,5,5,1.000000
gnp,9,27,3,3,1.000000
gnp,8,17,3,3,1.000000
gnp,12,8,7,7,1.000000
gnp,13,36,4,4,1.000000
gnp,6,8,4,4,1.000000
gnp,10,32,3,3,1.000000
gnp,15,29,7,7,1.000000
gnp,11,21,5,5,1.000000
gnp,7,8,4,4,1.000000
gnp,14,76,3,3,1.000000
gnp,15,39,5,5,1.000000
gnp,15,19,8,8,1.000000
gnp,13,48,3,3,1.000000
gnp,15,63,4,4,1.000000
gnp,11,14,6,6,1.000000
gnp,7,9,3,3,1.000000
gnp,14,44,4,4,1.000000
gnp,15,47,5,5,1.000000
gnp,13,41,4,4,1.000000
gnp,14,27,7,7,1.000000
gnp,8,12,3,3,1.000000
gnp,15,23,7,7,1.000000
gnp,6,10,3,3,1.000000
gnp,12,56,3,3,1.000000
gnp,12,42,4,4,1.000000
gnp,13,32,5,5,1.000000
gnp,15,18,9,9,1.000000
gnp,10,9,6,6,1.000000
gnp,14,26,6,6,1.000000
gnp,15,73,4,4,1.000000
gnp,14,47,4,4,1.000000
gnp,10,32,3,3,1.000000
gnp,14,66,4,4,1.000000
gnp,13,44,4,4,1.000000
gnp,7,10,3,3,1.000000
gnp,10,35,2,2,1.000000
gnp,13,20,7,7,1.000000
gnp,13,54,3,3,1.000000
gnp,9,15,4,4,1.000000
gnp,15,55,5,5,1.000000
gnp,15,19,7,7,1.000000
gnp,9,27,3,3,1.000000
gnp,14,35,5,5,1.000000
gnp,11,44,2,2,1.000000
gnp,10,25,4,4,1.000000
gnp,8,26,2,2,1.000000
gnp,6,14,2,2,1.000000
gnp,8,9,5,5,1.000000
gnp,9,27,3,3,1.000000
gnp,13,21,6,6,1.000000
gnp,16,57,5,5,1.000000
gnp,7,11,3,3,1.000000
gnp,12,35,4,4,1.000000
gnp,11,23,5,5,1.000000
gnp,11,31,4,4,1.000000
gnp,13,41,4,4,1.000000
gnp,7,18,2,2,1.000000
gnp,9,27,3,3,1.000000
gnp,13,27,6,6,1.000000
gnp,11,26,4,4,1.000000
gnp,15,74,3,3,1.000000
gnp,16,84,4,4,1.000000
gnp,7,13,3,3,1.000000
gnp,6,3,4,4,1.000000
gnp,13,38,4,4,1.000000
gnp,9,30,2,2,1.000000
gnp,16,42,6,6,1.000000
gnp,7,11,3,3,1.000000
gnp,7,8,3,3,1.000000
gnp,6,6,4,4,1.000000
gnp,9,14,4,4,1.000000
gnp,7,4,4,4,1.000000
gnp,7,5,4,4,1.000000
gnp,14,58,4,4,1.000000
gnp,6,7,3,3,1.000000
gnp,12,46,4,4,1.000000
gnp,7,4,5,5,1.000000
gnp,7,5,5,5,1.000000
gnp,10,12,5,5,1.000000
gnp,16,94,3,3,1.000000
gnp,7,11,3,3,1.000000
gnp,15,64,4,4,1.000000
gnp,11,39,3,3,1.000000
gnp,12,31,4,4,1.000000
gnp,9,9,5,5,1.000000
gnp,8,19,3,3,1.000000
gnp,11,49,2,2,1.000000
gnp,8,12,4,4,1.000000
gnp,9,20,4,4,1.000000
gnp,6,11,2,2,1.000000
gnp,9,19,4,4,1.000000
gnp,12,22,5,5,1.000000
gnp,9,19,3,3,1.000000
gnp,9,16,5,5,1.000000
gnp,14,67,3,3,1.000000
gnp,11,47,2,2,1.000000
gnp,12,45,3,3,1.000000
gnp,11,38,3,3,1.000000
gnp,13,64,3,3,1.000000
gnp,6,14,2,2,1.000000
gnp,10,12,5,5,1.000000
gnp,12,31,4,4,1.000000
gnp,12,51,3,3,1.000000
gnp,16,53,5,5,1.000000
gnp,10,15,5,5,1.000000
gnp,14,72,3,3,1.000000
gnp,14,28,5,5,1.000000
gnp,10,34,2,2,1.000000
gnp,6,5,3,3,1.000000
gnp,7,9,3,3,1.000000
gnp,10,31,3,3,1.000000
gnp,7,1,6,6,1.000000
gnp,6,3,4,4,1.000000
gnp,14,48,5,5,1.000000
gnp,8,8,4,4,1.000000
gnp,7,13,3,3,1.000000
gnp,11,42,3,3,1.000000
gnp,14,20,8,8,1.000000
gnp,13,33,5,5,1.000000
gnp,6,10,3,3,1.000000
gnp,11,17,5,5,1.000000
gnp,15,66,4,4,1.000000
gnp,9,28,3,3,1.000000
gnp,6,11,2,2,1.000000
gnp,9,6,6,6,1.000000
gnp,12,51,3,3,1.000000
gnp,6,11,2,2,1.000000
gnp,9,13,5,5,1.000000
gnp,11,20,5,5,1.000000
gnp,15,39,5,5,1.000000
gnp,8,7,4,4,1.000000
gnp,12,7,8,8,1.000000
gnp,10,27,4,4,1.000000
gnp,11,10,6,6,1.000000
gnp,6,3,4,4,1.000000
gnp,15,73,3,3,1.000000
gnp,13,33,4,4,1.000000
gnp,9,17,4,4,1.000000
gnp,8,5,5,5,1.000000
gnp,6,4,4,4,1.000000
gnp,16,82,4,4,1.000000
gnp,11,14,6,6,1.000000
gnp,10,8,6,6,1.000000
gnp,12,41,4,4,1.000000
gnp,8,19,3,3,1.000000
gnp,6,12,2,2,1.000000
gnp,11,26,4,4,1.000000
gnp,15,29,6,6,1.000000
gnp,16,89,3,3,1.000000
gnp,15,50,5,5,1.000000
gnp,16,96,3,3,1.000000
gnp,10,14,5,5,1.000000
gnp,12,43,4,4,1.000000
gnp,11,22,5,5,1.000000
gnp,7,16,3,3,1.000000
gnp,15,21,8,8,1.000000
gnp,8,17,3,3,1.000000
gnp,12,10,7,7,1.000000
gnp,9,21,3,3,1.000000
gnp,10,34,3,3,1.000000
gnp,8,18,3,3,1.000000
gnp,15,20,8,8,1.000000
gnp,8,4,6,6,1.000000
gnp,11,20,5,5,1.000000
gnp,16,39,6,6,1.000000
gnp,6,12,2,2,1.000000
gnp,14,61,4,4,1.000000
gnp,7,13,2,2,1.000000
gnp,7,4,5,5,1.000000
gnp,8,7,5,5,1.000000
gnp,11,40,3,3,1.000000
gnp,15,63,5,5,1.000000
gnp,6,12,2,2,1.000000
gnp,16,54,5,5,1.000000
gnp,7,15,2,2,1.000000
gnp,7,5,4,4,1.000000
gnp,6,3,4,4,1.000000
gnp,12,32,5,5,1.000000
gnp,16,51,5,5,1.000000
gnp,9,29,3,3,1.000000
gnp,10,19,4,4,1.000000
gnp,6,10,2,2,1.000000
gnp,16,47,5,5,1.000000
gnp,14,38,5,5,1.000000
gnp,10,22,4,4,1.000000
gnp,9,22,3,3,1.000000
gnp,16,100,3,3,1.000000
gnp,12,41,4,4,1.000000
gnp,13,36,4,4,1.000000
gnp,11,44,2,2,1.000000
gnp,12,22,6,6,1.000000
gnp,11,32,3,3,1.000000
gnp,10,7,7,7,1.000000
gnp,14,43,5,5,1.000000
gnp,8,9,5,5,1.000000
gnp,10,21,4,4,1.000000
gnp,9,17,4,4,1.000000
gnp,11,39,4,4,1.000000
gnp,8,6,5,5,1.000000
gnp,11,45,3,3,1.000000
gnp,11,42,3,3,1.000000
gnp,15,86,3,3,1.000000
gnp,14,36,5,5,1.000000
gnp,6,7,3,3,1.000000
gnp,15,29,7,7,1.000000
gnp,6,8,3,3,1.000000
gnp,8,11,4,4,1.000000
gnp,11,5,8,8,1.000000
gnp,15,78,3,3,1.000000
gnp,7,14,2,2,1.000000
gnp,7,4,5,5,1.000000
gnp,15,19,9,9,1.000000
gnp,11,12,6,6,1.000000
gnp,12,45,3,3,1.000000
gnp,16,42,5,5,1.000000
gnp,9,23,3,3,1.000000
gnp,12,26,5,5,1.000000
gnp,8,9,4,4,1.000000
gnp,15,46,5,5,1.000000
gnp,8,14,3,3,1.000000
gnp,16,67,4,4,1.000000
gnp,8,11,4,4,1.000000
gnp,9,13,5,5,1.000000
gnp,8,19,3,3,1.000000
gnp,16,69,4,4,1.000000
gnp,13,10,9,9,1.000000
gnp,9,25,3,3,1.000000
gnp,10,32,3,3,1.000000
gnp,6,8,2,2,1.000000
gnp,8,21,2,2,1.000000
gnp,12,21,5,5,1.000000
gnp,7,14,3,3,1.000000
gnp,8,14,3,3,1.000000
gnp,10,11,5,5,1.000000
gnp,7,7,4,4,1.000000
gnp,12,19,6,6,1.000000
gnp,14,74,3,3,1.000000
gnp,11,34,3,3,1.000000
gnp,6,4,4,4,1.000000
gnp,15,79,3,3,1.000000
gnp,6,3,4,4,1.000000
gnp,9,20,4,4,1.000000
gnp,16,40,6,6,1.000000
gnp,7,3,5,5,1.000000
gnp,8,3,6,6,1.000000
gnp,12,11,7,7,1.000000
gnp,9,9,4,4,1.000000
gnp,8,10,4,4,1.000000
gnp,13,55,3,3,1.000000
gnp,12,41,3,3,1.000000
gnp,7,14,3,3,1.000000
gnp,8,11,5,5,1.000000
gnp,11,11,6,6,1.000000
gnp,10,23,3,3,1.000000
gnp,9,27,3,3,1.000000
gnp,8,23,2,2,1.000000
gnp,7,12,3,3,1.000000
gnp,15,46,6,6,1.000000
gnp,12,47,4,4,1.000000
gnp,14,57,4,4,1.000000
gnp,15,79,3,3,1.000000
gnp,10,9,5,5,1.000000
gnp,14,53,5,5,1.000000
gnp,7,17,2,2,1.000000
gnp,8,23,2,2,1.000000
gnp,9,27,2,2,1.000000
gnp,6,8,3,3,1.000000
gnp,9,27,3,3,1.000000
gnp,15,37,6,6,1.000000
gnp,7,5,5,5,1.000000
gnp,14,28,6,6,1.000000
gnp,14,45,4,4,1.000000
gnp,15,59,4,4,1.000000
gnp,7,9,4,4,1.000000
gnp,15,67,4,4,1.000000
gnp,7,12,3,3,1.000000
gnp,10,37,2,2,1.000000
gnp,12,23,5,5,1.000000
gnp,15,54,5,5,1.000000
gnp,8,16,3,3,1.000000
gnp,15,62,4,4,1.000000
gnp,6,8,3,3,1.000000
gnp,9,6,6,6,1.000000
gnp,10,35,2,2,1.000000
gnp,11,39,3,3,1.000000
gnp,10,17,4,4,1.000000
gnp,16,30,8,8,1.000000
gnp,8,7,5,5,1.000000
gnp,11,16,6,6,1.000000
gnp,15,58,4,4,1.000000
gnp,13,18,7,7,1.000000
gnp,13,52,4,4,1.000000
gnp,6,11,2,2,1.000000
gnp,7,7,4,4,1.000000
gnp,8,17,3,3,1.000000
gnp,8,3,5,5,1.000000
gnp,6,4,4,4,1.000000
gnp,6,13,2,2,1.000000
gnp,10,24,3,3,1.000000
gnp,14,40,5,5,1.000000
gnp,16,21,7,7,1.000000
gnp,13,41,5,5,1.000000
gnp,13,42,4,4,1.000000
gnp,11,14,6,6,1.000000
gnp,7,7,4,4,1.000000
gnp,6,6,3,3,1.000000
gnp,9,23,3,3,1.000000
gnp,10,32,4,4,1.000000
gnp,16,16,10,10,1.000000
gnp,16,31,7,7,1.000000
gnp,9,11,5,5,1.000000
gnp,16,43,6,6,1.000000
gnp,11,24,5,5,1.000000
gnp,13,34,4,5,1.250000
gnp,15,23,8,8,1.000000
gnp,14,55,4,4,1.000000
gnp,10,27,3,3,1.000000
gnp,7,3,5,5,1.000000
gnp,16,48,6,6,1.000000
gnp,10,26,3,3,1.000000
gnp,9,9,5,5,1.000000
gnp,6,10,2,2,1.000000
gnp,16,50,6,6,1.000000
gnp,6,7,3,3,1.000000
gnp,10,30,3,3,1.000000
gnp,12,44,3,3,1.000000
gnp,11,30,4,4,1.000000
gnp,16,61,5,5,1.000000
gnp,16,51,5,5,1.000000
gnp,8,20,3,3,1.000000
gnp,10,10,6,6,1.000000
gnp,10,28,4,4,1.000000
gnp,16,90,3,3,1.000000
gnp,9,14,4,4,1.000000
gnp,12,46,3,3,1.000000
gnp,11,19,5,5,1.000000
gnp,13,60,3,3,1.000000
gnp,6,12,2,2,1.000000
gnp,13,59,3,3,1.000000
gnp,16,47,6,6,1.000000
gnp,12,18,6,6,1.000000
gnp,8,23,2,2,1.000000
gnp,12,51,3,3,1.000000
gnp,8,10,4,4,1.000000
gnp,7,10,3,3,1.000000
gnp,11,28,4,4,1.000000
gnp,13,27,5,5,1.000000
gnp,15,68,4,4,1.000000
gnp,7,2,6,6,1.000000
gnp,16,57,5,5,1.000000
gnp,13,28,5,5,1.000000
gnp,14,30,7,7,1.000000
gnp,6,13,2,2,1.000000
gnp,6,12,3,3,1.000000
gnp,9,24,3,3,1.000000
gnp,10,10,6,6,1.000000
gnp,14,49,4,4,1.000000
gnp,7,16,2,2,1.000000
gnp,10,23,4,4,1.000000
gnp,12,48,3,3,1.000000
gnp,11,47,3,3,1.000000
gnp,11,35,3,3,1.000000
gnp,12,9,8,8,1.000000
gnp,8,7,5,5,1.000000
gnp,15,51,4,4,1.000000
gnp,11,35,4,4,1.000000
gnp,12,59,2,2,1.000000
gnp,14,64,3,3,1.000000
gnp,16,27,7,7,1.000000
gnp,6,8,3,3,1.000000
gnp,13,31,5,5,1.000000
gnp,13,46,4,4,1.000000
gnp,16,67,5,5,1.000000
gnp,12,34,5,5,1.000000
gnp,15,63,4,4,1.000000
gnp,12,52,3,3,1.000000
gnp,14,65,3,3,1.000000
gnp,10,11,5,5,1.000000
gnp,13,23,6,6,1.000000
gnp,10,28,4,4,1.000000
gnp,11,32,4,4,1.000000
gnp,8,6,5,5,1.000000
gnp,9,21,4,4,1.000000
gnp,11,19,5,5,1.000000
gnp,16,35,7,7,1.000000
gnp,15,64,4,4,1.000000
gnp,7,15,3,3,1.000000
gnp,7,16,2,2,1.000000
gnp,13,69,2,2,1.000000
gnp,10,17,6,6,1.000000
gnp,8,23,2,2,1.000000
gnp,11,45,2,2,1.000000
gnp,12,41,4,4,1.000000
gnp,6,3,5,5,1.000000
gnp,16,79,4,4,1.000000
gnp,11,38,3,3,1.000000
gnp,7,9,4,4,1.000000
gnp,8,4,6,6,1.000000
gnp,13,22,6,6,1.000000
gnp,13,54,4,4,1.000000
gnp,7,5,4,4,1.000000
gnp,8,12,4,4,1.000000
gnp,15,66,4,4,1.000000
gnp,15,51,4,4,1.000000
gnp,15,24,8,8,1.000000
gnp,13,60,3,3,1.000000
gnp,12,27,5,5,1.000000
gnp,10,27,3,3,1.000000
gnp,16,58,6,6,1.000000
gnp,16,96,3,3,1.000000
gnp,12,38,4,4,1.000000
gnp,13,26,6,6,1.000000
gnp,8,24,2,2,1.000000
gnp,6,8,3,3,1.000000
gnp,14,67,3,3,1.000000
gnp,8,5,5,5,1.000000
gnp,11,18,7,7,1.000000
gnp,6,6,4,4,1.000000
gnp,12,46,4,4,1.000000
gnp,13,44,4,4,1.000000
gnp,7,14,3,3,1.000000
gnp,11,13,6,6,1.000000
gnp,16,19,9,9,1.000000
gnp,12,13,7,7,1.000000
gnp,7,14,2,2,1.000000
gnp,14,59,3,3,1.000000
gnp,11,21,5,5,1.000000
gnp,9,21,3,3,1.000000
gnp,14,65,3,3,1.000000
gnp,16,56,6,6,1.000000
gnp,7,3,4,4,1.000000
gnp,6,9,3,3,1.000000
gnp,14,57,4,4,1.000000
gnp,6,11,2,2,1.000000
gnp,8,22,2,2,1.000000
gnp,7,9,3,3,1.000000
gnp,9,8,6,6,1.000000
gnp,9,17,4,4,1.000000
gnp,11,6,9,9,1.000000
gnp,6,11,2,2,1.000000
gnp,13,42,5,5,1.000000
gnp,13,12,8,8,1.000000
gnp,14,69,3,3,1.000000
gnp,14,62,4,4,1.000000
gnp,15,28,7,7,1.000000
gnp,7,8,3,3,1.000000
gnp,14,72,3,3,1.000000
gnp,15,78,3,3,1.000000
gnp,10,23,4,4,1.000000
gnp,10,18,4,4,1.000000
gnp,8,13,4,4,1.000000
gnp,14,63,3,3,1.000000
gnp,9,10,5,5,1.000000
gnp,16,38,7,7,1.000000
gnp,16,102,3,3,1.000000
gnp,14,51,4,4,1.000000
gnp,7,19,2,2,1.000000
gnp,15,63,4,4,1.000000
gnp,16,78,5,5,1.000000
gnp,12,49,3,3,1.000000
gnp,6,6,3,3,1.000000
gnp,16,25,8,8,1.000000
gnp,8,27,2,2,1.000000
gnp,8,24,2,2,1.000000
gnp,9,24,3,3,1.000000
gnp,11,45,3,3,1.000000
gnp,15,90,3,3,1.000000
gnp,16,65,5,5,1.000000
gnp,14,66,4,4,1.000000
gnp,16,27,7,7,1.000000
gnp,12,28,4,4,1.000000
gnp,14,15,9,9,1.000000
gnp,9,20,4,4,1.000000
gnp,9,31,2,2,1.000000
gnp,15,61,4,4,1.000000
gnp,9,16,4,4,1.000000
gnp,16,24,8,8,1.000000
gnp,14,16,8,8,1.000000
gnp,12,16,7,7,1.000000
gnp,8,3,6,6,1.000000
gnp,6,7,3,3,1.000000
gnp,6,6,3,3,1.000000
gnp,15,13,9,9,1.000000
gnp,13,58,3,3,1.000000
gnp,7,15,2,2,1.000000
gnp,14,28,6,6,1.000000
gnp,14,10,9,9,1.000000
gnp,12,30,4,4,1.000000
gnp,7,6,4,4,1.000000
gnp,16,49,5,5,1.000000
gnp,10,13,5,5,1.000000
gnp,14,67,3,3,1.000000
gnp,7,11,4,4,1.000000
gnp,9,24,3,3,1.000000
gnp,6,12,2,2,1.000000
gnp,12,58,2,2,1.000000
gnp,12,23,5,5,1.000000
gnp,6,14,2,2,1.000000
gnp,14,55,4,4,1.000000
gnp,13,12,8,8,1.000000
gnp,11,26,4,4,1.000000
gnp,8,21,3,3,1.000000
gnp,16,24,8,8,1.000000
gnp,16,55,5,5,1.000000
gnp,9,23,3,3,1.000000
gnp,16,76,4,4,1.000000
gnp,16,26,9,9,1.000000
gnp,11,15,6,6,1.000000
gnp,6,3,4,4,1.000000
gnp,14,15,7,7,1.000000
gnp,10,18,5,5,1.000000
gnp,16,61,5,5,1.000000
gnp,6,5,4,4,1.000000
gnp,14,16,7,7,1.000000
gnp,15,18,9,9,1.000000
gnp,11,46,2,2,1.000000
gnp,10,32,3,3,1.000000
gnp,15,24,8,8,1.000000
gnp,12,23,5,5,1.000000
gnp,13,14,6,6,1.000000
gnp,8,17,3,3,1.000000
gnp,16,34,7,7,1.000000
gnp,6,5,3,3,1.000000
gnp,7,7,5,5,1.000000
gnp,14,49,4,4,1.000000
gnp,10,14,5,5,1.000000
gnp,9,15,4,4,1.000000
gnp,8,8,5,5,1.000000
gnp,9,13,5,5,1.000000
gnp,14,40,5,5,1.000000
gnp,10,33,2,2,1.000000
gnp,7,5,4,4,1.000000
gnp,11,25,5,5,1.000000
gnp,7,8,5,5,1.000000
gnp,9,13,4,4,1.000000
gnp,11,30,3,3,1.000000
gnp,15,33,7,7,1.000000
gnp,11,44,2,2,1.000000
gnp,6,9,2,2,1.000000
gnp,16,60,4,4,1.000000
gnp,8,19,3,3,1.000000
gnp,13,42,4,4,1.000000
gnp,10,21,4,4,1.000000
gnp,8,14,4,4,1.000000
gnp,10,36,2,2,1.000000
gnp,14,26,6,6,1.000000
gnp,7,19,2,2,1.000000
gnp,15,58,4,4,1.000000
gnp,6,9,2,2,1.000000
gnp,16,77,3,3,1.000000
gnp,12,20,5,5,1.000000
gnp,8,10,4,4,1.000000
gnp,12,24,5,5,1.000000
gnp,16,36,7,7,1.000000
gnp,14,22,7,7,1.000000
gnp,8,19,3,3,1.000000
gnp,13,58,3,3,1.000000
gnp,9,24,3,3,1.000000
gnp,7,6,4,4,1.000000
gnp,6,6,3,3,1.000000
gnp,12,36,5,5,1.000000
gnp,6,4,4,4,1.000000
gnp,7,11,3,3,1.000000
gnp,10,23,4,4,1.000000
gnp,12,37,4,4,1.000000
gnp,15,69,4,4,1.000000
gnp,14,26,6,6,1.000000
gnp,14,46,4,4,1.000000
gnp,13,55,3,3,1.000000
gnp,14,73,3,3,1.000000
gnp,8,8,4,4,1.000000
gnp,9,10,5,5,1.000000
gnp,11,29,4,4,1.000000
gnp,16,35,7,7,1.000000
gnp,7,9,3,3,1.000000
gnp,13,23,6,6,1.000000
gnp,16,88,3,3,1.000000
gnp,9,9,5,5,1.000000
gnp,8,17,3,3,1.000000
gnp,15,24,7,7,1.000000
gnp,10,32,3,3,1.000000
gnp,15,90,3,3,1.000000
gnp,16,81,4,4,1.000000
gnp,9,18,4,4,1.000000
gnp,13,22,8,8,1.000000
gnp,15,26,6,6,1.000000
gnp,15,58,4,4,1.000000
gnp,8,16,3,3,1.000000
gnp,13,43,4,4,1.000000
gnp,9,16,4,4,1.000000
gnp,7,2,5,5,1.000000
gnp,8,16,3,3,1.000000
gnp,13,62,3,3,1.000000
gnp,14,47,4,4,1.000000
gnp,7,8,4,4,1.000000
gnp,15,52,4,4,1.000000
gnp,16,70,4,4,1.000000
gnp,11,44,3,3,1.000000
gnp,9,25,3,3,1.000000
gnp,12,28,5,5,1.000000
gnp,12,22,6,6,1.000000
gnp,9,30,3,3,1.000000
gnp,10,25,4,4,1.000000
gnp,10,18,5,5,1.000000
gnp,15,52,5,5,1.000000
gnp,12,46,3,3,1.000000
gnp,12,29,4,4,1.000000
gnp,12,40,3,3,1.000000
gnp,10,33,3,3,1.000000
gnp,15,45,5,5,1.000000
gnp,16,58,5,5,1.000000
gnp,12,29,4,4,1.000000
gnp,8,14,3,3,1.000000
gnp,10,40,3,3,1.000000
gnp,12,45,3,3,1.000000
gnp,9,17,4,4,1.000000
gnp,7,10,3,3,1.000000
gnp,11,36,3,3,1.000000
gnp,8,17,3,3,1.000000
gnp,7,15,3,3,1.000000
gnp,15,45,5,5,1.000000
gnp,10,17,5,5,1.000000
gnp,15,17,7,7,1.000000
gnp,12,35,4,4,1.000000
gnp,15,28,7,7,1.000000
gnp,16,61,5,5,1.000000
gnp,9,28,2,2,1.000000
gnp,9,6,6,6,1.000000
gnp,15,35,7,7,1.000000
gnp,11,20,5,5,1.000000
gnp,8,6,5,5,1.000000
gnp,12,26,5,5,1.000000
gnp,12,35,3,4,1.333333
gnp,7,16,3,3,1.000000
gnp,14,67,3,3,1.000000
gnp,11,42,3,3,1.000000
gnp,9,22,3,3,1.000000
gnp,13,62,3,3,1.000000
gnp,10,18,5,5,1.000000
gnp,14,17,9,9,1.000000
gnp,11,49,2,2,1.000000
gnp,14,70,3,3,1.000000
gnp,13,67,3,3,1.000000
gnp,9,28,3,3,1.000000
gnp,16,59,4,4,1.000000
gnp,13,20,7,7,1.000000
gnp,12,38,4,4,1.000000
gnp,16,82,4,4,1.000000
gnp,12,52,3,3,1.000000
gnp,10,16,6,6,1.000000
gnp,12,45,3,3,1.000000
gnp,7,9,4,4,1.000000
gnp,13,28,6,6,1.000000
gnp,15,36,6,6,1.000000
gnp,13,52,3,3,1.000000
gnp,9,27,2,2,1.000000
gnp,9,12,4,4,1.000000
gnp,15,37,6,6,1.000000
gnp,7,16,2,2,1.000000
gnp,15,13,9,9,1.000000
gnp,13,28,5,5,1.000000
gnp,13,53,3,3,1.000000
gnp,13,22,6,6,1.000000
gnp,12,16,6,6,1.000000
gnp,6,8,3,3,1.000000
gnp,13,61,3,3,1.000000
gnp,14,32,5,5,1.000000
gnp,13,66,3,3,1.000000
gnp,11,35,3,3,1.000000
gnp,16,37,6,6,1.000000
gnp,11,25,3,3,1.000000
gnp,8,14,3,3,1.000000
gnp,10,26,4,4,1.000000
gnp,11,12,6,6,1.000000
gnp,9,20,4,4,1.000000
gnp,11,39,3,3,1.000000
gnp,13,18,7,7,1.000000
gnp,15,63,4,4,1.000000
gnp,10,28,3,3,1.000000
gnp,12,18,6,6,1.000000
gnp,13,54,3,3,1.000000
gnp,12,34,4,4,1.000000
gnp,13,33,5,5,1.000000
gnp,12,15,6,6,1.000000
gnp,6,4,4,4,1.000000
gnp,13,59,3,3,1.000000
gnp,13,48,3,3,1.000000
gnp,11,28,4,4,1.000000
gnp,11,10,6,6,1.000000
gnp,11,43,2,2,1.000000
gnp,15,57,4,4,1.000000
gnp,10,15,5,5,1.000000
gnp,13,62,3,3,1.000000
gnp,15,32,6,6,1.000000
gnp,8,17,3,3,1.000000
gnp,12,43,4,4,1.000000
gnp,7,2,6,6,1.000000
gnp,9,13,4,4,1.000000
gnp,10,31,3,3,1.000000
gnp,10,37,3,3,1.000000
gnp,15,51,5,5,1.000000
gnp,12,17,5,5,1.000000
gnp,8,20,3,3,1.000000
gnp,7,2,6,6,1.000000
gnp,7,3,4,4,1.000000
gnp,14,19,7,7,1.000000
gnp,14,64,3,3,1.000000
gnp,7,3,5,5,1.000000
gnp,7,8,4,4,1.000000
gnp,10,18,5,5,1.000000
gnp,13,42,5,5,1.000000
gnp,14,73,3,3,1.000000
gnp,6,8,3,3,1.000000
gnp,13,33,5,5,1.000000
gnp,14,45,4,4,1.000000
gnp,15,65,3,3,1.000000
gnp,14,65,4,4,1.000000
gnp,11,23,4,4,1.000000
gnp,7,12,3,3,1.000000
gnp,12,23,5,5,1.000000
gnp,6,4,4,4,1.000000
gnp,11,18,5,5,1.000000
gnp,13,64,2,2,1.000000
gnp,10,5,7,7,1.000000
gnp,10,28,4,4,1.000000
gnp,14,43,5,5,1.000000
gnp,14,41,5,5,1.000000
gnp,8,20,2,2,1.000000
gnp,12,23,6,6,1.000000
gnp,12,40,3,3,1.000000
gnp,10,22,6,6,1.000000
gnp,12,15,7,7,1.000000
gnp,8,12,3,3,1.000000
gnp,16,61,5,5,1.000000
gnp,10,29,3,3,1.000000
gnp,9,12,5,5,1.000000
gnp,6,14,2,2,1.000000
gnp,8,22,2,2,1.000000
gnp,10,12,5,5,1.000000
gnp,6,6,3,3,1.000000
gnp,6,9,2,2,1.000000
gnp,12,17,7,7,1.000000
gnp,11,21,4,4,1.000000
gnp,11,13,6,6,1.000000
gnp,6,7,3,3,1.000000
gnp,7,12,3,3,1.000000
gnp,9,28,3,3,1.000000
gnp,12,55,3,3,1.000000
gnp,9,14,4,4,1.000000
gnp,9,20,4,4,1.000000
gnp,9,15,4,4,1.000000
gnp,14,50,4,4,1.000000
gnp,13,33,4,4,1.000000
gnp,11,11,6,6,1.000000
gnp,14,44,5,5,1.000000
gnp,13,49,4,4,1.000000
gnp,11,43,3,3,1.000000
gnp,7,10,3,3,1.000000
gnp,11,10,7,7,1.000000
gnp,15,31,8,8,1.000000
gnp,6,13,2,2,1.000000
gnp,15,22,7,7,1.000000
gnp,9,7,5,5,1.000000
gnp,16,72,4,4,1.000000
gnp,6,6,3,3,1.000000
gnp,14,70,3,3,1.000000
gnp,13,22,6,6,1.000000
gnp,13,47,4,4,1.000000
gnp,12,22,6,6,1.000000
gnp,10,36,3,3,1.000000
gnp,13,45,3,3,1.000000
gnp,9,22,2,2,1.000000
gnp,11,29,4,4,1.000000
gnp,15,85,3,3,1.000000
gnp,7,12,3,3,1.000000
gnp,10,31,3,3,1.000000
gnp,13,11,7,7,1.000000
gnp,8,25,2,2,1.000000
gnp,15,26,7,7,1.000000
gnp,16,103,3,3,1.000000
gnp,9,17,4,4,1.000000
gnp,14,27,6,6,1.000000
gnp,11,28,5,5,1.000000
gnp,7,6,4,4,1.000000
gnp,6,11,2,2,1.000000
gnp,8,26,2,2,1.000000
gnp,7,13,2,2,1.000000
gnp,6,10,3,3,1.000000
gnp,16,42,6,6,1.000000
gnp,6,5,4,4,1.000000
gnp,6,11,2,2,1.000000
gnp,16,67,4,4,1.000000
gnp,13,57,3,3,1.000000
gnp,11,28,4,4,1.000000
gnp,11,40,3,3,1.000000
gnp,15,35,7,7,1.000000
gnp,7,16,3,3,1.000000
gnp,9,28,2,2,1.000000
gnp,7,16,2,2,1.000000
gnp,9,12,5,5,1.000000
gnp,15,65,4,4,1.000000
gnp,14,63,4,4,1.000000
gnp,7,13,3,3,1.000000
gnp,16,62,5,5,1.000000
gnp,7,8,4,4,1.000000
gnp,14,37,5,5,1.000000
gnp,16,28,7,7,1.000000
gnp,11,43,3,3,1.000000
gnp,11,32,3,3,1.000000
gnp,11,36,3,3,1.000000
gnp,12,49,2,2,1.000000
gnp,11,49,2,2,1.000000
gnp,12,9,7,7,1.000000
gnp,10,26,3,3,1.000000
gnp,10,8,5,5,1.000000
gnp,9,28,3,3,1.000000
gnp,10,40,2,2,1.000000
gnp,7,6,4,4,1.000000
gnp,8,10,4,4,1.000000
gnp,15,43,6,6,1.000000
gnp,10,5,8,8,1.000000
gnp,15,85,3,3,1.000000
gnp,11,37,3,3,1.000000
gnp,13,54,4,4,1.000000
gnp,15,62,4,4,1.000000
gnp,15,37,8,8,1.000000
gnp,11,29,4,4,1.000000
gnp,12,54,2,2,1.000000
gnp,9,22,3,3,1.000000
gnp,16,84,3,3,1.000000
gnp,6,3,4,4,1.000000
gnp,11,34,3,3,1.000000
gnp,11,18,5,5,1.000000
gnp,8,7,5,5,1.000000
gnp,13,51,3,3,1.000000
gnp,9,18,4,4,1.000000
gnp,8,9,4,4,1.000000
gnp,13,43,4,4,1.000000
gnp,14,37,6,6,1.000000
gnp,12,30,4,4,1.000000
gnp,8,20,3,3,1.000000
gnp,13,34,4,4,1.000000
gnp,14,43,5,5,1.000000
gnp,9,12,5,5,1.000000
gnp,11,39,3,3,1.000000
gnp,7,14,3,3,1.000000
gnp,11,18,6,6,1.000000
gnp,11,25,5,5,1.000000
gnp,10,16,5,5,1.000000
gnp,15,66,5,5,1.000000
gnp,15,30,6,6,1.000000
gnp,9,14,5,5,1.000000
gnp,8,16,3,3,1.000000
gnp,7,11,3,3,1.000000
gnp,15,89,3,3,1.000000
gnp,6,6,3,3,1.000000
gnp,10,20,5,5,1.000000
gnp,11,15,8,8,1.000000
gnp,9,19,3,3,1.000000
gnp,14,39,5,5,1.000000
gnp,16,24,8,8,1.000000
gnp,10,13,6,6,1.000000
gnp,9,25,3,3,1.000000
gnp,6,7,3,3,1.000000
gnp,7,10,4,4,1.000000
gnp,16,83,4,4,1.000000
gnp,7,2,6,6,1.000000
gnp,9,28,3,3,1.000000
gnp,11,21,5,5,1.000000
gnp,8,12,4,4,1.000000
gnp,14,75,3,3,1.000000
gnp,6,5,3,3,1.000000
gnp,11,24,4,4,1.000000
gnp,6,5,4,4,1.000000
gnp,11,27,4,4,1.000000
gnp,14,33,5,5,1.000000
gnp,16,35,7,7,1.000000
gnp,6,14,2,2,1.000000
gnp,9,6,5,5,1.000000
gnp,16,34,8,8,1.000000
gnp,14,75,2,2,1.000000
gnp,12,22,5,5,1.000000
gnp,12,54,3,3,1.000000
gnp,13,36,6,6,1.000000
gnp,16,32,8,8,1.000000
gnp,8,14,4,4,1.000000
gnp,12,55,3,3,1.000000
gnp,16,98,3,3,1.000000
gnp,11,11,7,7,1.000000
gnp,8,9,4,4,1.000000
gnp,6,13,2,2,1.000000
gnp,12,31,4,4,1.000000
gnp,8,22,2,2,1.000000
gnp,8,10,4,4,1.000000
gnp,15,59,5,5,1.000000
gnp,15,35,7,7,1.000000
gnp,11,14,5,5,1.000000
gnp,8,17,2,2,1.000000
gnp,16,57,5,5,1.000000
gnp,13,39,4,4,1.000000
gnp,9,9,5,5,1.000000
gnp,6,12,2,2,1.000000
gnp,9,28,2,2,1.000000
gnp,9,8,5,5,1.000000
gnp,15,59,5,5,1.000000
gnp,13,69,2,2,1.000000
gnp,12,43,3,3,1.000000
gnp,11,17,5,5,1.000000
gnp,14,28,6,6,1.000000
gnp,6,13,2,2,1.000000
gnp,14,48,4,4,1.000000
gnp,14,38,5,5,1.000000
gnp,9,15,4,4,1.000000
gnp,10,31,3,3,1.000000
gnp,13,22,7,7,1.000000
gnp,15,86,3,3,1.000000
gnp,13,57,3,3,1.000000
gnp,7,15,2,2,1.000000
gnp,8,16,3,3,1.000000
gnp,12,30,5,5,1.000000
gnp,6,5,3,3,1.000000
gnp,13,22,6,6,1.000000
gnp,16,92,3,3,1.000000
gnp,7,6,5,5,1.000000
gnp,16,51,5,5,1.000000
gnp,14,51,4,4,1.000000
gnp,12,32,4,4,1.000000
gnp,8,22,3,3,1.000000
gnp,8,22,2,2,1.000000
gnp,6,6,3,3,1.000000
gnp,13,25,6,6,1.000000
gnp,7,18,2,2,1.000000
gnp,6,9,3,3,1.000000
gnp,6,6,4,4,1.000000
gnp,14,64,3,3,1.000000
gnp,9,10,5,5,1.000000
gnp,13,35,4,4,1.000000
gnp,15,52,5,5,1.000000
gnp,14,35,5,5,1.000000
gnp,6,4,3,3,1.000000
gnp,16,49,6,6,1.000000
gnp,6,9,3,3,1.000000
gnp,11,44,3,3,1.000000
gnp,7,13,2,2,1.000000
gnp,8,19,3,3,1.000000
gnp,13,59,3,3,1.000000
gnp,6,4,4,4,1.000000
gnp,11,22,5,5,1.000000
gnp,7,14,2,2,1.000000
gnp,10,18,5,5,1.000000
gnp,10,20,4,4,1.000000
gnp,14,27,6,6,1.000000
gnp,15,23,8,8,1.000000
gnp,13,56,4,4,1.000000
gnp,12,38,3,3,1.000000
gnp,10,25,3,3,1.000000
gnp,8,20,2,2,1.000000
gnp,14,63,4,4,1.000000
gnp,13,49,4,4,1.000000
gnp,10,40,2,2,1.000000
gnp,7,1,6,6,1.000000
gnp,9,27,4,4,1.000000
gnp,12,11,7,7,1.000000
gnp,14,64,3,3,1.000000
gnp,6,9,2,2,1.000000
gnp,10,35,3,3,1.000000
gnp,10,21,4,4,1.000000
gnp,6,4,4,4,1.000000
gnp,11,18,5,5,1.000000
gnp,8,2,6,6,1.000000
gnp,16,55,5,5,1.000000
gnp,6,11,2,2,1.000000
gnp,8,17,3,3,1.000000
gnp,13,55,3,3,1.000000
gnp,6,10,2,2,1.000000
gnp,15,67,4,4,1.000000
gnp,14,37,5,5,1.000000
gnp,15,65,4,4,1.000000
gnp,7,16,3,3,1.000000
gnp,6,7,3,3,1.000000
gnp,16,61,4,4,1.000000
gnp,15,59,4,4,1.000000
gnp,15,26,7,7,1.000000
gnp,11,34,4,4,1.000000
gnp,12,15,6,6,1.000000
gnp,11,22,5,5,1.000000
gnp,9,20,4,4,1.000000
gnp,7,9,4,4,1.000000
gnp,9,27,3,3,1.000000
gnp,14,19,7,7,1.000000
gnp,14,24,6,6,1.000000
gnp,13,47,3,3,1.000000
gnp,11,13,6,6,1.000000
gnp,14,57,4,4,1.000000
gnp,9,24,3,3,1.000000
gnp,12,43,3,3,1.000000
gnp,6,6,3,3,1.000000
gnp,16,91,3,3,1.000000
gnp,11,34,4,4,1.000000
gnp,7,11,3,3,1.000000
gnp,6,10,3,3,1.000000
gnp,16,102,2,2,1.000000
gnp,9,10,4,4,1.000000
gnp,14,41,5,5,1.000000
gnp,16,22,8,8,1.000000
gnp,8,5,6,6,1.000000
gnp,15,52,5,5,1.000000
gnp,9,21,4,4,1.000000
gnp,10,15,5,5,1.000000
gnp,15,32,6,6,1.000000
gnp,10,22,5,5,1.000000
gnp,14,42,4,4,1.000000
gnp,6,12,2,2,1.000000
gnp,7,7,4,4,1.000000
gnp,12,29,5,5,1.000000
gnp,15,52,5,5,1.000000
gnp,9,25,2,2,1.000000
gnp,13,41,4,4,1.000000
gnp,13,19,6,6,1.000000
gnp,16,69,4,4,1.000000
gnp,13,25,6,6,1.000000
gnp,8,23,2,2,1.000000
gnp,11,18,5,5,1.000000
gnp,11,25,3,3,1.000000
gnp,7,11,3,3,1.000000
gnp,13,41,4,4,1.000000
gnp,10,33,2,2,1.000000
gnp,14,16,8,8,1.000000
gnp,11,21,4,4,1.000000
gnp,10,25,4,4,1.000000
gnp,15,47,5,5,1.000000
gnp,14,27,6,6,1.000000
gnp,12,14,7,7,1.000000
gnp,15,48,5,5,1.000000
gnp,15,68,3,3,1.000000
gnp,8,15,3,3,1.000000
gnp,15,73,4,4,1.000000
gnp,15,63,4,4,1.000000
gnp,14,22,7,7,1.000000
gnp,8,9,4,4,1.000000
gnp,7,12,3,3,1.000000
gnp,11,33,4,4,1.000000
gnp,7,5,4,4,1.000000
gnp,15,79,3,3,1.000000
gnp,8,15,3,3,1.000000
gnp,14,34,5,5,1.000000
gnp,9,13,4,4,1.000000
gnp,10,25,3,3,1.000000
gnp,12,46,3,3,1.000000
gnp,7,11,3,3,1.000000
gnp,8,21,2,2,1.000000
gnp,11,46,3,3,1.000000
gnp,6,8,3,3,1.000000
gnp,7,17,3,3,1.000000
gnp,9,17,4,4,1.000000
gnp,16,49,6,6,1.000000
gnp,12,26,5,5,1.000000
gnp,16,24,7,7,1.000000
gnp,9,13,4,4,1.000000
gnp,12,9,7,7,1.000000
gnp,8,6,5,5,1.000000
gnp,8,17,3,3,1.000000
gnp,16,65,5,5,1.000000
gnp,7,3,6,6,1.000000
gnp,13,58,3,3,1.000000
gnp,15,27,7,7,1.000000
gnp,14,68,3,3,1.000000
gnp,11,19,5,5,1.000000
gnp,15,19,8,8,1.000000
gnp,9,25,3,3,1.000000
gnp,12,55,2,2,1.000000
gnp,6,11,2,2,1.000000
gnp,11,15,6,6,1.000000
gnp,7,8,4,4,1.000000
gnp,13,39,4,4,1.000000
gnp,9,17,4,4,1.000000
gnp,16,67,4,4,1.000000
gnp,15,15,9,9,1.000000
gnp,14,62,4,4,1.000000
gnp,13,31,5,5,1.000000
gnp,15,74,4,4,1.000000
gnp,11,43,3,3,1.000000
gnp,10,13,6,6,1.000000
gnp,15,41,6,6,1.000000
gnp,15,29,7,7,1.000000
gnp,16,99,3,3,1.000000
gnp,10,24,3,3,1.000000
gnp,14,26,7,7,1.000000
gnp,10,12,5,5,1.000000
gnp,10,31,3,3,1.000000
gnp,7,12,3,3,1.000000
gnp,16,50,5,5,1.000000
gnp,10,33,3,3,1.000000
gnp,13,22,6,6,1.000000
gnp,11,49,2,2,1.000000
gnp,15,88,3,3,1.000000
gnp,13,39,4,4,1.000000
gnp,12,22,6,6,1.000000
gnp,16,37,6,6,1.000000
gnp,6,11,2,2,1.000000
gnp,6,5,4,4,1.000000
gnp,13,31,5,5,1.000000
gnp,12,43,4,4,1.000000
gnp,13,29,6,6,1.000000
gnp,6,4,4,4,1.000000
gnp,12,40,4,4,1.000000
gnp,7,20,2,2,1.000000
gnp,12,38,4,4,1.000000
gnp,11,22,5,5,1.000000
gnp,10,27,3,3,1.000000
gnp,13,54,3,3,1.000000
gnp,16,64,4,4,1.000000
gnp,14,30,6,6,1.000000
gnp,11,25,4,4,1.000000
gnp,7,0,7,7,1.000000
gnp,14,30,6,6,1.000000
gnp,11,15,5,5,1.000000
gnp,10,12,5,5,1.000000
gnp,15,26,7,7,1.000000
gnp,15,63,4,4,1.000000
gnp,7,12,3,3,1.000000
gnp,12,39,3,3,1.000000
gnp,7,16,2,2,1.000000
gnp,10,24,4,4,1.000000
gnp,16,52,6,6,1.000000
gnp,12,51,3,3,1.000000
gnp,10,13,5,5,1.000000
gnp,10,26,3,3,1.000000
gnp,12,27,4,4,1.000000
gnp,10,36,3,3,1.000000
gnp,8,9,4,4,1.000000
gnp,9,18,4,4,1.000000
gnp,16,63,5,5,1.000000
gnp,14,55,4,4,1.000000
gnp,15,55,4,4,1.000000
gnp,10,13,6,6,1.000000
gnp,7,9,4,4,1.000000
gnp,13,16,7,7,1.000000
gnp,8,20,2,2,1.000000
gnp,6,11,3,3,1.000000
gnp,8,20,4,4,1.000000
gnp,15,22,7,7,1.000000
gnp,13,33,5,5,1.000000
gnp,14,32,5,5,1.000000
gnp,13,21,7,7,1.000000
gnp,11,37,3,3,1.000000
gnp,6,10,2,2,1.000000
gnp,11,31,4,4,1.000000
gnp,7,17,2,2,1.000000
gnp,16,40,7,7,1.000000
gnp,12,43,3,3,1.000000
gnp,12,53,3,3,1.000000
gnp,13,16,7,7,1.000000
gnp,9,5,7,7,1.000000
gnp,6,13,2,2,1.000000
gnp,13,33,6,6,1.000000
gnp,13,38,4,4,1.000000
gnp,6,2,5,5,1.000000
gnp,11,37,3,3,1.000000
gnp,12,12,7,7,1.000000
gnp,16,87,4,4,1.000000
gnp,15,32,7,7,1.000000
gnp,6,9,3,3,1.000000
gnp,16,18,10,10,1.000000
gnp,9,25,3,3,1.000000
gnp,6,2,4,4,1.000000
gnp,10,33,3,3,1.000000
gnp,13,42,4,4,1.000000
gnp,7,4,5,5,1.000000
gnp,7,11,3,3,1.000000
gnp,11,44,3,3,1.000000
gnp,11,18,5,5,1.000000
gnp,11,40,3,3,1.000000
gnp,6,10,3,3,1.000000
gnp,7,4,5,5,1.000000
gnp,12,17,6,6,1.000000
gnp,14,27,6,6,1.000000
gnp,15,17,8,8,1.000000
gnp,16,74,4,4,1.000000
gnp,6,11,2,2,1.000000
gnp,6,1,5,5,1.000000
gnp,16,60,4,5,1.250000
gnp,12,47,4,4,1.000000
gnp,8,11,4,4,1.000000
gnp,14,37,5,5,1.000000
gnp,8,18,2,2,1.000000
gnp,15,23,7,7,1.000000
gnp,15,86,3,3,1.000000
gnp,11,23,5,5,1.000000
gnp,9,6,6,6,1.000000
gnp,15,39,6,6,1.000000
gnp,13,52,3,3,1.000000
gnp,10,8,6,6,1.000000
gnp,8,17,2,2,1.000000
gnp,13,17,7,7,1.000000
gnp,6,11,2,2,1.000000
gnp,9,14,4,4,1.000000
gnp,15,75,3,3,1.000000
gnp,6,3,4,4,1.000000
gnp,14,19,8,8,1.000000
gnp,13,40,4,4,1.000000
gnp,9,26,3,3,1.000000
gnp,12,15,7,7,1.000000
gnp,9,25,3,3,1.000000
gnp,9,8,5,5,1.000000
gnp,9,18,4,4,1.000000
gnp,7,12,3,3,1.000000
gnp,6,14,2,2,1.000000
gnp,9,27,3,3,1.000000
gnp,8,17,3,3,1.000000
gnp,13,51,4,4,1.000000
gnp,10,12,5,5,1.000000
gnp,6,9,3,3,1.000000
gnp,10,13,5,5,1.000000
gnp,13,32,6,6,1.000000
gnp,9,20,3,3,1.000000
gnp,16,97,3,3,1.000000
gnp,15,85,3,3,1.000000
gnp,7,9,4,4,1.000000
gnp,9,23,4,4,1.000000
gnp,10,16,5,5,1.000000
gnp,9,12,4,4,1.000000
gnp,15,41,6,6,1.000000
gnp,15,77,3,3,1.000000
gnp,6,2,4,4,1.000000
gnp,14,23,7,7,1.000000
gnp,13,59,3,3,1.000000
gnp,13,39,5,5,1.000000
gnp,14,62,4,4,1.000000
gnp,9,6,6,6,1.000000
gnp,9,20,3,3,1.000000
gnp,6,6,4,4,1.000000
gnp,8,18,3,3,1.000000
gnp,13,34,6,6,1.000000
gnp,12,19,6,6,1.000000
gnp,16,61,4,4,1.000000
gnp,16,18,9,9,1.000000
gnp,14,13,9,9,1.000000
gnp,10,31,3,3,1.000000
gnp,16,19,10,10,1.000000
gnp,6,8,3,3,1.000000
gnp,6,2,5,5,1.000000
gnp,13,48,3,3,1.000000
gnp,11,17,5,5,1.000000
gnp,14,64,4,4,1.000000
gnp,8,26,2,2,1.000000
gnp,14,25,7,7,1.000000
gnp,15,82,3,3,1.000000
gnp,9,15,4,4,1.000000
gnp,14,50,4,4,1.000000
gnp,6,3,4,4,1.000000
gnp,13,36,4,4,1.000000
gnp,13,41,4,4,1.000000
gnp,13,41,4,4,1.000000
gnp,9,27,3,3,1.000000
gnp,7,4,5,5,1.000000
gnp,10,36,3,3,1.000000
gnp,7,9,4,4,1.000000
gnp,8,12,3,3,1.000000
gnp,14,77,3,3,1.000000
gnp,10,17,4,4,1.000000
gnp,13,30,5,5,1.000000
gnp,16,19,9,9,1.000000
gnp,7,1,6,6,1.000000
gnp,14,60,4,4,1.000000
gnp,15,46,5,5,1.000000
gnp,13,46,3,3,1.000000
gnp,13,21,6,6,1.000000
gnp,10,8,6,6,1.000000
gnp,9,12,5,5,1.000000
gnp,6,5,4,4,1.000000
gnp,13,62,3,3,1.000000
gnp,14,29,5,5,1.000000
gnp,16,90,3,3,1.000000
gnp,9,14,4,4,1.000000
gnp,15,25,7,7,1.000000
gnp,11,15,6,6,1.000000
gnp,16,41,7,7,1.000000
gnp,8,14,3,3,1.000000
gnp,14,33,5,5,1.000000
gnp,12,54,3,3,1.000000
gnp,13,65,3,3,1.000000
gnp,6,14,2,2,1.000000
gnp,16,75,4,4,1.000000
gnp,10,37,2,2,1.000000
gnp,15,74,3,3,1.000000
gnp,11,39,3,3,1.000000
gnp,6,2,5,5,1.000000
gnp,10,8,6,6,1.000000
gnp,13,31,5,5,1.000000
gnp,6,8,3,3,1.000000
gnp,15,58,4,4,1.000000
gnp,9,10,5,5,1.000000
gnp,16,81,4,4,1.000000
gnp,14,35,5,5,1.000000
gnp,11,33,4,4,1.000000
gnp,16,42,6,6,1.000000
gnp,12,32,4,4,1.000000
gnp,6,7,3,3,1.000000
gnp,10,40,2,2,1.000000
gnp,9,22,3,3,1.000000
gnp,12,47,3,3,1.000000
gnp,8,14,3,3,1.000000
gnp,12,17,6,6,1.000000
gnp,8,7,5,5,1.000000
gnp,14,74,3,3,1.000000
gnp,15,66,4,4,1.000000
gnp,6,8,3,3,1.000000
gnp,12,14,6,6,1.000000
gnp,15,62,4,4,1.000000
gnp,9,3,7,7,1.000000
gnp,10,26,3,3,1.000000
gnp,10,37,2,2,1.000000
gnp,13,44,4,4,1.000000
gnp,9,8,5,5,1.000000
gnp,8,9,4,4,1.000000
gnp,7,15,2,2,1.000000
gnp,12,19,6,6,1.000000
gnp,6,4,3,3,1.000000
gnp,13,64,3,3,1.000000
gnp,15,66,4,4,1.000000
gnp,15,48,5,5,1.000000
gnp,16,79,4,4,1.000000
gnp,11,28,4,4,1.000000
gnp,10,10,5,5,1.000000
gnp,8,7,4,4,1.000000
gnp,11,17,6,6,1.000000
gnp,11,23,5,5,1.000000
gnp,6,3,4,4,1.000000
gnp,14,25,6,6,1.000000
gnp,7,12,3,3,1.000000
gnp,14,32,5,5,1.000000
gnp,16,83,3,3,1.000000
gnp,16,84,3,3,1.000000
gnp,7,10,3,3,1.000000
gnp,8,3,6,6,1.000000
gnp,11,37,3,3,1.000000
gnp,11,48,2,2,1.000000
gnp,7,8,4,4,1.000000
gnp,9,27,3,3,1.000000
gnp,12,40,3,3,1.000000
gnp,7,12,3,3,1.000000
gnp,13,33,5,5,1.000000
gnp,8,18,4,4,1.000000
gnp,8,17,3,3,1.000000
gnp,7,9,3,3,1.000000
gnp,9,12,5,5,1.000000
gnp,8,23,2,2,1.000000
gnp,7,4,5,5,1.000000
gnp,12,13,6,6,1.000000
gnp,6,10,3,3,1.000000
gnp,13,20,6,6,1.000000
gnp,6,5,4,4,1.000000
gnp,7,17,2,2,1.000000
gnp,15,86,4,4,1.000000
gnp,16,48,7,7,1.000000
gnp,8,23,3,3,1.000000
gnp,15,46,5,5,1.000000
gnp,14,58,4,4,1.000000
gnp,14,53,3,3,1.000000
gnp,15,69,4,4,1.000000
gnp,9,33,2,2,1.000000
gnp,14,14,8,8,1.000000
gnp,9,31,2,2,1.000000
gnp,11,29,5,5,1.000000
gnp,13,47,4,4,1.000000
gnp,8,24,2,2,1.000000
gnp,12,21,6,6,1.000000
gnp,12,15,6,6,1.000000
gnp,7,13,2,2,1.000000
gnp,13,54,4,4,1.000000
gnp,14,55,4,4,1.000000
gnp,11,25,4,4,1.000000
gnp,10,24,4,4,1.000000
gnp,16,106,2,2,1.000000
gnp,9,17,4,4,1.000000
gnp,12,18,6,6,1.000000
gnp,13,60,3,3,1.000000
gnp,8,3,6,6,1.000000
gnp,16,20,9,9,1.000000
gnp,14,56,3,3,1.000000
gnp,7,6,4,4,1.000000
gnp,15,88,3,3,1.000000
gnp,7,9,4,4,1.000000
gnp,11,19,4,4,1.000000
gnp,7,5,4,4,1.000000
gnp,13,28,5,5,1.000000
gnp,16,105,2,2,1.000000
gnp,13,48,4,4,1.000000
gnp,13,42,4,4,1.000000
gnp,13,13,7,7,1.000000
gnp,13,40,4,4,1.000000
gnp,6,2,5,5,1.000000
gnp,7,10,4,4,1.000000
gnp,8,13,3,3,1.000000
gnp,8,10,4,4,1.000000
gnp,7,14,3,3,1.000000
gnp,13,22,6,6,1.000000
gnp,13,43,3,3,1.000000
gnp,14,50,4,4,1.000000
gnp,12,53,3,3,1.000000
gnp,12,30,4,4,1.000000
gnp,13,29,5,5,1.000000
gnp,8,18,3,3,1.000000
gnp,8,13,4,4,1.000000
gnp,10,28,3,3,1.000000
gnp,7,8,4,4,1.000000
gnp,16,68,4,4,1.000000
gnp,13,42,4,4,1.000000
gnp,14,16,7,7,1.000000
gnp,13,39,4,4,1.000000
gnp,15,63,4,4,1.000000
gnp,11,7,8,8,1.000000
gnp,8,20,2,2,1.000000
gnp,15,14,10,10,1.000000
gnp,12,13,6,6,1.000000
gnp,11,22,5,5,1.000000
gnp,16,34,7,7,1.000000
gnp,16,52,6,6,1.000000
gnp,7,16,2,2,1.000000
gnp,11,14,6,6,1.000000
gnp,6,10,2,2,1.000000
gnp,15,50,5,5,1.000000
gnp,10,8,6,6,1.000000
gnp,15,16,9,9,1.000000
gnp,12,37,4,4,1.000000
gnp,15,23,7,7,1.000000
gnp,7,13,3,3,1.000000
gnp,11,24,4,4,1.000000
gnp,8,18,3,3,1.000000
gnp,12,19,6,6,1.000000
gnp,14,30,6,6,1.000000
gnp,6,5,3,3,1.000000
gnp,9,23,3,3,1.000000
gnp,15,20,8,8,1.000000
gnp,10,7,6,6,1.000000
gnp,12,24,5,5,1.000000
gnp,16,89,3,3,1.000000
gnp,12,43,3,3,1.000000
gnp,9,15,4,4,1.000000
gnp,15,52,6,6,1.000000
gnp,6,10,2,2,1.000000
gnp,15,52,5,5,1.000000
gnp,10,34,3,3,1.000000
gnp,15,81,3,3,1.000000
gnp,14,24,7,7,1.000000
gnp,8,11,4,4,1.000000
gnp,12,31,4,4,1.000000
gnp,16,39,6,6,1.000000
gnp,10,31,3,3,1.000000
gnp,10,27,4,4,1.000000
gnp,12,18,6,6,1.000000
gnp,9,6,6,6,1.000000
gnp,13,46,5,5,1.000000
gnp,12,37,4,4,1.000000
gnp,9,9,5,5,1.000000
gnp,6,7,3,3,1.000000
gnp,16,67,4,4,1.000000
gnp,13,53,3,3,1.000000
gnp,7,9,3,3,1.000000
gnp,7,17,2,2,1.000000
gnp,11,32,3,3,1.000000
gnp,12,52,4,4,1.000000
gnp,9,11,5,5,1.000000
gnp,14,50,4,4,1.000000
gnp,13,59,3,3,1.000000
gnp,15,36,6,6,1.000000
gnp,11,45,2,2,1.000000
gnp,9,30,2,2,1.000000
gnp,8,6,5,5,1.000000
gnp,10,19,4,4,1.000000
gnp,15,16,8,8,1.000000
gnp,7,7,4,4,1.000000
gnp,13,49,4,4,1.000000
gnp,8,14,3,3,1.000000
gnp,10,8,7,7,1.000000
gnp,16,77,4,4,1.000000
gnp,16,30,7,7,1.000000
gnp,10,32,3,3,1.000000
gnp,16,26,8,8,1.000000
gnp,13,40,5,5,1.000000
gnp,10,14,5,5,1.000000
gnp,10,13,5,5,1.000000
gnp,13,43,4,4,1.000000
gnp,6,6,3,3,1.000000
gnp,13,35,5,5,1.000000
gnp,11,34,5,5,1.000000
gnp,8,25,2,2,1.000000
gnp,11,24,5,5,1.000000
gnp,13,43,5,5,1.000000
gnp,16,71,4,4,1.000000
gnp,16,28,8,8,1.000000
gnp,9,16,4,4,1.000000
gnp,15,20,7,7,1.000000
gnp,9,20,3,3,1.000000
gnp,15,68,3,3,1.000000
gnp,13,29,5,5,1.000000
gnp,10,14,5,5,1.000000
gnp,10,10,6,6,1.000000
gnp,11,13,7,7,1.000000
gnp,15,30,7,7,1.000000
gnp,14,49,4,4,1.000000
gnp,7,17,2,2,1.000000
gnp,10,27,3,3,1.000000
gnp,6,7,3,3,1.000000
gnp,15,38,6,6,1.000000
gnp,11,18,5,5,1.000000
gnp,6,11,3,3,1.000000
gnp,13,54,4,4,1.000000
gnp,7,4,5,5,1.000000
gnp,9,24,3,3,1.000000
gnp,10,29,3,3,1.000000
gnp,8,11,3,3,1.000000
gnp,15,31,6,6,1.000000
gnp,16,31,7,7,1.000000
gnp,12,50,3,3,1.000000
gnp,10,39,2,2,1.000000
gnp,15,35,7,7,1.000000
gnp,11,30,4,4,1.000000
gnp,7,2,6,6,1.000000
gnp,11,51,2,2,1.000000
gnp,16,33,6,6,1.000000
gnp,12,46,3,3,1.000000
gnp,7,5,4,4,1.000000
gnp,6,6,4,4,1.000000
gnp,13,63,3,3,1.000000
gnp,6,5,3,3,1.000000
gnp,10,39,2,2,1.000000
gnp,8,26,2,2,1.000000
gnp,15,32,7,7,1.000000
gnp,14,41,5,5,1.000000
gnp,13,14,8,8,1.000000
gnp,14,42,5,5,1.000000
gnp,7,7,4,4,1.000000
gnp,13,59,3,3,1.000000
gnp,11,45,2,2,1.000000
gnp,10,28,3,3,1.000000
gnp,14,36,5,5,1.000000
gnp,11,41,3,3,1.000000
gnp,8,21,3,3,1.000000
gnp,6,3,4,4,1.000000
gnp,9,10,5,5,1.000000
gnp,10,12,6,6,1.000000
gnp,12,9,7,7,1.000000
gnp,6,7,4,4,1.000000
gnp,13,32,5,5,1.000000
gnp,7,7,4,4,1.000000
gnp,10,9,6,6,1.000000
gnp,14,58,4,4,1.000000
gnp,15,93,2,2,1.000000
gnp,14,62,3,3,1.000000
gnp,12,48,3,3,1.000000
gnp,13,44,4,4,1.000000
gnp,6,4,5,5,1.000000
gnp,12,34,5,5,1.000000
gnp,11,20,5,5,1.000000
gnp,13,56,3,3,1.000000
gnp,13,44,4,4,1.000000
gnp,15,57,4,4,1.000000
gnp,6,10,2,2,1.000000
gnp,11,48,2,2,1.000000
gnp,9,29,2,2,1.000000
gnp,11,38,3,3,1.000000
gnp,14,81,3,3,1.000000
gnp,7,8,3,3,1.000000
gnp,9,28,2,2,1.000000
gnp,7,4,5,5,1.000000
gnp,8,14,4,4,1.000000
gnp,10,30,3,3,1.000000
gnp,7,9,3,3,1.000000
gnp,10,40,3,3,1.000000
gnp,11,30,3,3,1.000000
gnp,14,35,6,6,1.000000
gnp,12,31,4,4,1.000000
gnp,7,12,3,3,1.000000
gnp,15,23,8,8,1.000000
gnp,7,3,5,5,1.000000
gnp,13,49,4,4,1.000000
gnp,13,42,4,4,1.000000
gnp,10,24,4,4,1.000000
gnp,13,32,5,5,1.000000
gnp,16,92,3,3,1.000000
gnp,14,48,4,4,1.000000
gnp,14,22,7,7,1.000000
gnp,14,20,7,7,1.000000
gnp,12,14,6,6,1.000000
gnp,11,18,5,5,1.000000
gnp,14,18,7,7,1.000000
gnp,8,17,3,3,1.000000
gnp,6,4,4,4,1.000000
gnp,11,35,3,3,1.000000
gnp,16,54,5,5,1.000000
gnp,11,44,3,3,1.000000
gnp,9,8,5,5,1.000000
gnp,16,27,8,8,1.000000
gnp,6,10,3,3,1.000000
gnp,8,20,3,3,1.000000
gnp,12,46,3,3,1.000000
gnp,10,25,3,3,1.000000
gnp,16,95,3,3,1.000000
gnp,10,15,5,5,1.000000
gnp,6,2,5,5,1.000000
gnp,9,28,3,3,1.000000
gnp,13,48,4,4,1.000000
gnp,12,47,3,3,1.000000
gnp,7,9,4,4,1.000000
gnp,8,15,3,3,1.000000
gnp,7,4,5,5,1.000000
gnp,13,66,3,3,1.000000
gnp,6,11,3,3,1.000000
gnp,9,13,4,4,1.000000
gnp,6,6,3,3,1.000000
gnp,16,96,3,3,1.000000
gnp,12,46,4,4,1.000000
gnp,6,9,2,2,1.000000
gnp,14,47,4,4,1.000000
gnp,9,20,3,3,1.000000
gnp,12,37,4,4,1.000000
gnp,10,35,2,2,1.000000
gnp,13,17,8,8,1.000000
gnp,13,57,3,3,1.000000
gnp,8,12,4,4,1.000000
gnp,13,27,6,6,1.000000
gnp,14,25,6,6,1.000000
gnp,15,82,3,3,1.000000
gnp,8,23,2,2,1.000000
gnp,12,53,2,2,1.000000
gnp,13,49,4,4,1.000000
gnp,15,29,7,7,1.000000
gnp,16,68,4,4,1.000000
gnp,9,11,5,5,1.000000
gnp,7,18,2,2,1.000000
gnp,10,13,5,5,1.000000
gnp,6,3,5,5,1.000000
gnp,11,36,4,4,1.000000
gnp,14,18,7,7,1.000000
gnp,11,25,4,4,1.000000
gnp,7,12,3,3,1.000000
gnp,10,40,2,2,1.000000
gnp,6,9,3,3,1.000000
gnp,8,22,2,2,1.000000
gnp,6,13,2,2,1.000000
gnp,13,66,3,3,1.000000
gnp,7,14,3,3,1.000000
gnp,14,15,8,8,1.000000
gnp,8,20,3,3,1.000000
gnp,11,10,5,5,1.000000
gnp,13,51,4,4,1.000000
gnp,7,8,3,3,1.000000
gnp,11,37,3,3,1.000000
gnp,9,19,4,4,1.000000
gnp,6,7,3,3,1.000000
gnp,11,20,5,5,1.000000
gnp,7,11,3,3,1.000000
gnp,11,32,4,4,1.000000
gnp,8,16,3,3,1.000000
gnp,9,10,4,4,1.000000
gnp,12,59,2,2,1.000000
gnp,14,62,4,4,1.000000
gnp,6,2,4,4,1.000000
gnp,14,72,3,3,1.000000
gnp,11,21,5,5,1.000000
gnp,12,12,6,6,1.000000
gnp,16,97,3,3,1.000000
gnp,15,16,8,8,1.000000
gnp,12,32,4,4,1.000000
gnp,11,43,3,3,1.000000
gnp,10,33,3,3,1.000000
gnp,12,29,4,4,1.000000
gnp,14,45,4,4,1.000000
gnp,11,47,3,3,1.000000
gnp,9,30,2,2,1.000000
gnp,6,8,3,3,1.000000
gnp,8,20,3,3,1.000000
gnp,9,10,5,5,1.000000
gnp,14,35,6,6,1.000000
gnp,6,0,6,6,1.000000
gnp,9,26,3,3,1.000000
gnp,12,61,2,2,1.000000
gnp,6,9,2,2,1.000000
gnp,16,56,5,5,1.000000
gnp,6,12,2,2,1.000000
gnp,13,29,5,5,1.000000
gnp,13,35,5,5,1.000000
gnp,15,62,4,4,1.000000
gnp,11,22,5,5,1.000000
gnp,12,40,4,4,1.000000
gnp,7,7,4,4,1.000000
gnp,11,23,4,4,1.000000
gnp,12,44,3,3,1.000000
gnp,7,4,5,5,1.000000
gnp,13,23,6,6,1.000000
gnp,11,28,4,4,1.000000
gnp,15,50,5,5,1.000000
gnp,10,25,4,4,1.000000
gnp,13,56,3,3,1.000000
gnp,12,50,3,3,1.000000
gnp,14,20,7,7,1.000000
gnp,8,22,2,2,1.000000
gnp,9,19,3,3,1.000000
gnp,8,23,2,2,1.000000
gnp,7,11,3,3,1.000000
gnp,7,7,4,4,1.000000
gnp,6,8,3,3,1.000000
gnp,11,21,5,5,1.000000
gnp,10,12,6,6,1.000000
gnp,8,8,4,4,1.000000
gnp,6,10,3,3,1.000000
gnp,10,12,6,6,1.000000
gnp,6,2,4,4,1.000000
gnp,7,17,2,2,1.000000
gnp,13,44,4,4,1.000000
gnp,11,37,3,3,1.000000
gnp,15,22,8,8,1.000000
gnp,14,55,5,5,1.000000
gnp,16,59,5,5,1.000000
gnp,7,16,2,2,1.000000
gnp,12,24,6,6,1.000000
gnp,11,33,4,4,1.000000
gnp,10,26,4,4,1.000000
gnp,6,5,3,3,1.000000
gnp,14,55,4,4,1.000000
gnp,9,33,2,2,1.000000
gnp,15,58,4,4,1.000000
gnp,14,73,3,3,1.000000
gnp,16,92,3,3,1.000000
gnp,6,6,3,3,1.000000
gnp,9,26,2,2,1.000000
gnp,7,16,3,3,1.000000
gnp,12,32,5,5,1.000000
gnp,6,7,3,3,1.000000
gnp,12,17,7,7,1.000000
gnp,12,17,8,8,1.000000
gnp,7,10,3,3,1.000000
gnp,8,8,5,5,1.000000
gnp,8,11,4,4,1.000000
gnp,16,39,7,7,1.000000
gnp,8,3,6,6,1.000000
gnp,10,27,3,3,1.000000
gnp,8,17,3,3,1.000000
gnp,10,11,5,5,1.000000
gnp,6,6,3,3,1.000000
gnp,13,36,5,5,1.000000
gnp,7,11,3,3,1.000000
gnp,13,53,4,4,1.000000
gnp,13,16,7,7,1.000000
gnp,6,6,4,4,1.000000
gnp,9,24,3,3,1.000000
gnp,10,28,3,3,1.000000
gnp,7,14,3,3,1.000000
gnp,8,12,3,3,1.000000
gnp,9,20,3,3,1.000000
gnp,14,44,4,4,1.000000
gnp,13,61,2,2,1.000000
gnp,16,99,3,3,1.000000
gnp,6,13,2,2,1.000000
gnp,10,26,4,4,1.000000
gnp,11,41,3,3,1.000000
gnp,15,84,3,3,1.000000
gnp,6,2,5,5,1.000000
gnp,10,10,5,5,1.000000
gnp,8,14,3,3,1.000000
gnp,12,15,6,6,1.000000
gnp,16,94,3,3,1.000000
gnp,13,26,5,5,1.000000
gnp,11,19,5,5,1.000000
gnp,6,13,2,2,1.000000
gnp,16,94,3,3,1.000000
gnp,6,12,2,2,1.000000
gnp,12,44,3,3,1.000000
gnp,12,36,4,4,1.000000
gnp,14,17,7,7,1.000000
gnp,16,32,7,7,1.000000
gnp,15,45,5,5,1.000000
gnp,6,4,4,4,1.000000
gnp,9,16,4,4,1.000000
gnp,6,11,3,3,1.000000
gnp,9,7,7,7,1.000000
gnp,9,8,6,6,1.000000
gnp,11,6,7,7,1.000000
gnp,15,28,6,6,1.000000
gnp,16,50,5,5,1.000000
gnp,15,58,4,4,1.000000
gnp,14,26,7,7,1.000000
gnp,7,13,3,3,1.000000
gnp,8,12,4,4,1.000000
gnp,14,62,3,3,1.000000
gnp,9,29,3,3,1.000000
gnp,16,64,5,5,1.000000
gnp,16,71,4,4,1.000000
gnp,6,14,2,2,1.000000
gnp,11,24,4,4,1.000000
gnp,10,8,6,6,1.000000
gnp,13,36,4,4,1.000000
gnp,9,5,6,6,1.000000
gnp,14,35,6,6,1.000000
gnp,12,24,6,6,1.000000
gnp,15,77,4,4,1.000000
gnp,12,54,3,3,1.000000
gnp,9,9,5,5,1.000000
gnp,7,14,3,3,1.000000
gnp,6,4,4,4,1.000000
gnp,15,72,3,3,1.000000
gnp,10,11,6,6,1.000000
gnp,9,28,3,3,1.000000
gnp,11,28,4,4,1.000000
gnp,7,14,3,3,1.000000
gnp,7,10,3,3,1.000000
gnp,7,17,2,2,1.000000
gnp,12,35,4,4,1.000000
gnp,8,11,4,4,1.000000
gnp,6,5,3,3,1.000000
gnp,7,2,5,5,1.000000
gnp,14,17,8,8,1.000000
gnp,12,20,6,6,1.000000
gnp,9,28,3,3,1.000000
gnp,13,38,5,5,1.000000
gnp,15,61,4,4,1.000000
gnp,16,96,3,3,1.000000
gnp,13,38,5,5,1.000000
gnp,7,6,4,4,1.000000
gnp,15,68,4,4,1.000000
gnp,15,25,7,7,1.000000
gnp,11,25,4,4,1.000000
gnp,8,14,3,3,1.000000
gnp,6,1,5,5,1.000000
gnp,14,81,2,2,1.000000
gnp,10,30,3,3,1.000000
gnp,8,16,3,3,1.000000
gnp,10,18,5,5,1.000000
gnp,14,54,4,4,1.000000
gnp,6,5,3,3,1.000000
gnp,12,25,4,4,1.000000
gnp,16,103,2,2,1.000000
gnp,11,16,5,5,1.000000
gnp,13,43,4,4,1.000000
gnp,15,50,5,5,1.000000
gnp,15,31,6,6,1.000000
gnp,8,7,5,5,1.000000
gnp,13,25,6,6,1.000000
gnp,16,36,6,6,1.000000
gnp,13,46,3,3,1.000000
gnp,13,47,4,4,1.000000
gnp,12,20,6,6,1.000000
gnp,6,5,3,3,1.000000
gnp,11,11,7,7,1.000000
gnp,8,14,3,3,1.000000
gnp,16,68,5,5,1.000000
gnp,6,10,3,3,1.000000
gnp,9,8,6,6,1.000000
gnp,10,34,3,3,1.000000
gnp,14,26,6,6,1.000000
gnp,6,5,4,4,1.000000
gnp,7,4,4,4,1.000000
gnp,12,44,3,3,1.000000
gnp,11,42,2,2,1.000000
gnp,13,25,6,6,1.000000
gnp,16,30,8,8,1.000000
gnp,7,5,4,4,1.000000
gnp,9,9,5,5,1.000000
gnp,11,18,5,5,1.000000
gnp,16,46,5,5,1.000000
gnp,15,40,6,6,1.000000
gnp,8,13,4,4,1.000000
gnp,16,90,4,4,1.000000
gnp,14,76,2,2,1.000000
gnp,9,24,3,3,1.000000
gnp,16,76,4,4,1.000000
gnp,14,29,6,6,1.000000
gnp,13,50,4,4,1.000000
gnp,11,29,3,3,1.000000
gnp,13,31,5,5,1.000000
gnp,16,91,3,3,1.000000
gnp,9,9,5,5,1.000000
gnp,13,54,3,3,1.000000
gnp,9,14,4,4,1.000000
gnp,15,26,7,7,1.000000
gnp,10,25,4,4,1.000000
gnp,7,9,3,3,1.000000
gnp,9,23,3,3,1.000000
gnp,14,57,4,4,1.000000
gnp,13,27,6,6,1.000000
gnp,11,41,3,3,1.000000
gnp,10,16,6,6,1.000000
gnp,13,24,6,6,1.000000
gnp,11,49,2,2,1.000000
gnp,14,52,4,4,1.000000
gnp,10,34,3,3,1.000000
gnp,7,2,5,5,1.000000
gnp,14,30,5,5,1.000000
gnp,16,44,6,6,1.000000
gnp,16,87,4,4,1.000000
gnp,15,88,3,3,1.000000
gnp,6,12,2,2,1.000000
gnp,11,38,3,3,1.000000
gnp,12,49,3,3,1.000000
gnp,13,49,4,4,1.000000
gnp,12,23,5,5,1.000000
gnp,13,27,5,5,1.000000
gnp,13,36,5,5,1.000000
gnp,11,38,3,3,1.000000
gnp,12,18,6,6,1.000000
gnp,14,15,9,9,1.000000
gnp,15,80,3,3,1.000000
gnp,6,10,3,3,1.000000
gnp,11,15,6,6,1.000000
gnp,16,73,5,5,1.000000
gnp,11,23,4,4,1.000000
gnp,8,7,5,5,1.000000
gnp,15,58,5,5,1.000000
gnp,12,20,6,6,1.000000
gnp,7,9,3,3,1.000000
gnp,13,19,6,6,1.000000
gnp,16,97,3,3,1.000000
gnp,8,5,5,5,1.000000
gnp,6,9,2,2,1.000000
gnp,6,4,4,4,1.000000
gnp,12,21,7,7,1.000000
gnp,10,24,4,4,1.000000
gnp,13,13,7,7,1.000000
gnp,8,12,3,3,1.000000
gnp,12,20,6,6,1.000000
gnp,8,13,3,3,1.000000
gnp,7,7,4,4,1.000000
gnp,8,21,2,2,1.000000
gnp,12,46,3,3,1.000000
gnp,8,17,3,3,1.000000
gnp,15,30,7,7,1.000000
gnp,10,10,5,5,1.000000
gnp,13,18,6,6,1.000000
gnp,15,66,4,4,1.000000
gnp,15,80,3,3,1.000000
gnp,13,39,5,5,1.000000
gnp,10,25,4,4,1.000000
gnp,11,35,4,4,1.000000
gnp,12,43,3,3,1.000000
gnp,12,22,6,6,1.000000
gnp,13,38,4,4,1.000000
gnp,15,26,7,7,1.000000
gnp,9,27,3,3,1.000000
gnp,10,37,3,3,1.000000
gnp,16,98,3,3,1.000000
gnp,13,39,4,4,1.000000
gnp,11,7,7,7,1.000000
gnp,14,62,3,3,1.000000
gnp,12,32,4,4,1.000000
gnp,9,15,4,4,1.000000
gnp,6,2,5,5,1.000000
gnp,12,32,4,4,1.000000
gnp,9,20,3,3,1.000000
gnp,10,5,7,7,1.000000
gnp,11,35,4,4,1.000000
gnp,13,36,5,5,1.000000
gnp,14,51,4,4,1.000000
gnp,8,14,4,4,1.000000
gnp,8,6,6,6,1.000000
gnp,15,27,7,7,1.000000
gnp,7,14,3,3,1.000000
gnp,8,3,6,6,1.000000
gnp,16,34,6,6,1.000000
gnp,11,20,5,5,1.000000
gnp,16,50,5,5,1.000000
gnp,6,11,2,2,1.000000
gnp,12,39,3,3,1.000000
gnp,6,10,2,2,1.000000
gnp,12,45,3,3,1.000000
gnp,11,46,2,2,1.000000
gnp,7,4,4,4,1.000000
gnp,6,4,4,4,1.000000
gnp,16,74,5,5,1.000000
gnp,7,16,2,2,1.000000
gnp,8,6,5,5,1.000000
gnp,11,23,5,5,1.000000
gnp,15,23,8,8,1.000000
gnp,12,19,5,5,1.000000
gnp,7,12,3,3,1.000000
gnp,6,7,3,3,1.000000
gnp,6,7,3,3,1.000000
gnp,9,11,4,4,1.000000
gnp,16,82,3,3,1.000000
gnp,7,12,3,3,1.000000
gnp,10,33,3,3,1.000000
gnp,7,12,3,3,1.000000
gnp,10,34,3,3,1.000000
gnp,16,76,4,4,1.000000
gnp,11,19,5,5,1.000000
gnp,16,51,5,5,1.000000
gnp,6,10,2,2,1.000000
gnp,12,33,4,4,1.000000
gnp,14,42,5,5,1.000000
gnp,9,3,8,8,1.000000
gnp,10,15,4,4,1.000000
gnp,9,22,3,3,1.000000
gnp,8,9,4,4,1.000000
gnp,9,8,5,5,1.000000
gnp,16,25,9,9,1.000000
gnp,11,8,8,8,1.000000
gnp,16,85,3,3,1.000000
gnp,14,59,3,3,1.000000
gnp,16,93,3,3,1.000000
gnp,9,25,3,3,1.000000
gnp,11,20,5,5,1.000000
gnp,16,101,3,3,1.000000
gnp,15,84,3,3,1.000000
gnp,8,12,5,5,1.000000
gnp,7,15,2,2,1.000000
gnp,9,5,6,6,1.000000
gnp,9,11,4,4,1.000000
gnp,15,51,4,4,1.000000
gnp,9,13,4,4,1.000000
gnp,13,28,5,5,1.000000
gnp,9,17,4,4,1.000000
gnp,10,13,5,5,1.000000
gnp,16,31,8,8,1.000000
gnp,7,16,2,2,1.000000
gnp,12,27,5,5,1.000000
gnp,13,39,5,5,1.000000
gnp,8,17,3,3,1.000000
gnp,6,10,2,2,1.000000
gnp,7,9,4,4,1.000000
gnp,15,48,5,5,1.000000
gnp,10,28,3,3,1.000000
gnp,13,24,6,6,1.000000
gnp,7,8,3,3,1.000000
gnp,9,10,5,5,1.000000
gnp,6,1,5,5,1.000000
gnp,13,31,5,5,1.000000
gnp,12,55,2,2,1.000000
gnp,12,31,4,4,1.000000
gnp,12,51,3,3,1.000000
gnp,12,51,3,3,1.000000
gnp,9,24,3,3,1.000000
gnp,11,27,4,4,1.000000
gnp,16,78,4,4,1.000000
gnp,16,53,6,6,1.000000
gnp,9,11,5,5,1.000000
gnp,11,33,4,4,1.000000
gnp,16,71,4,4,1.000000
gnp,15,51,5,5,1.000000
gnp,10,15,5,5,1.000000
gnp,6,1,5,5,1.000000
gnp,16,67,4,4,1.000000
gnp,12,42,3,3,1.000000
gnp,14,73,2,2,1.000000
gnp,8,18,2,2,1.000000
gnp,10,19,4,4,1.000000
gnp,15,42,5,5,1.000000
gnp,7,8,3,3,1.000000
gnp,8,12,4,4,1.000000
gnp,12,45,3,3,1.000000
gnp,8,20,3,3,1.000000
gnp,7,3,5,5,1.000000
gnp,14,45,6,6,1.000000
gnp,12,15,7,7,1.000000
gnp,8,15,4,4,1.000000
gnp,13,24,5,5,1.000000
gnp,13,42,3,3,1.000000
gnp,8,9,4,4,1.000000
gnp,9,14,4,4,1.000000
gnp,13,42,4,4,1.000000
gnp,16,26,7,7,1.000000
gnp,7,7,4,4,1.000000
gnp,7,5,4,4,1.000000
gnp,13,38,5,5,1.000000
gnp,6,4,4,4,1.000000
gnp,16,72,4,4,1.000000
gnp,7,7,4,4,1.000000
gnp,12,27,5,5,1.000000
gnp,13,38,5,5,1.000000
gnp,15,42,6,6,1.000000
gnp,16,94,3,3,1.000000
gnp,9,26,3,3,1.000000
gnp,12,42,4,4,1.000000
gnp,11,38,4,4,1.000000
gnp,13,60,2,2,1.000000
gnp,8,7,6,6,1.000000
gnp,14,28,6,6,1.000000
gnp,11,18,5,5,1.000000
gnp,14,33,6,6,1.000000
gnp,6,14,2,2,1.000000
gnp,6,9,2,2,1.000000
gnp,11,40,3,3,1.000000
gnp,15,49,4,4,1.000000
gnp,11,26,4,4,1.000000
gnp,16,92,3,3,1.000000
gnp,12,17,6,6,1.000000
gnp,8,17,3,3,1.000000
gnp,8,21,2,2,1.000000
gnp,10,28,3,3,1.000000
gnp,8,21,2,2,1.000000
gnp,13,53,4,4,1.000000
gnp,9,12,5,5,1.000000
gnp,7,9,4,4,1.000000
gnp,8,20,2,2,1.000000
gnp,12,54,3,3,1.000000
gnp,10,31,3,3,1.000000
gnp,16,31,7,7,1.000000
gnp,7,14,3,3,1.000000
gnp,9,29,3,3,1.000000
gnp,16,49,6,6,1.000000
gnp,16,75,4,4,1.000000
gnp,9,10,6,6,1.000000
gnp,10,16,4,4,1.000000
gnp,11,40,3,3,1.000000
gnp,7,12,3,3,1.000000
gnp,11,43,3,3,1.000000
gnp,10,9,6,6,1.000000
gnp,12,54,3,3,1.000000
gnp,11,38,3,3,1.000000
gnp,14,55,4,4,1.000000
gnp,7,8,4,4,1.000000
gnp,11,11,7,7,1.000000
gnp,9,18,4,4,1.000000
gnp,8,14,3,3,1.000000
gnp,16,87,3,3,1.000000
gnp,15,41,5,5,1.000000
gnp,10,35,3,3,1.000000
gnp,16,94,3,3,1.000000
gnp,10,32,3,3,1.000000
gnp,6,13,2,2,1.000000
gnp,8,19,3,3,1.000000
gnp,9,23,3,3,1.000000
gnp,8,24,2,2,1.000000
gnp,10,39,2,2,1.000000
gnp,6,5,4,4,1.000000
gnp,12,34,4,4,1.000000
gnp,12,33,5,5,1.000000
gnp,10,24,3,3,1.000000
gnp,14,40,5,5,1.000000
gnp,11,38,3,3,1.000000
gnp,10,22,4,4,1.000000
gnp,15,18,8,8,1.000000
gnp,10,36,3,3,1.000000
gnp,9,29,2,2,1.000000
gnp,16,21,9,9,1.000000
gnp,16,80,4,4,1.000000
gnp,12,51,3,3,1.000000
gnp,16,87,4,4,1.000000
gnp,7,9,3,3,1.000000
gnp,8,25,2,2,1.000000
gnp,14,51,4,4,1.000000
gnp,8,15,3,3,1.000000
gnp,9,10,6,6,1.000000
gnp,12,39,3,3,1.000000
gnp,16,81,4,4,1.000000
gnp,13,60,3,3,1.000000
gnp,10,26,3,3,1.000000
gnp,11,10,6,6,1.000000
gnp,7,4,5,5,1.000000
gnp,6,7,3,3,1.000000
gnp,10,30,3,3,1.000000
gnp,15,33,6,6,1.000000
gnp,16,73,4,4,1.000000
gnp,15,31,7,7,1.000000
gnp,7,14,3,3,1.000000
gnp,12,52,3,3,1.000000
gnp,12,40,3,3,1.000000
gnp,7,9,4,4,1.000000
gnp,9,25,3,3,1.000000
gnp,8,21,3,3,1.000000
gnp,6,10,2,2,1.000000
gnp,7,4,5,5,1.000000
gnp,16,24,9,9,1.000000
gnp,6,2,5,5,1.000000
gnp,14,28,8,8,1.000000
gnp,12,59,3,3,1.000000
gnp,9,17,4,4,1.000000
gnp,16,64,5,5,1.000000
gnp,15,55,4,4,1.000000
gnp,14,67,4,4,1.000000
gnp,15,51,4,4,1.000000
gnp,7,15,3,3,1.000000
gnp,9,9,5,5,1.000000
gnp,10,28,3,3,1.000000
gnp,8,17,3,3,1.000000
gnp,15,37,6,6,1.000000
gnp,15,49,5,5,1.000000
gnp,10,15,4,4,1.000000
gnp,12,25,6,6,1.000000
gnp,16,51,5,5,1.000000
gnp,14,23,7,7,1.000000
gnp,16,71,5,5,1.000000
gnp,11,33,4,4,1.000000
gnp,12,52,2,2,1.000000
gnp,12,17,6,6,1.000000
gnp,7,4,4,4,1.000000
gnp,16,58,5,5,1.000000
gnp,11,35,3,3,1.000000
gnp,11,40,3,3,1.000000
gnp,9,11,5,5,1.000000
gnp,12,57,3,3,1.000000
gnp,12,56,2,2,1.000000
gnp,8,16,3,3,1.000000
gnp,15,76,3,3,1.000000
gnp,7,8,3,3,1.000000
gnp,14,27,6,6,1.000000
gnp,6,4,4,4,1.000000
gnp,8,11,5,5,1.000000
gnp,13,43,4,4,1.000000
gnp,6,8,4,4,1.000000
gnp,16,28,7,7,1.000000
gnp,15,63,4,4,1.000000
gnp,16,93,3,3,1.000000
gnp,16,73,4,4,1.000000
gnp,8,13,3,3,1.000000
gnp,13,40,5,5,1.000000
gnp,12,38,4,4,1.000000
gnp,10,23,4,4,1.000000
gnp,10,22,4,4,1.000000
gnp,7,12,3,3,1.000000
gnp,9,31,3,3,1.000000
gnp,15,15,8,8,1.000000
gnp,14,78,2,2,1.000000
gnp,12,41,3,3,1.000000
gnp,13,44,4,4,1.000000
gnp,12,10,7,7,1.000000
gnp,6,7,3,3,1.000000
gnp,9,34,2,2,1.000000
gnp,15,48,4,4,1.000000
gnp,16,98,3,3,1.000000
gnp,8,8,5,5,1.000000
gnp,14,33,6,6,1.000000
gnp,12,32,4,4,1.000000
gnp,11,48,2,2,1.000000
gnp,16,38,6,6,1.000000
gnp,10,16,5,5,1.000000
gnp,10,15,4,4,1.000000
gnp,9,30,2,2,1.000000
gnp,13,61,3,3,1.000000
gnp,6,7,4,4,1.000000
gnp,11,18,5,5,1.000000
gnp,6,7,3,3,1.000000
gnp,12,33,5,5,1.000000
gnp,12,38,4,4,1.000000
gnp,14,47,4,4,1.000000
gnp,12,17,6,6,1.000000
gnp,6,5,4,4,1.000000
gnp,9,20,4,4,1.000000
gnp,10,23,3,3,1.000000
gnp,14,67,3,3,1.000000
gnp,13,46,4,4,1.000000
gnp,8,8,4,4,1.000000
gnp,6,4,4,4,1.000000
gnp,7,6,5,5,1.000000
gnp,8,9,5,5,1.000000
gnp,6,1,5,5,1.000000
gnp,13,65,3,3,1.000000
gnp,7,8,4,4,1.000000
gnp,16,74,4,4,1.000000
gnp,12,31,5,5,1.000000
gnp,8,3,6,6,1.000000
gnp,6,3,4,4,1.000000
gnp,14,10,10,10,1.000000
gnp,6,11,3,3,1.000000
gnp,12,52,3,3,1.000000
gnp,12,28,4,4,1.000000
gnp,13,20,7,7,1.000000
gnp,9,19,3,3,1.000000
gnp,9,16,4,4,1.000000
gnp,10,38,2,2,1.000000
gnp,16,92,3,3,1.000000
gnp,13,46,4,4,1.000000
gnp,14,55,4,4,1.000000
gnp,15,59,4,4,1.000000
gnp,9,8,6,6,1.000000
gnp,6,5,4,4,1.000000
gnp,8,15,3,3,1.000000
gnp,7,17,2,2,1.000000
gnp,12,36,4,4,1.000000
gnp,9,13,5,5,1.000000
gnp,6,6,4,4,1.000000
gnp,10,9,6,6,1.000000
gnp,10,36,2,2,1.000000
gnp,9,18,4,4,1.000000
gnp,8,12,5,5,1.000000
gnp,16,83,3,3,1.000000
gnp,10,25,3,3,1.000000
gnp,12,15,6,6,1.000000
gnp,11,25,4,4,1.000000
gnp,7,13,3,3,1.000000
gnp,11,19,4,4,1.000000
gnp,15,48,5,5,1.000000
gnp,9,21,3,3,1.000000
gnp,15,36,6,6,1.000000
gnp,8,14,3,3,1.000000
gnp,6,5,3,3,1.000000
gnp,9,27,3,3,1.000000
gnp,7,17,3,3,1.000000
gnp,10,35,2,2,1.000000
gnp,14,60,4,4,1.000000
gnp,8,8,4,4,1.000000
gnp,14,72,3,3,1.000000
gnp,13,54,3,3,1.000000
gnp,12,17,5,5,1.000000
gnp,14,81,3,3,1.000000
gnp,8,17,3,3,1.000000
gnp,10,7,7,7,1.000000
gnp,9,26,3,3,1.000000
gnp,13,44,4,4,1.000000
gnp,8,10,4,4,1.000000
gnp,14,61,4,4,1.000000
gnp,15,31,6,6,1.000000
gnp,6,4,4,4,1.000000
gnp,15,59,4,4,1.000000
gnp,14,55,4,4,1.000000
gnp,10,34,3,3,1.000000
gnp,10,25,3,3,1.000000
gnp,9,4,7,7,1.000000
gnp,10,6,7,7,1.000000
gnp,10,42,2,2,1.000000
gnp,6,12,2,2,1.000000
gnp,9,23,3,3,1.000000
gnp,16,46,6,6,1.000000
gnp,11,10,7,7,1.000000
gnp,8,13,4,4,1.000000
gnp,11,40,3,3,1.000000
gnp,11,16,6,6,1.000000
gnp,8,9,4,4,1.000000
gnp,14,59,4,4,1.000000
gnp,12,55,3,3,1.000000
gnp,16,79,4,4,1.000000
gnp,13,16,7,7,1.000000
gnp,9,18,3,3,1.000000
gnp,8,10,5,5,1.000000
gnp,11,12,6,6,1.000000
gnp,7,10,3,3,1.000000
gnp,8,23,2,2,1.000000
gnp,9,20,3,3,1.000000
gnp,16,49,6,6,1.000000
gnp,8,22,2,2,1.000000
gnp,16,74,4,4,1.000000
gnp,8,6,5,5,1.000000
gnp,13,60,3,3,1.000000
gnp,7,13,3,3,1.000000
gnp,6,7,3,3,1.000000
gnp,12,14,7,7,1.000000
gnp,16,96,3,3,1.000000
gnp,9,24,3,3,1.000000
gnp,8,26,2,2,1.000000
gnp,6,13,2,2,1.000000
gnp,14,56,4,4,1.000000
gnp,7,9,3,3,1.000000
gnp,15,84,4,4,1.000000
gnp,10,11,6,6,1.000000
gnp,9,7,5,5,1.000000
gnp,16,65,4,4,1.000000
gnp,6,3,4,4,1.000000
gnp,7,10,3,3,1.000000
gnp,8,3,7,7,1.000000
gnp,6,5,3,3,1.000000
gnp,8,13,4,4,1.000000
gnp,9,31,2,2,1.000000
gnp,16,87,3,3,1.000000
gnp,13,21,6,6,1.000000
gnp,9,12,4,4,1.000000
gnp,11,12,7,7,1.000000
gnp,7,9,4,4,1.000000
gnp,6,5,4,4,1.000000
gnp,12,33,4,4,1.000000
gnp,16,60,4,4,1.000000
gnp,15,76,3,3,1.000000
gnp,7,3,5,5,1.000000
gnp,16,48,6,6,1.000000
gnp,7,11,3,3,1.000000
gnp,16,32,8,8,1.000000
gnp,12,27,5,5,1.000000
gnp,7,6,4,4,1.000000
gnp,10,14,4,4,1.000000
gnp,8,7,4,4,1.000000
gnp,11,19,5,5,1.000000
gnp,13,51,3,3,1.000000
gnp,15,74,3,3,1.000000
gnp,8,19,3,3,1.000000
gnp,12,31,4,4,1.000000
gnp,14,42,4,4,1.000000
gnp,12,11,7,7,1.000000
gnp,14,48,4,4,1.000000
gnp,7,9,4,4,1.000000
gnp,9,31,2,2,1.000000
gnp,11,33,4,4,1.000000
gnp,7,2,5,5,1.000000
gnp,11,43,2,2,1.000000
gnp,10,23,4,4,1.000000
gnp,9,10,5,5,1.000000
gnp,6,11,2,2,1.000000
gnp,8,11,5,5,1.000000
gnp,12,32,4,4,1.000000
gnp,16,71,5,5,1.000000
gnp,15,83,3,3,1.000000
gnp,8,12,4,4,1.000000
gnp,9,8,5,5,1.000000
gnp,8,19,3,3,1.000000
gnp,8,21,3,3,1.000000
gnp,13,36,5,5,1.000000
gnp,13,55,3,3,1.000000
gnp,10,6,6,6,1.000000
gnp,16,20,9,9,1.000000
gnp,14,20,7,7,1.000000
gnp,12,40,3,3,1.000000
gnp,14,55,4,4,1.000000
gnp,15,56,4,4,1.000000
gnp,12,62,2,2,1.000000
gnp,7,8,4,4,1.000000
gnp,9,7,5,5,1.000000
gnp,9,14,4,4,1.000000
gnp,13,32,5,5,1.000000
gnp,12,17,5,5,1.000000
gnp,16,51,6,6,1.000000
gnp,7,3,5,5,1.000000
gnp,15,64,4,4,1.000000
gnp,6,4,4,4,1.000000
gnp,14,26,6,6,1.000000
gnp,15,16,9,9,1.000000
gnp,9,16,4,4,1.000000
gnp,9,10,5,5,1.000000
gnp,15,88,3,3,1.000000
gnp,6,3,5,5,1.000000
gnp,10,5,8,8,1.000000
gnp,10,35,3,3,1.000000
gnp,11,38,3,3,1.000000
gnp,8,19,3,3,1.000000
gnp,11,30,4,4,1.000000
gnp,14,71,3,3,1.000000
gnp,6,7,3,3,1.000000
gnp,13,54,3,3,1.000000
gnp,10,12,6,6,1.000000
gnp,7,15,2,2,1.000000
gnp,9,27,2,2,1.000000
gnp,8,24,2,2,1.000000
gnp,13,56,3,3,1.000000
gnp,10,16,5,5,1.000000
gnp,6,13,2,2,1.000000
gnp,9,7,5,5,1.000000
gnp,8,12,4,4,1.000000
gnp,7,14,3,3,1.000000
gnp,10,26,4,4,1.000000
gnp,13,18,7,7,1.000000
gnp,8,21,2,2,1.000000
gnp,7,9,4,4,1.000000
gnp,11,13,6,6,1.000000
gnp,13,24,5,5,1.000000
gnp,10,31,4,4,1.000000
gnp,16,95,3,3,1.000000
gnp,15,62,4,4,1.000000
gnp,10,17,4,4,1.000000
gnp,13,32,5,5,1.000000
gnp,11,9,7,7,1.000000
gnp,14,38,5,5,1.000000
gnp,15,87,3,3,1.000000
gnp,9,23,3,3,1.000000
gnp,8,17,3,3,1.000000
gnp,12,22,6,6,1.000000
gnp,7,6,4,4,1.000000
gnp,16,21,9,9,1.000000
gnp,13,54,4,4,1.000000
gnp,7,5,5,5,1.000000
gnp,12,37,4,4,1.000000
gnp,12,21,5,5,1.000000
gnp,11,47,3,3,1.000000
gnp,9,25,3,3,1.000000
gnp,7,5,4,4,1.000000
gnp,14,20,8,8,1.000000
gnp,8,22,2,2,1.000000
gnp,15,17,8,8,1.000000
gnp,6,12,2,2,1.000000
gnp,12,52,3,3,1.000000
gnp,6,5,4,4,1.000000
gnp,16,58,5,5,1.000000
gnp,16,28,7,7,1.000000
gnp,7,5,5,5,1.000000
gnp,10,37,2,2,1.000000
gnp,12,32,5,5,1.000000
gnp,8,23,2,2,1.000000
gnp,12,29,5,5,1.000000
gnp,8,11,4,4,1.000000
gnp,13,31,6,6,1.000000
gnp,12,25,5,5,1.000000
gnp,6,7,3,3,1.000000
gnp,7,11,3,3,1.000000
gnp,11,37,3,3,1.000000
gnp,6,5,3,3,1.000000
gnp,8,15,3,3,1.000000
gnp,7,16,3,3,1.000000
gnp,10,21,5,5,1.000000
gnp,13,65,3,3,1.000000
gnp,16,62,4,4,1.000000
gnp,6,4,4,4,1.000000
gnp,12,40,3,3,1.000000
gnp,15,42,5,5,1.000000
gnp,9,31,2,2,1.000000
gnp,11,37,3,3,1.000000
gnp,10,33,3,3,1.000000
gnp,13,53,3,3,1.000000
gnp,12,32,4,4,1.000000
gnp,14,42,5,5,1.000000
gnp,7,18,2,2,1.000000
gnp,12,23,5,5,1.000000
gnp,14,39,4,4,1.000000
gnp,16,78,4,4,1.000000
gnp,16,40,6,6,1.000000
gnp,7,15,2,2,1.000000
gnp,7,14,3,3,1.000000
gnp,7,14,3,3,1.000000
gnp,16,58,5,5,1.000000
gnp,16,37,7,7,1.000000
gnp,9,12,5,5,1.000000
gnp,14,38,6,6,1.000000
gnp,13,61,3,3,1.000000
gnp,13,43,4,4,1.000000
gnp,6,15,1,1,1.000000
gnp,14,28,7,7,1.000000
gnp,10,37,3,3,1.000000
gnp,16,38,7,7,1.000000
gnp,6,4,4,4,1.000000
gnp,11,40,3,3,1.000000
gnp,11,13,6,6,1.000000
gnp,9,22,3,3,1.000000
gnp,9,21,3,3,1.000000
gnp,6,10,2,2,1.000000
gnp,8,22,2,2,1.000000
gnp,8,14,4,4,1.000000
gnp,14,27,6,6,1.000000
gnp,7,15,2,2,1.000000
gnp,14,19,7,7,1.000000
gnp,16,93,3,3,1.000000
gnp,11,13,5,5,1.000000
gnp,6,6,4,4,1.000000
gnp,6,6,3,3,1.000000
gnp,15,41,6,6,1.000000
gnp,13,45,4,4,1.000000
gnp,8,8,4,4,1.000000
gnp,10,9,6,6,1.000000
gnp,12,51,3,3,1.000000
gnp,10,5,6,6,1.000000
gnp,16,16,9,9,1.000000
gnp,7,5,5,5,1.000000
gnp,7,5,4,4,1.000000
gnp,8,7,5,5,1.000000
gnp,11,45,3,3,1.000000
gnp,12,17,6,6,1.000000
gnp,12,21,5,5,1.000000
gnp,9,24,3,3,1.000000
gnp,11,30,3,3,1.000000
gnp,8,6,5,5,1.000000
gnp,8,21,2,2,1.000000
gnp,7,17,2,2,1.000000
gnp,13,67,3,3,1.000000
gnp,8,11,4,4,1.000000
gnp,7,3,5,5,1.000000
gnp,14,8,9,9,1.000000
gnp,9,26,3,3,1.000000
gnp,9,10,5,5,1.000000
gnp,9,8,6,6,1.000000
gnp,10,16,4,4,1.000000
gnp,7,9,3,3,1.000000
gnp,13,51,3,3,1.000000
gnp,12,35,5,5,1.000000
gnp,9,11,4,4,1.000000
gnp,16,89,3,3,1.000000
gnp,12,15,7,7,1.000000
gnp,8,18,3,3,1.000000
gnp,12,49,3,3,1.000000
gnp,15,72,4,4,1.000000
gnp,15,31,7,7,1.000000
gnp,12,22,6,6,1.000000
gnp,11,45,2,2,1.000000
gnp,13,25,6,6,1.000000
gnp,14,24,7,7,1.000000
gnp,10,23,4,4,1.000000
gnp,12,17,6,6,1.000000
gnp,11,27,4,4,1.000000
gnp,11,19,5,5,1.000000
gnp,16,43,6,6,1.000000
gnp,11,17,5,5,1.000000
gnp,6,9,2,2,1.000000
gnp,13,44,3,3,1.000000
gnp,9,17,3,3,1.000000
gnp,10,23,4,4,1.000000
gnp,7,17,2,2,1.000000
gnp,15,73,5,5,1.000000
gnp,16,83,4,4,1.000000
gnp,11,19,5,5,1.000000
gnp,13,38,4,4,1.000000
gnp,12,19,5,5,1.000000
gnp,8,13,4,4,1.000000
gnp,9,23,3,3,1.000000
gnp,6,11,2,2,1.000000
gnp,13,34,5,5,1.000000
gnp,6,9,3,3,1.000000
gnp,11,28,4,4,1.000000
gnp,13,18,7,7,1.000000
gnp,10,15,5,5,1.000000
gnp,12,14,6,6,1.000000
gnp,13,46,4,4,1.000000
gnp,10,22,4,4,1.000000
gnp,13,56,3,3,1.000000
gnp,11,46,2,2,1.000000
gnp,6,2,4,4,1.000000
gnp,8,9,4,4,1.000000
gnp,12,22,4,4,1.000000
gnp,9,23,3,3,1.000000
gnp,14,76,2,2,1.000000
gnp,10,30,3,3,1.000000
gnp,7,5,4,4,1.000000
gnp,7,7,4,4,1.000000
gnp,10,33,3,3,1.000000
gnp,15,44,5,5,1.000000
gnp,11,41,3,3,1.000000
gnp,16,58,5,5,1.000000
gnp,14,40,5,5,1.000000
gnp,16,69,4,4,1.000000
gnp,11,40,3,3,1.000000
gnp,9,6,6,6,1.000000
gnp,7,9,3,3,1.000000
gnp,16,69,4,4,1.000000
gnp,7,5,4,4,1.000000
gnp,6,5,4,4,1.000000
gnp,13,49,4,4,1.000000
gnp,13,11,8,8,1.000000
gnp,15,73,4,4,1.000000
gnp,10,35,2,2,1.000000
gnp,14,21,6,6,1.000000
gnp,9,31,3,3,1.000000
gnp,13,61,3,3,1.000000
gnp,12,16,6,6,1.000000
gnp,12,23,5,5,1.000000
gnp,15,58,4,4,1.000000
gnp,13,64,3,3,1.000000
gnp,9,4,7,7,1.000000
gnp,8,9,4,4,1.000000
gnp,16,66,4,4,1.000000
gnp,10,8,6,6,1.000000
gnp,11,22,5,5,1.000000
gnp,12,28,4,4,1.000000
gnp,6,10,3,3,1.000000
gnp,7,4,4,4,1.000000
gnp,12,14,5,5,1.000000
gnp,12,18,6,6,1.000000
gnp,14,53,5,5,1.000000
gnp,7,17,2,2,1.000000
gnp,7,10,3,3,1.000000
gnp,6,9,2,2,1.000000
gnp,7,8,4,4,1.000000
gnp,9,29,2,2,1.000000
gnp,12,28,4,4,1.000000
gnp,10,18,5,5,1.000000
gnp,9,17,4,4,1.000000
gnp,15,37,5,5,1.000000
gnp,7,10,3,3,1.000000
gnp,10,33,3,3,1.000000
gnp,8,12,3,3,1.000000
gnp,8,8,5,5,1.000000
gnp,8,21,3,3,1.000000
gnp,12,33,4,4,1.000000
gnp,10,37,3,3,1.000000
gnp,16,89,3,3,1.000000
gnp,15,42,5,5,1.000000
gnp,15,11,10,10,1.000000
gnp,13,18,7,7,1.000000
gnp,15,69,4,4,1.000000
gnp,9,16,4,4,1.000000
gnp,8,21,3,3,1.000000
gnp,10,33,3,3,1.000000
gnp,13,36,4,4,1.000000
gnp,14,32,6,6,1.000000
gnp,10,26,3,3,1.000000
gnp,11,22,6,6,1.000000
gnp,14,64,3,3,1.000000
gnp,7,9,3,3,1.000000
gnp,8,22,2,2,1.000000
gnp,16,94,3,3,1.000000
gnp,13,15,9,9,1.000000
gnp,11,14,6,6,1.000000
gnp,9,28,2,2,1.000000
gnp,16,33,7,7,1.000000
gnp,16,71,4,4,1.000000
gnp,14,31,5,5,1.000000
gnp,11,26,4,4,1.000000
gnp,10,15,5,5,1.000000
gnp,15,53,5,5,1.000000
gnp,15,23,7,7,1.000000
gnp,15,96,2,2,1.000000
gnp,10,14,6,6,1.000000
gnp,13,54,4,4,1.000000
gnp,13,50,3,3,1.000000
gnp,15,50,5,5,1.000000
gnp,10,18,4,4,1.000000
gnp,10,5,7,7,1.000000
gnp,9,8,5,5,1.000000
gnp,6,8,3,3,1.000000
gnp,12,24,5,5,1.000000
gnp,6,4,4,4,1.000000
gnp,10,28,3,3,1.000000
gnp,7,11,3,3,1.000000
gnp,9,21,4,4,1.000000
gnp,10,14,5,5,1.000000
gnp,11,14,6,6,1.000000
gnp,12,29,5,5,1.000000
gnp,10,32,3,3,1.000000
gnp,8,13,3,3,1.000000
gnp,15,30,7,7,1.000000
gnp,10,12,5,5,1.000000
gnp,10,13,5,5,1.000000
gnp,15,84,3,3,1.000000
gnp,14,24,7,7,1.000000
gnp,7,5,5,5,1.000000
gnp,11,26,4,4,1.000000
gnp,13,34,4,4,1.000000
gnp,12,54,3,3,1.000000
gnp,6,11,3,3,1.000000
gnp,12,9,8,8,1.000000
gnp,15,82,3,3,1.000000
gnp,15,47,5,5,1.000000
gnp,15,54,4,4,1.000000
gnp,6,13,2,2,1.000000
gnp,8,14,3,3,1.000000
gnp,13,59,3,3,1.000000
gnp,6,3,4,4,1.000000
gnp,16,27,7,7,1.000000
gnp,10,25,3,3,1.000000
gnp,6,5,4,4,1.000000
gnp,9,16,4,4,1.000000
gnp,8,8,4,4,1.000000
gnp,10,25,4,4,1.000000
gnp,13,45,4,4,1.000000
gnp,7,3,5,5,1.000000
gnp,15,84,3,3,1.000000
gnp,9,14,4,4,1.000000
gnp,6,10,2,2,1.000000
gnp,12,19,5,5,1.000000
gnp,10,19,5,5,1.000000
gnp,9,24,3,3,1.000000
gnp,15,68,4,4,1.000000
gnp,12,17,6,6,1.000000
gnp,8,7,5,5,1.000000
gnp,8,10,4,4,1.000000
gnp,13,37,4,4,1.000000
gnp,16,28,7,7,1.000000
gnp,11,32,3,3,1.000000
gnp,12,45,3,3,1.000000
gnp,13,43,4,4,1.000000
gnp,8,2,7,7,1.000000
gnp,7,13,3,3,1.000000
gnp,15,38,5,5,1.000000
gnp,6,12,2,2,1.000000
gnp,8,13,4,4,1.000000
gnp,10,4,7,7,1.000000
gnp,11,25,4,4,1.000000
gnp,11,45,3,3,1.000000
gnp,14,7,10,10,1.000000
gnp,11,31,4,4,1.000000
gnp,13,50,3,3,1.000000
gnp,10,28,3,3,1.000000
gnp,12,8,9,9,1.000000
gnp,12,56,2,2,1.000000
gnp,15,68,4,4,1.000000
gnp,8,17,3,3,1.000000
gnp,15,61,4,4,1.000000
gnp,7,3,6,6,1.000000
gnp,9,7,6,6,1.000000
gnp,13,67,3,3,1.000000
gnp,11,33,4,4,1.000000
gnp,7,19,2,2,1.000000
gnp,12,46,3,3,1.000000
gnp,7,3,5,5,1.000000
gnp,7,5,5,5,1.000000
gnp,13,52,3,3,1.000000
gnp,8,12,4,4,1.000000
gnp,12,17,5,5,1.000000
gnp,9,13,4,4,1.000000
gnp,16,55,5,5,1.000000
gnp,8,14,4,4,1.000000
gnp,7,12,2,2,1.000000
gnp,9,9,5,5,1.000000
gnp,6,6,3,3,1.000000
gnp,15,55,5,5,1.000000
gnp,11,14,6,6,1.000000
gnp,9,27,3,3,1.000000
gnp,14,37,4,4,1.000000
gnp,7,10,3,3,1.000000
gnp,7,12,3,3,1.000000
gnp,14,21,7,7,1.000000
gnp,13,25,6,6,1.000000
gnp,6,5,3,3,1.000000
gnp,10,15,5,5,1.000000
gnp,7,17,2,2,1.000000
gnp,10,10,5,5,1.000000
gnp,14,71,3,3,1.000000
gnp,12,43,3,3,1.000000
gnp,15,57,4,4,1.000000
gnp,16,22,8,8,1.000000
gnp,12,19,6,6,1.000000
gnp,6,3,4,4,1.000000
gnp,16,96,3,3,1.000000
gnp,9,20,3,3,1.000000
gnp,11,51,2,2,1.000000
gnp,15,67,4,4,1.000000
gnp,14,38,5,5,1.000000
gnp,10,28,3,3,1.000000
gnp,6,8,3,3,1.000000
gnp,16,43,6,6,1.000000
gnp,10,29,3,3,1.000000
gnp,6,12,2,2,1.000000
gnp,9,15,4,4,1.000000
gnp,16,75,4,4,1.000000
gnp,14,45,4,4,1.000000
gnp,12,44,4,4,1.000000
gnp,12,31,4,4,1.000000
gnp,13,11,9,9,1.000000
gnp,11,17,5,5,1.000000
gnp,6,4,4,4,1.000000
gnp,15,21,7,7,1.000000
gnp,14,52,4,4,1.000000
gnp,9,26,3,3,1.000000
gnp,6,1,5,5,1.000000
gnp,10,9,5,5,1.000000
gnp,15,75,3,3,1.000000
gnp,10,13,6,6,1.000000
gnp,13,50,4,4,1.000000
gnp,7,6,4,4,1.000000
gnp,13,53,4,4,1.000000
gnp,9,17,3,3,1.000000
gnp,11,41,3,3,1.000000
gnp,16,38,7,7,1.000000
gnp,11,30,4,4,1.000000
gnp,6,6,3,3,1.000000
gnp,15,62,4,4,1.000000
gnp,9,27,2,2,1.000000
gnp,10,24,3,3,1.000000
gnp,7,12,3,3,1.000000
gnp,6,15,1,1,1.000000
gnp,16,86,3,3,1.000000
gnp,6,8,3,3,1.000000
gnp,10,15,5,5,1.000000
gnp,10,33,3,3,1.000000
gnp,6,7,3,3,1.000000
gnp,13,6,9,9,1.000000
gnp,12,32,4,4,1.000000
gnp,9,15,4,4,1.000000
gnp,14,18,7,7,1.000000
gnp,6,5,4,4,1.000000
gnp,6,13,2,2,1.000000
gnp,10,34,2,2,1.000000
gnp,6,6,3,3,1.000000
gnp,12,47,3,3,1.000000
gnp,7,14,2,2,1.000000
gnp,14,44,5,5,1.000000
gnp,8,24,2,2,1.000000
gnp,9,16,4,4,1.000000
gnp,10,30,3,3,1.000000
gnp,7,14,3,3,1.000000
gnp,11,35,3,3,1.000000
gnp,15,32,6,6,1.000000
gnp,16,40,7,7,1.000000
gnp,7,9,4,4,1.000000
gnp,10,31,4,4,1.000000
gnp,13,8,9,9,1.000000
gnp,13,12,7,7,1.000000
gnp,13,51,3,3,1.000000
gnp,12,13,6,6,1.000000
gnp,10,30,3,3,1.000000
gnp,7,9,3,3,1.000000
gnp,10,17,5,5,1.000000
gnp,8,7,5,5,1.000000
gnp,8,18,3,3,1.000000
gnp,9,8,5,5,1.000000
gnp,8,18,3,3,1.000000
gnp,15,38,5,5,1.000000
gnp,6,13,2,2,1.000000
gnp,10,7,6,6,1.000000
gnp,14,62,3,3,1.000000
gnp,11,12,6,6,1.000000
gnp,7,13,3,3,1.000000
gnp,9,12,4,4,1.000000
gnp,16,53,6,6,1.000000
gnp,10,13,5,5,1.000000
gnp,15,65,3,3,1.000000
gnp,12,49,3,3,1.000000
gnp,13,62,4,4,1.000000
gnp,15,20,8,8,1.000000
gnp,6,7,3,3,1.000000
gnp,15,15,10,10,1.000000
gnp,11,24,5,5,1.000000
gnp,9,18,4,4,1.000000
gnp,16,77,4,4,1.000000
gnp,16,29,8,8,1.000000
gnp,9,14,3,3,1.000000
gnp,14,56,4,4,1.000000
gnp,15,52,5,5,1.000000
gnp,11,17,6,6,1.000000
gnp,9,19,4,4,1.000000
gnp,9,19,3,3,1.000000
gnp,9,17,4,4,1.000000
gnp,11,13,6,6,1.000000
gnp,11,35,3,3,1.000000
gnp,13,62,3,3,1.000000
gnp,15,76,3,3,1.000000
gnp,14,34,6,6,1.000000
gnp,16,62,5,5,1.000000
gnp,15,38,6,6,1.000000
gnp,11,20,5,5,1.000000
gnp,12,32,4,4,1.000000
gnp,15,43,6,6,1.000000
gnp,8,20,3,3,1.000000
gnp,8,9,4,4,1.000000
gnp,14,63,4,4,1.000000
gnp,7,2,6,6,1.000000
gnp,12,13,7,7,1.000000
gnp,7,4,4,4,1.000000
gnp,12,28,6,6,1.000000
gnp,14,19,8,8,1.000000
gnp,7,6,3,3,1.000000
gnp,15,59,5,5,1.000000
gnp,6,2,5,5,1.000000
gnp,13,63,3,3,1.000000
gnp,12,21,5,5,1.000000
gnp,8,19,3,3,1.000000
gnp,8,22,2,2,1.000000
gnp,16,74,4,4,1.000000
gnp,11,20,6,6,1.000000
gnp,7,5,5,5,1.000000
gnp,11,10,7,7,1.000000
gnp,10,19,4,4,1.000000
gnp,8,22,3,3,1.000000
gnp,9,18,4,4,1.000000
gnp,15,74,3,3,1.000000
gnp,7,6,4,4,1.000000
gnp,7,7,4,4,1.000000
gnp,13,21,7,7,1.000000
gnp,10,34,2,2,1.000000
gnp,15,78,3,3,1.000000
gnp,16,42,6,6,1.000000
gnp,9,23,4,4,1.000000
gnp,6,8,3,3,1.000000
gnp,14,44,4,4,1.000000
gnp,6,7,3,3,1.000000
gnp,11,19,5,5,1.000000
gnp,13,41,4,4,1.000000
gnp,10,32,3,3,1.000000
gnp,13,52,3,3,1.000000
gnp,10,9,6,6,1.000000
gnp,10,26,3,3,1.000000
gnp,11,38,3,3,1.000000
gnp,7,8,3,3,1.000000
gnp,10,26,3,3,1.000000
gnp,11,40,3,3,1.000000
gnp,12,16,7,7,1.000000
gnp,9,25,3,3,1.000000
gnp,16,76,4,4,1.000000
gnp,8,16,3,3,1.000000
gnp,16,40,6,6,1.000000
gnp,8,14,3,3,1.000000
gnp,13,26,5,5,1.000000
gnp,16,95,3,3,1.000000
gnp,6,8,2,2,1.000000
gnp,14,46,4,4,1.000000
gnp,6,8,3,3,1.000000
gnp,15,45,5,5,1.000000
gnp,16,49,5,5,1.000000
gnp,10,30,3,3,1.000000
gnp,16,55,5,5,1.000000
gnp,15,43,6,6,1.000000
gnp,10,10,7,7,1.000000
gnp,10,17,4,4,1.000000
gnp,11,13,6,6,1.000000
gnp,7,5,5,5,1.000000
gnp,16,25,9,9,1.000000
gnp,8,19,3,3,1.000000
gnp,13,46,4,4,1.000000
gnp,6,6,4,4,1.000000
gnp,12,15,6,6,1.000000
gnp,10,23,4,4,1.000000
gnp,12,44,3,3,1.000000
gnp,12,21,5,5,1.000000
gnp,10,18,4,4,1.000000
gnp,11,29,3,3,1.000000
gnp,10,20,4,4,1.000000
gnp,15,77,3,3,1.000000
gnp,16,28,9,9,1.000000
gnp,8,15,3,3,1.000000
gnp,6,13,2,2,1.000000
gnp,11,40,3,3,1.000000
gnp,16,18,9,9,1.000000
gnp,11,31,4,4,1.000000
gnp,14,35,5,5,1.000000
gnp,10,33,3,3,1.000000
gnp,11,23,4,4,1.000000
gnp,6,4,3,3,1.000000
gnp,14,15,8,8,1.000000
gnp,13,17,6,6,1.000000
gnp,10,9,6,6,1.000000
gnp,6,3,4,4,1.000000
gnp,12,35,5,5,1.000000
gnp,10,33,3,3,1.000000
gnp,7,11,3,3,1.000000
gnp,6,2,5,5,1.000000
gnp,7,14,3,3,1.000000
gnp,9,25,3,3,1.000000
gnp,11,16,5,5,1.000000
gnp,10,9,6,6,1.000000
gnp,7,4,5,5,1.000000
gnp,12,18,6,6,1.000000
gnp,9,30,2,2,1.000000
gnp,13,21,6,6,1.000000
gnp,12,10,7,7,1.000000
gnp,12,51,2,2,1.000000
gnp,13,25,6,6,1.000000
gnp,12,48,3,3,1.000000
gnp,11,27,4,4,1.000000
gnp,16,44,5,5,1.000000
gnp,16,103,3,3,1.000000
gnp,14,24,6,6,1.000000
gnp,15,42,6,6,1.000000
gnp,12,41,4,4,1.000000
gnp,14,64,3,3,1.000000
gnp,6,12,2,2,1.000000
gnp,12,20,5,5,1.000000
gnp,8,5,6,6,1.000000
gnp,6,7,3,3,1.000000
gnp,14,64,3,3,1.000000
gnp,11,47,2,2,1.000000
gnp,11,28,4,4,1.000000
gnp,14,36,5,5,1.000000
gnp,7,7,3,3,1.000000
gnp,12,20,6,6,1.000000
gnp,8,9,5,5,1.000000
gnp,8,7,4,4,1.000000
gnp,6,10,2,2,1.000000
gnp,8,19,3,3,1.000000
gnp,8,19,3,3,1.000000
gnp,12,11,7,7,1.000000
gnp,12,57,2,2,1.000000
gnp,14,24,6,6,1.000000
gnp,15,64,3,3,1.000000
gnp,10,24,4,4,1.000000
gnp,15,85,3,3,1.000000
gnp,14,57,4,4,1.000000
gnp,13,28,5,5,1.000000
gnp,8,6,5,5,1.000000
gnp,6,6,3,3,1.000000
gnp,8,11,4,4,1.000000
gnp,10,32,3,3,1.000000
gnp,7,14,3,3,1.000000
gnp,7,8,4,4,1.000000
gnp,15,31,6,6,1.000000
gnp,16,73,4,4,1.000000
gnp,11,37,3,3,1.000000
gnp,10,18,4,4,1.000000
gnp,15,75,3,3,1.000000
gnp,15,69,4,4,1.000000
gnp,14,51,4,4,1.000000
gnp,7,11,3,3,1.000000
gnp,9,15,4,4,1.000000
gnp,15,25,7,7,1.000000
gnp,11,29,5,5,1.000000
gnp,15,70,3,3,1.000000
gnp,9,10,5,5,1.000000
gnp,9,11,5,5,1.000000
gnp,8,6,6,6,1.000000
gnp,11,12,7,7,1.000000
gnp,8,9,4,4,1.000000
gnp,12,47,4,4,1.000000
gnp,10,22,4,4,1.000000
gnp,9,25,3,3,1.000000
gnp,12,44,3,3,1.000000
gnp,10,35,3,3,1.000000
gnp,14,29,7,7,1.000000
gnp,8,22,3,3,1.000000
gnp,8,17,3,3,1.000000
gnp,13,58,3,3,1.000000
gnp,16,21,9,9,1.000000
gnp,16,48,6,6,1.000000
gnp,11,50,2,2,1.000000
gnp,12,17,6,6,1.000000
gnp,12,36,4,4,1.000000
gnp,9,18,4,4,1.000000
gnp,6,9,3,3,1.000000
gnp,7,14,3,3,1.000000
gnp,14,65,3,3,1.000000
gnp,6,4,4,4,1.000000
gnp,12,11,7,7,1.000000
gnp,10,26,4,4,1.000000
gnp,13,67,3,3,1.000000
gnp,13,14,8,8,1.000000
gnp,6,6,3,3,1.000000
gnp,8,23,2,2,1.000000
gnp,7,9,3,3,1.000000
gnp,6,8,3,3,1.000000
gnp,11,10,7,7,1.000000
gnp,9,18,3,3,1.000000
gnp,11,40,3,3,1.000000
gnp,8,19,3,3,1.000000
gnp,14,14,8,8,1.000000
gnp,12,50,3,3,1.000000
gnp,7,3,6,6,1.000000
gnp,10,10,5,5,1.000000
gnp,6,6,3,3,1.000000
gnp,14,47,4,4,1.000000
gnp,10,15,5,5,1.000000
gnp,7,9,4,4,1.000000
gnp,15,81,3,3,1.000000
gnp,7,18,2,2,1.000000
gnp,7,4,5,5,1.000000
gnp,8,24,2,2,1.000000
gnp,16,49,7,7,1.000000
gnp,9,16,4,4,1.000000
gnp,8,8,4,4,1.000000
gnp,10,17,4,4,1.000000
gnp,15,42,5,5,1.000000
gnp,9,5,6,6,1.000000
gnp,8,24,2,2,1.000000
gnp,13,29,4,4,1.000000
gnp,11,27,5,5,1.000000
gnp,16,65,5,5,1.000000
gnp,6,14,2,2,1.000000
gnp,8,16,3,3,1.000000
gnp,12,31,5,5,1.000000
gnp,9,17,4,4,1.000000
gnp,7,11,3,3,1.000000
gnp,10,15,4,4,1.000000
gnp,6,12,2,2,1.000000
gnp,13,20,6,6,1.000000
gnp,11,28,4,4,1.000000
gnp,11,38,3,3,1.000000
gnp,6,5,3,3,1.000000
gnp,11,26,4,4,1.000000
gnp,8,24,2,2,1.000000
gnp,8,14,3,3,1.000000
gnp,6,5,3,3,1.000000
gnp,15,58,5,5,1.000000
gnp,12,35,4,4,1.000000
gnp,10,31,3,3,1.000000
gnp,13,50,3,3,1.000000
gnp,6,11,2,2,1.000000
gnp,14,22,8,8,1.000000
gnp,10,33,3,3,1.000000
gnp,15,15,8,8,1.000000
gnp,10,30,4,4,1.000000
gnp,15,71,4,4,1.000000
gnp,16,50,5,5,1.000000
gnp,7,5,4,4,1.000000
gnp,11,28,3,3,1.000000
gnp,13,14,7,7,1.000000
gnp,9,25,3,3,1.000000
gnp,10,7,7,7,1.000000
gnp,9,12,5,5,1.000000
gnp,8,12,3,3,1.000000
gnp,6,7,3,3,1.000000
gnp,7,12,3,3,1.000000
gnp,9,29,2,2,1.000000
gnp,13,49,4,4,1.000000
gnp,12,16,6,6,1.000000
gnp,12,51,3,3,1.000000
gnp,16,80,4,4,1.000000
gnp,15,38,6,6,1.000000
gnp,11,32,3,3,1.000000
gnp,9,29,3,3,1.000000
gnp,9,14,5,5,1.000000
gnp,14,70,3,3,1.000000
gnp,7,14,2,2,1.000000
gnp,13,18,6,6,1.000000
gnp,10,18,4,4,1.000000
gnp,12,45,4,4,1.000000
gnp,8,9,4,4,1.000000
gnp,16,89,3,3,1.000000
gnp,10,44,2,2,1.000000
gnp,8,10,4,4,1.000000
gnp,13,57,3,3,1.000000
gnp,16,81,3,3,1.000000
gnp,6,2,4,4,1.000000
gnp,15,49,5,5,1.000000
gnp,6,10,3,3,1.000000
gnp,12,50,3,3,1.000000
gnp,12,17,7,7,1.000000
gnp,15,74,4,4,1.000000
gnp,14,42,5,5,1.000000
gnp,11,40,2,2,1.000000
gnp,7,13,3,3,1.000000
gnp,14,57,4,4,1.000000
gnp,8,7,4,4,1.000000
gnp,9,19,3,3,1.000000
gnp,12,12,7,7,1.000000
gnp,6,2,4,4,1.000000
gnp,13,37,4,4,1.000000
gnp,10,15,5,5,1.000000
gnp,6,11,2,2,1.000000
gnp,10,19,5,5,1.000000
gnp,13,29,6,6,1.000000
gnp,15,21,8,8,1.000000
gnp,14,64,3,3,1.000000
gnp,8,8,5,5,1.000000
gnp,8,17,3,3,1.000000
gnp,12,50,3,3,1.000000
gnp,13,38,4,4,1.000000
gnp,14,47,4,4,1.000000
gnp,7,11,3,3,1.000000
gnp,8,14,4,4,1.000000
gnp,12,33,5,5,1.000000
gnp,11,43,3,3,1.000000
gnp,12,21,6,6,1.000000
gnp,10,32,3,3,1.000000
gnp,12,53,3,3,1.000000
gnp,15,32,6,6,1.000000
gnp,15,60,4,4,1.000000
gnp,6,6,3,3,1.000000
gnp,9,24,3,3,1.000000
gnp,10,30,3,3,1.000000
gnp,10,23,4,4,1.000000
gnp,15,42,6,6,1.000000
gnp,16,40,6,6,1.000000
gnp,12,23,4,4,1.000000
gnp,16,25,7,7,1.000000
gnp,13,42,4,4,1.000000
gnp,7,6,4,4,1.000000
gnp,11,22,5,5,1.000000
gnp,15,78,3,3,1.000000
gnp,16,65,5,5,1.000000
gnp,13,65,3,3,1.000000
gnp,11,20,5,5,1.000000
gnp,13,25,5,5,1.000000
gnp,9,20,4,4,1.000000
gnp,16,51,5,5,1.000000
gnp,6,11,2,2,1.000000
gnp,16,56,5,5,1.000000
gnp,7,2,5,5,1.000000
gnp,10,20,4,4,1.000000
gnp,13,56,4,4,1.000000
gnp,8,10,3,3,1.000000
gnp,15,47,5,5,1.000000
gnp,12,53,3,3,1.000000
gnp,10,27,4,4,1.000000
gnp,9,19,4,4,1.000000
gnp,12,38,3,3,1.000000
gnp,7,14,3,3,1.000000
gnp,7,14,3,3,1.000000
gnp,8,20,3,3,1.000000
gnp,14,42,5,5,1.000000
gnp,12,55,3,3,1.000000
gnp,11,38,3,3,1.000000
gnp,16,93,3,3,1.000000
gnp,14,46,4,4,1.000000
gnp,9,31,3,3,1.000000
gnp,13,25,6,6,1.000000
gnp,8,25,2,2,1.000000
gnp,12,24,6,6,1.000000
gnp,13,49,4,4,1.000000
gnp,12,43,3,3,1.000000
gnp,12,32,5,5,1.000000
gnp,15,36,6,6,1.000000
gnp,15,63,4,4,1.000000
gnp,6,9,3,3,1.000000
gnp,8,19,3,3,1.000000
gnp,16,29,8,8,1.000000
gnp,6,10,2,2,1.000000
gnp,14,41,4,4,1.000000
gnp,8,20,3,3,1.000000
gnp,8,12,4,4,1.000000
gnp,11,16,5,5,1.000000
gnp,6,4,4,4,1.000000
gnp,13,23,6,6,1.000000
gnp,9,29,2,2,1.000000
gnp,14,53,4,4,1.000000
gnp,8,6,5,5,1.000000
gnp,6,12,2,2,1.000000
gnp,14,76,2,2,1.000000
gnp,7,15,2,2,1.000000
gnp,14,19,8,8,1.000000
gnp,13,37,4,4,1.000000
gnp,10,28,3,3,1.000000
gnp,11,32,3,3,1.000000
gnp,12,52,3,3,1.000000
gnp,8,23,2,2,1.000000
gnp,8,11,4,4,1.000000
gnp,8,23,2,2,1.000000
gnp,9,15,4,4,1.000000
gnp,16,67,4,4,1.000000
gnp,13,50,4,4,1.000000
gnp,11,23,4,4,1.000000
gnp,11,39,3,3,1.000000
gnp,15,25,7,7,1.000000
gnp,8,4,6,6,1.000000
gnp,6,6,4,4,1.000000
gnp,15,40,6,6,1.000000
gnp,10,37,2,2,1.000000
gnp,15,58,4,4,1.000000
gnp,13,35,5,5,1.000000
gnp,8,8,4,4,1.000000
gnp,12,14,6,6,1.000000
gnp,6,5,4,4,1.000000
gnp,8,12,4,4,1.000000
gnp,11,32,3,3,1.000000
gnp,13,51,4,4,1.000000
gnp,11,33,3,3,1.000000
gnp,14,36,6,6,1.000000
gnp,16,35,7,7,1.000000
gnp,8,12,4,4,1.000000
gnp,6,14,2,2,1.000000
gnp,11,21,5,5,1.000000
gnp,9,11,5,5,1.000000
gnp,16,38,5,6,1.200000
gnp,13,36,6,6,1.000000
gnp,14,73,3,3,1.000000
gnp,11,27,4,4,1.000000
gnp,16,33,7,7,1.000000
gnp,14,11,8,8,1.000000
gnp,6,6,4,4,1.000000
gnp,9,12,4,4,1.000000
gnp,16,84,3,3,1.000000
gnp,13,25,6,6,1.000000
gnp,14,37,5,5,1.000000
gnp,7,16,3,3,1.000000
gnp,14,31,7,7,1.000000
gnp,9,13,5,5,1.000000
gnp,13,14,7,7,1.000000
gnp,11,36,3,3,1.000000
gnp,9,21,4,4,1.000000
gnp,7,9,4,4,1.000000
gnp,14,54,5,5,1.000000
gnp,10,24,4,4,1.000000
gnp,7,15,2,2,1.000000
gnp,16,28,7,7,1.000000
gnp,6,5,4,4,1.000000
gnp,15,27,6,6,1.000000
gnp,11,23,4,4,1.000000
gnp,16,42,6,6,1.000000
gnp,11,18,6,6,1.000000
gnp,16,51,5,5,1.000000
gnp,13,15,7,7,1.000000
gnp,13,18,7,7,1.000000
gnp,12,44,3,3,1.000000
gnp,13,24,6,6,1.000000
gnp,9,26,3,3,1.000000
gnp,9,16,4,4,1.000000
gnp,11,41,3,3,1.000000
gnp,7,15,2,2,1.000000
gnp,15,66,4,4,1.000000
gnp,8,4,5,5,1.000000
gnp,8,21,2,2,1.000000
gnp,11,45,2,2,1.000000
gnp,16,68,4,4,1.000000
gnp,10,16,5,5,1.000000
gnp,13,64,3,3,1.000000
gnp,11,12,5,5,1.000000
gnp,11,46,2,2,1.000000
gnp,13,33,5,5,1.000000
gnp,12,7,8,8,1.000000
gnp,6,13,2,2,1.000000
gnp,16,86,4,4,1.000000
gnp,10,6,7,7,1.000000
gnp,9,22,3,3,1.000000
gnp,10,29,3,3,1.000000
gnp,11,23,5,5,1.000000
gnp,11,27,5,5,1.000000
gnp,9,23,3,3,1.000000
gnp,10,14,6,6,1.000000
gnp,8,17,3,3,1.000000
gnp,15,43,6,6,1.000000
gnp,16,49,5,5,1.000000
gnp,9,14,4,4,1.000000
gnp,6,3,4,4,1.000000
gnp,10,30,3,3,1.000000
gnp,10,14,5,5,1.000000
gnp,7,9,4,4,1.000000
gnp,8,20,3,3,1.000000
gnp,15,28,7,7,1.000000
gnp,13,22,6,6,1.000000
gnp,14,47,4,4,1.000000
gnp,6,3,4,4,1.000000
gnp,11,45,3,3,1.000000
gnp,13,58,3,3,1.000000
gnp,8,10,4,4,1.000000
gnp,13,26,5,5,1.000000
gnp,16,94,4,4,1.000000
gnp,10,31,3,3,1.000000
gnp,8,6,5,5,1.000000
gnp,12,26,5,5,1.000000
gnp,6,12,2,2,1.000000
gnp,14,40,5,5,1.000000
gnp,6,14,2,2,1.000000
gnp,14,38,5,5,1.000000
gnp,16,35,7,7,1.000000
gnp,15,26,7,7,1.000000
gnp,14,22,8,8,1.000000
gnp,15,87,3,3,1.000000
gnp,7,16,2,2,1.000000
gnp,10,18,5,5,1.000000
gnp,16,40,6,6,1.000000
gnp,16,58,5,5,1.000000
gnp,14,58,4,4,1.000000
gnp,6,9,3,3,1.000000
gnp,6,8,3,3,1.000000
gnp,6,0,6,6,1.000000
gnp,12,20,7,7,1.000000
gnp,15,68,4,4,1.000000
gnp,14,38,5,5,1.000000
gnp,15,84,3,3,1.000000
gnp,9,25,2,2,1.000000
gnp,10,11,5,5,1.000000
gnp,14,45,4,4,1.000000
gnp,8,16,3,3,1.000000
gnp,11,42,3,3,1.000000
gnp,16,43,6,6,1.000000
gnp,8,13,3,3,1.000000
gnp,9,32,2,2,1.000000
gnp,11,11,7,7,1.000000
gnp,7,16,3,3,1.000000
gnp,6,4,4,4,1.000000
gnp,12,9,8,8,1.000000
gnp,12,21,6,6,1.000000
gnp,15,62,4,4,1.000000
gnp,8,17,3,3,1.000000
gnp,8,18,3,3,1.000000
gnp,13,53,4,4,1.000000
gnp,11,25,4,4,1.000000
gnp,7,11,3,3,1.000000
gnp,13,20,6,6,1.000000
gnp,13,12,7,7,1.000000
gnp,12,35,4,4,1.000000
gnp,11,29,4,4,1.000000
gnp,7,10,3,3,1.000000
gnp,9,27,3,3,1.000000
gnp,16,76,4,4,1.000000
gnp,13,8,8,8,1.000000
gnp,16,91,3,3,1.000000
gnp,8,19,3,3,1.000000
gnp,15,22,6,7,1.166667
gnp,8,15,4,4,1.000000
gnp,6,10,2,2,1.000000
gnp,16,42,7,7,1.000000
gnp,8,9,4,4,1.000000
gnp,14,72,3,3,1.000000
gnp,11,45,3,3,1.000000
gnp,8,3,6,6,1.000000
gnp,10,18,4,4,1.000000
gnp,10,30,3,3,1.000000
gnp,6,4,4,4,1.000000
gnp,6,11,3,3,1.000000
gnp,12,13,7,7,1.000000
gnp,15,70,3,3,1.000000
gnp,8,3,6,6,1.000000
gnp,9,7,5,5,1.000000
gnp,7,16,2,2,1.000000
gnp,12,51,3,3,1.000000
gnp,8,20,3,3,1.000000
gnp,10,26,4,4,1.000000
gnp,8,12,4,4,1.000000
gnp,15,59,5,5,1.000000
gnp,13,41,4,4,1.000000
gnp,8,8,5,5,1.000000
gnp,8,7,6,6,1.000000
gnp,7,9,4,4,1.000000
gnp,15,25,7,7,1.000000
gnp,10,15,5,5,1.000000
gnp,11,40,3,3,1.000000
gnp,16,74,3,3,1.000000
gnp,8,10,4,4,1.000000
gnp,16,40,6,6,1.000000
gnp,12,36,4,4,1.000000
gnp,8,5,6,6,1.000000
gnp,9,8,5,5,1.000000
gnp,6,6,4,4,1.000000
gnp,11,18,4,4,1.000000
gnp,13,57,3,3,1.000000
gnp,15,37,6,6,1.000000
gnp,7,12,3,3,1.000000
gnp,11,45,2,2,1.000000
gnp,10,20,3,3,1.000000
gnp,14,45,4,4,1.000000
gnp,16,90,3,3,1.000000
gnp,7,17,2,2,1.000000
gnp,16,29,7,7,1.000000
gnp,7,8,3,3,1.000000
gnp,7,4,5,5,1.000000
gnp,8,24,2,2,1.000000
gnp,13,35,5,5,1.000000
gnp,14,26,6,6,1.000000
gnp,8,22,2,2,1.000000
gnp,6,3,4,4,1.000000
gnp,14,59,4,4,1.000000
gnp,15,82,3,3,1.000000
gnp,14,30,6,6,1.000000
gnp,14,27,6,6,1.000000
gnp,7,12,3,3,1.000000
gnp,8,13,4,4,1.000000
gnp,9,12,5,5,1.000000
gnp,10,18,4,4,1.000000
gnp,13,33,5,5,1.000000
gnp,10,6,6,6,1.000000
gnp,14,58,4,4,1.000000
gnp,15,61,4,4,1.000000
gnp,6,11,3,3,1.000000
gnp,8,17,3,3,1.000000
gnp,9,13,4,4,1.000000
gnp,16,57,5,5,1.000000
gnp,9,31,2,2,1.000000
gnp,9,29,3,3,1.000000
gnp,8,19,3,3,1.000000
gnp,15,84,3,3,1.000000
gnp,9,14,4,4,1.000000
gnp,11,17,5,5,1.000000
gnp,14,25,6,6,1.000000
gnp,16,67,4,4,1.000000
gnp,16,54,5,5,1.000000
gnp,14,60,4,4,1.000000
gnp,8,6,4,4,1.000000
gnp,10,34,3,3,1.000000
gnp,12,58,2,2,1.000000
gnp,7,12,3,3,1.000000
gnp,15,17,8,8,1.000000
gnp,10,18,4,4,1.000000
gnp,7,17,2,2,1.000000
gnp,9,27,3,3,1.000000
gnp,12,35,4,4,1.000000
gnp,10,36,2,2,1.000000
gnp,10,28,3,3,1.000000
gnp,12,40,3,3,1.000000
gnp,11,12,7,7,1.000000
gnp,13,29,5,5,1.000000
gnp,9,14,4,4,1.000000
gnp,7,16,2,2,1.000000
gnp,14,48,5,5,1.000000
gnp,15,52,4,4,1.000000
gnp,6,8,3,3,1.000000
gnp,15,22,8,8,1.000000
gnp,11,31,4,4,1.000000
gnp,12,35,4,4,1.000000
gnp,11,29,4,4,1.000000
gnp,13,44,4,4,1.000000
gnp,12,46,3,3,1.000000
gnp,16,87,3,3,1.000000
gnp,15,31,6,6,1.000000
gnp,7,12,3,3,1.000000
gnp,6,12,2,2,1.000000
gnp,11,39,3,3,1.000000
gnp,11,42,3,3,1.000000
gnp,10,16,5,5,1.000000
gnp,11,25,4,4,1.000000
gnp,8,9,4,4,1.000000
gnp,12,45,4,4,1.000000
gnp,13,56,3,3,1.000000
gnp,11,31,4,4,1.000000
gnp,11,29,5,5,1.000000
gnp,7,16,2,2,1.000000
gnp,15,55,5,5,1.000000
gnp,12,15,7,7,1.000000
gnp,11,20,5,5,1.000000
gnp,11,37,3,3,1.000000
gnp,11,8,7,7,1.000000
gnp,15,43,5,5,1.000000
gnp,14,42,4,4,1.000000
gnp,15,70,3,3,1.000000
gnp,7,1,6,6,1.000000
gnp,10,13,5,5,1.000000
gnp,14,42,5,5,1.000000
gnp,12,12,7,7,1.000000
gnp,15,54,4,4,1.000000
gnp,11,50,3,3,1.000000
gnp,6,1,5,5,1.000000
gnp,16,107,2,2,1.000000
gnp,13,25,6,6,1.000000
gnp,9,28,3,3,1.000000
gnp,16,85,4,4,1.000000
gnp,6,6,3,3,1.000000
gnp,15,52,5,5,1.000000
gnp,12,41,4,4,1.000000
gnp,12,18,6,6,1.000000
gnp,16,69,4,4,1.000000
gnp,10,27,4,4,1.000000
gnp,10,17,4,4,1.000000
gnp,9,13,4,4,1.000000
gnp,7,16,2,2,1.000000
gnp,11,43,3,3,1.000000
gnp,14,50,4,4,1.000000
gnp,14,68,3,3,1.000000
gnp,7,14,3,3,1.000000
gnp,11,33,3,3,1.000000
gnp,13,27,5,5,1.000000
gnp,13,43,4,4,1.000000
gnp,15,48,5,5,1.000000
gnp,6,7,3,3,1.000000
gnp,11,28,4,4,1.000000
gnp,7,14,3,3,1.000000
gnp,10,27,4,4,1.000000
gnp,15,61,4,4,1.000000
gnp,12,20,5,5,1.000000
gnp,10,28,3,3,1.000000
gnp,11,19,5,5,1.000000
gnp,8,19,3,3,1.000000
gnp,6,13,2,2,1.000000
gnp,11,28,4,4,1.000000
gnp,15,22,8,8,1.000000
gnp,8,17,3,3,1.000000
gnp,15,70,4,4,1.000000
gnp,8,9,4,4,1.000000
gnp,7,10,4,4,1.000000
gnp,12,31,5,5,1.000000
gnp,12,28,5,5,1.000000
gnp,8,23,2,2,1.000000
gnp,7,6,4,4,1.000000
gnp,12,48,3,3,1.000000
gnp,7,7,4,4,1.000000
gnp,9,8,5,5,1.000000
gnp,11,25,4,4,1.000000
gnp,14,27,7,7,1.000000
gnp,14,17,7,7,1.000000
gnp,7,8,4,4,1.000000
gnp,6,7,3,3,1.000000
gnp,6,9,2,2,1.000000
gnp,7,18,2,2,1.000000
gnp,16,72,4,4,1.000000
gnp,14,21,7,7,1.000000
gnp,7,17,3,3,1.000000
gnp,15,43,5,5,1.000000
gnp,13,49,3,3,1.000000
gnp,14,23,7,7,1.000000
gnp,6,13,2,2,1.000000
gnp,10,35,2,2,1.000000
gnp,11,38,3,3,1.000000
gnp,7,12,2,2,1.000000
gnp,15,82,3,3,1.000000
gnp,16,64,5,5,1.000000
gnp,13,63,2,2,1.000000
gnp,11,21,4,4,1.000000
gnp,9,33,2,2,1.000000
gnp,9,28,2,2,1.000000
gnp,11,17,5,5,1.000000
gnp,16,81,4,4,1.000000
gnp,14,17,8,8,1.000000
gnp,14,44,5,5,1.000000
gnp,14,52,4,4,1.000000
gnp,11,17,5,5,1.000000
gnp,10,38,2,2,1.000000
gnp,12,31,4,4,1.000000
gnp,13,10,8,8,1.000000
gnp,11,31,4,4,1.000000
gnp,10,21,4,4,1.000000
gnp,16,83,4,4,1.000000
gnp,9,27,3,3,1.000000
gnp,15,63,4,4,1.000000
gnp,16,58,5,5,1.000000
gnp,14,18,7,7,1.000000
gnp,12,15,7,7,1.000000
gnp,16,92,3,3,1.000000
gnp,14,39,5,5,1.000000
gnp,9,12,4,4,1.000000
gnp,9,25,3,3,1.000000
gnp,9,15,5,5,1.000000
gnp,6,11,2,2,1.000000
gnp,7,18,2,2,1.000000
gnp,9,26,3,3,1.000000
gnp,8,24,2,2,1.000000
gnp,11,43,3,3,1.000000
gnp,6,4,4,4,1.000000
gnp,15,70,4,4,1.000000
gnp,16,62,5,5,1.000000
gnp,9,28,3,3,1.000000
gnp,12,35,4,4,1.000000
gnp,12,28,5,5,1.000000
gnp,13,32,5,5,1.000000
gnp,16,80,4,4,1.000000
gnp,13,19,6,6,1.000000
gnp,7,10,3,3,1.000000
gnp,8,24,2,2,1.000000
gnp,7,6,4,4,1.000000
gnp,8,25,2,2,1.000000
gnp,16,69,5,5,1.000000
gnp,10,23,4,4,1.000000
gnp,15,38,6,6,1.000000
gnp,12,51,3,3,1.000000
gnp,7,15,3,3,1.000000
gnp,9,14,5,5,1.000000
gnp,13,39,4,4,1.000000
gnp,9,5,7,7,1.000000
gnp,8,5,6,6,1.000000
gnp,9,14,4,4,1.000000
gnp,13,51,4,4,1.000000
gnp,15,71,3,3,1.000000
gnp,9,19,4,4,1.000000
gnp,15,18,8,8,1.000000
gnp,11,48,2,2,1.000000
gnp,8,15,3,3,1.000000
gnp,16,22,7,7,1.000000
gnp,8,23,2,2,1.000000
gnp,9,14,4,4,1.000000
gnp,11,29,4,4,1.000000
gnp,6,12,2,2,1.000000
gnp,9,21,3,3,1.000000
gnp,14,26,6,6,1.000000
gnp,6,6,3,3,1.000000
gnp,12,35,4,4,1.000000
gnp,15,76,4,4,1.000000
gnp,11,12,6,6,1.000000
gnp,16,38,7,7,1.000000
gnp,6,6,3,3,1.000000
gnp,15,20,7,7,1.000000
gnp,16,24,8,8,1.000000
gnp,6,12,2,2,1.000000
gnp,15,61,4,4,1.000000
gnp,16,66,4,4,1.000000
gnp,9,22,3,3,1.000000
gnp,11,46,2,2,1.000000
gnp,13,64,3,3,1.000000
gnp,13,42,4,4,1.000000
gnp,9,9,6,6,1.000000
gnp,12,60,2,2,1.000000
gnp,11,44,3,3,1.000000
gnp,10,11,6,6,1.000000
gnp,12,44,4,4,1.000000
gnp,12,17,6,6,1.000000
gnp,9,24,3,3,1.000000
gnp,12,31,5,5,1.000000
gnp,13,66,3,3,1.000000
gnp,11,24,4,4,1.000000
gnp,8,16,3,3,1.000000
gnp,9,5,6,6,1.000000
gnp,15,29,6,6,1.000000
gnp,13,39,5,5,1.000000
gnp,11,26,4,4,1.000000
gnp,12,15,6,6,1.000000
gnp,14,59,3,3,1.000000
gnp,15,45,5,5,1.000000
gnp,9,11,5,5,1.000000
gnp,16,55,4,5,1.250000
gnp,8,23,2,2,1.000000
gnp,9,15,4,4,1.000000
gnp,10,40,2,2,1.000000
gnp,16,40,5,6,1.200000
gnp,8,9,4,4,1.000000
gnp,9,25,3,3,1.000000
gnp,13,27,6,6,1.000000
gnp,16,25,7,7,1.000000
gnp,7,4,4,4,1.000000
gnp,11,40,3,3,1.000000
gnp,11,15,5,5,1.000000
gnp,9,15,4,4,1.000000
gnp,11,34,3,3,1.000000
gnp,15,90,2,2,1.000000
gnp,13,33,5,5,1.000000
gnp,10,18,4,4,1.000000
gnp,8,8,4,4,1.000000
gnp,14,63,3,3,1.000000
gnp,8,18,3,3,1.000000
gnp,10,34,3,3,1.000000
gnp,7,13,3,3,1.000000
gnp,13,17,7,7,1.000000
gnp,8,25,2,2,1.000000
gnp,12,31,4,4,1.000000
gnp,15,64,3,3,1.000000
gnp,13,45,4,4,1.000000
gnp,13,59,3,3,1.000000
gnp,16,72,4,4,1.000000
gnp,7,19,2,2,1.000000
gnp,8,5,6,6,1.000000
gnp,16,57,5,5,1.000000
gnp,7,20,2,2,1.000000
gnp,16,49,6,6,1.000000
gnp,11,35,3,3,1.000000
gnp,6,8,3,3,1.000000
gnp,8,8,5,5,1.000000
gnp,9,15,4,4,1.000000
gnp,13,24,6,6,1.000000
gnp,6,7,3,3,1.000000
gnp,10,21,4,4,1.000000
gnp,11,10,7,7,1.000000
gnp,16,17,9,9,1.000000
gnp,8,19,3,3,1.000000
gnp,15,19,9,9,1.000000
gnp,9,28,2,2,1.000000
gnp,12,15,6,6,1.000000
gnp,12,31,4,4,1.000000
gnp,12,39,3,3,1.000000
gnp,11,43,3,3,1.000000
gnp,13,28,6,6,1.000000
gnp,13,60,3,3,1.000000
gnp,16,91,3,3,1.000000
gnp,6,10,2,2,1.000000
gnp,9,6,5,5,1.000000
gnp,7,5,4,4,1.000000
gnp,7,16,2,2,1.000000
gnp,6,13,2,2,1.000000
gnp,15,18,7,7,1.000000
gnp,16,93,3,3,1.000000
gnp,15,30,6,6,1.000000
gnp,9,30,2,2,1.000000
gnp,8,7,5,5,1.000000
gnp,6,10,3,3,1.000000
gnp,9,6,5,5,1.000000
gnp,12,26,5,5,1.000000
gnp,13,58,3,3,1.000000
gnp,15,68,4,4,1.000000
gnp,10,29,4,4,1.000000
gnp,13,33,6,6,1.000000
gnp,7,6,4,4,1.000000
gnp,10,7,7,7,1.000000
gnp,7,16,2,2,1.000000
gnp,9,5,5,5,1.000000
gnp,9,12,5,5,1.000000
gnp,15,43,5,5,1.000000
gnp,9,23,3,3,1.000000
gnp,9,18,3,3,1.000000
gnp,10,38,2,2,1.000000
gnp,6,4,4,4,1.000000
gnp,6,8,3,3,1.000000
gnp,7,12,4,4,1.000000
gnp,6,13,2,2,1.000000
gnp,11,32,3,3,1.000000
gnp,16,64,4,4,1.000000
gnp,15,43,5,5,1.000000
gnp,13,28,6,6,1.000000
gnp,11,24,4,4,1.000000
gnp,11,28,4,4,1.000000
gnp,9,17,4,4,1.000000
gnp,11,19,5,5,1.000000
gnp,11,46,2,2,1.000000
gnp,13,56,3,3,1.000000
gnp,13,23,5,5,1.000000
gnp,12,52,3,3,1.000000
gnp,11,30,4,4,1.000000
gnp,12,26,6,6,1.000000
gnp,16,94,3,3,1.000000
gnp,15,83,3,3,1.000000
gnp,7,2,6,6,1.000000
gnp,8,5,6,6,1.000000
gnp,6,9,3,3,1.000000
gnp,10,35,3,3,1.000000
gnp,9,11,5,5,1.000000
gnp,12,32,4,4,1.000000
gnp,13,62,3,3,1.000000
gnp,11,42,3,3,1.000000
gnp,11,37,3,3,1.000000
gnp,8,12,4,4,1.000000
gnp,9,15,4,4,1.000000
gnp,10,25,4,4,1.000000
gnp,16,51,5,5,1.000000
gnp,15,24,7,7,1.000000
gnp,14,37,5,5,1.000000
gnp,8,14,4,4,1.000000
gnp,7,4,5,5,1.000000
gnp,12,23,4,4,1.000000
gnp,9,29,3,3,1.000000
gnp,16,96,3,3,1.000000
gnp,10,27,3,3,1.000000
gnp,9,28,3,3,1.000000
gnp,16,72,4,4,1.000000
gnp,15,69,3,3,1.000000
gnp,13,48,3,3,1.000000
gnp,11,34,3,3,1.000000
gnp,12,42,4,4,1.000000
gnp,7,11,3,3,1.000000
gnp,15,74,4,4,1.000000
gnp,7,9,3,3,1.000000
gnp,10,25,3,3,1.000000
gnp,6,7,3,3,1.000000
gnp,16,20,9,9,1.000000
gnp,15,45,6,6,1.000000
gnp,10,38,2,2,1.000000
gnp,11,35,3,3,1.000000
gnp,16,27,6,6,1.000000
gnp,10,30,3,3,1.000000
gnp,14,73,3,3,1.000000
gnp,9,21,3,3,1.000000
gnp,6,7,3,3,1.000000
gnp,8,12,4,4,1.000000
gnp,16,71,4,4,1.000000
gnp,7,6,4,4,1.000000
gnp,13,49,3,3,1.000000
gnp,15,56,5,5,1.000000
gnp,7,16,2,2,1.000000
gnp,10,8,6,6,1.000000
gnp,10,12,7,7,1.000000
gnp,11,41,3,3,1.000000
gnp,6,10,3,3,1.000000
gnp,11,12,6,6,1.000000
gnp,14,17,8,8,1.000000
gnp,16,44,5,5,1.000000
gnp,11,26,4,4,1.000000
gnp,16,38,7,7,1.000000
gnp,14,15,9,9,1.000000
gnp,13,16,7,7,1.000000
gnp,8,7,5,5,1.000000
gnp,9,8,6,6,1.000000
gnp,11,24,4,4,1.000000
gnp,11,43,3,3,1.000000
gnp,12,32,5,5,1.000000
gnp,16,78,4,4,1.000000
gnp,14,74,3,3,1.000000
gnp,13,23,6,6,1.000000
gnp,9,10,5,5,1.000000
gnp,6,9,3,3,1.000000
gnp,13,16,8,8,1.000000
gnp,9,34,2,2,1.000000
gnp,14,36,6,6,1.000000
gnp,16,71,4,4,1.000000
gnp,14,70,3,3,1.000000
gnp,6,8,2,2,1.000000
gnp,14,16,8,8,1.000000
gnp,15,16,9,9,1.000000
gnp,15,53,5,5,1.000000
gnp,7,11,3,3,1.000000
gnp,14,71,3,3,1.000000
gnp,12,19,6,6,1.000000
gnp,16,83,4,4,1.000000
gnp,10,24,4,4,1.000000
gnp,8,22,2,2,1.000000
gnp,11,13,7,7,1.000000
gnp,12,14,7,7,1.000000
gnp,13,18,6,6,1.000000
gnp,9,10,5,5,1.000000
gnp,12,43,3,3,1.000000
gnp,9,25,3,3,1.000000
gnp,16,32,7,7,1.000000
gnp,11,26,5,5,1.000000
gnp,15,80,3,3,1.000000
gnp,9,18,4,4,1.000000
gnp,6,3,4,4,1.000000
gnp,11,17,6,6,1.000000
gnp,11,24,5,5,1.000000
gnp,15,63,4,4,1.000000
gnp,13,43,5,5,1.000000
gnp,16,94,3,3,1.000000
gnp,7,10,3,3,1.000000
gnp,6,9,3,3,1.000000
gnp,10,32,3,3,1.000000
gnp,13,29,5,5,1.000000
gnp,7,5,5,5,1.000000
gnp,16,45,6,6,1.000000
gnp,11,10,7,7,1.000000
gnp,16,21,9,9,1.000000
gnp,7,11,3,3,1.000000
gnp,13,65,3,3,1.000000
gnp,7,19,2,2,1.000000
gnp,13,15,8,8,1.000000
gnp,7,17,2,2,1.000000
gnp,15,57,4,4,1.000000
gnp,10,5,7,7,1.000000
gnp,7,13,3,3,1.000000
gnp,9,5,6,6,1.000000
gnp,6,1,5,5,1.000000
gnp,13,31,5,5,1.000000
gnp,15,85,3,3,1.000000
gnp,10,33,3,3,1.000000
gnp,9,27,3,3,1.000000
gnp,16,47,6,6,1.000000
gnp,9,23,3,3,1.000000
gnp,16,26,8,8,1.000000
gnp,14,70,3,3,1.000000
gnp,9,19,3,3,1.000000
gnp,10,18,5,5,1.000000
gnp,13,62,3,3,1.000000
gnp,11,30,4,4,1.000000
gnp,14,52,4,4,1.000000
gnp,16,58,5,5,1.000000
gnp,15,42,6,6,1.000000
gnp,11,35,3,3,1.000000
gnp,16,87,3,3,1.000000
gnp,16,56,5,5,1.000000
gnp,12,13,7,7,1.000000
gnp,8,13,4,4,1.000000
gnp,16,63,5,5,1.000000
gnp,6,6,3,3,1.000000
gnp,15,40,6,6,1.000000
gnp,15,30,6,6,1.000000
gnp,12,13,7,7,1.000000
gnp,7,16,3,3,1.000000
gnp,14,24,7,7,1.000000
gnp,10,37,3,3,1.000000
gnp,9,26,3,3,1.000000
gnp,13,16,6,6,1.000000
gnp,14,75,2,2,1.000000
gnp,9,19,4,4,1.000000
gnp,7,9,4,4,1.000000
gnp,8,22,3,3,1.000000
gnp,6,13,2,2,1.000000
gnp,13,17,7,7,1.000000
gnp,10,14,5,5,1.000000
gnp,10,36,3,3,1.000000
gnp,9,6,6,6,1.000000
gnp,10,8,7,7,1.000000
gnp,16,26,8,8,1.000000
gnp,13,65,3,3,1.000000
gnp,11,33,4,4,1.000000
gnp,15,37,5,5,1.000000
gnp,11,11,6,6,1.000000
gnp,15,53,4,5,1.250000
gnp,16,65,5,5,1.000000
gnp,16,60,5,5,1.000000
gnp,13,26,6,6,1.000000
gnp,10,28,3,3,1.000000
gnp,14,64,3,3,1.000000
gnp,15,62,4,4,1.000000
gnp,16,44,6,6,1.000000
gnp,12,9,9,9,1.000000
gnp,7,8,4,4,1.000000
gnp,7,6,4,4,1.000000
gnp,13,31,4,4,1.000000
gnp,9,16,5,5,1.000000
gnp,6,5,3,3,1.000000
gnp,9,21,3,3,1.000000
gnp,6,11,2,2,1.000000
gnp,14,43,5,5,1.000000
gnp,13,15,8,8,1.000000
gnp,14,54,4,4,1.000000
gnp,10,19,4,4,1.000000
gnp,8,22,2,2,1.000000
gnp,8,8,4,4,1.000000
gnp,12,13,6,6,1.000000
gnp,7,7,4,4,1.000000
gnp,9,6,5,5,1.000000
gnp,12,8,8,8,1.000000
gnp,9,14,5,5,1.000000
gnp,9,21,3,3,1.000000
gnp,7,4,5,5,1.000000
gnp,15,62,4,4,1.000000
gnp,13,36,6,6,1.000000
gnp,6,7,3,3,1.000000
gnp,16,68,5,5,1.000000
gnp,13,12,8,8,1.000000
gnp,14,58,4,4,1.000000
gnp,7,4,5,5,1.000000
gnp,13,35,5,5,1.000000
gnp,8,5,6,6,1.000000
gnp,7,14,4,4,1.000000
gnp,13,46,4,4,1.000000
gnp,14,33,5,5,1.000000
gnp,16,33,7,7,1.000000
gnp,7,8,3,3,1.000000
gnp,9,12,5,5,1.000000
gnp,12,8,8,8,1.000000
gnp,14,67,3,3,1.000000
gnp,14,56,3,3,1.000000
gnp,10,33,2,2,1.000000
gnp,11,43,2,2,1.000000
gnp,9,11,5,5,1.000000
gnp,13,38,5,5,1.000000
gnp,8,6,5,5,1.000000
gnp,8,19,3,3,1.000000
gnp,7,10,3,3,1.000000
gnp,15,29,6,6,1.000000
gnp,16,55,5,5,1.000000
gnp,10,19,5,5,1.000000
gnp,6,10,2,2,1.000000
gnp,6,2,5,5,1.000000
gnp,12,34,4,4,1.000000
gnp,8,13,4,4,1.000000
gnp,16,101,3,3,1.000000
gnp,9,22,3,3,1.000000
gnp,13,51,3,3,1.000000
gnp,15,18,8,8,1.000000
gnp,14,22,8,8,1.000000
gnp,16,23,8,8,1.000000
gnp,12,18,5,5,1.000000
gnp,10,35,2,2,1.000000
gnp,10,35,2,2,1.000000
gnp,14,35,5,5,1.000000
gnp,13,31,5,5,1.000000
gnp,11,29,4,4,1.000000
gnp,10,21,5,5,1.000000
gnp,10,26,3,3,1.000000
gnp,11,46,3,3,1.000000
gnp,9,21,3,3,1.000000
gnp,10,16,5,5,1.000000
gnp,14,58,4,4,1.000000
gnp,10,26,3,3,1.000000
gnp,15,76,4,4,1.000000
gnp,10,7,6,6,1.000000
gnp,14,48,4,4,1.000000
gnp,13,49,3,3,1.000000
gnp,7,15,3,3,1.000000
gnp,16,31,7,7,1.000000
gnp,8,20,3,3,1.000000
gnp,11,14,6,6,1.000000
gnp,10,39,2,2,1.000000
gnp,14,37,5,5,1.000000
gnp,15,23,7,7,1.000000
gnp,12,41,3,3,1.000000
gnp,6,0,6,6,1.000000
gnp,13,35,5,5,1.000000
gnp,14,49,5,5,1.000000
gnp,10,9,5,5,1.000000
gnp,16,104,3,3,1.000000
gnp,13,25,6,6,1.000000
gnp,7,4,4,4,1.000000
gnp,11,37,3,3,1.000000
gnp,6,10,2,2,1.000000
gnp,7,11,3,3,1.000000
gnp,8,17,3,3,1.000000
gnp,9,2,8,8,1.000000
gnp,6,2,5,5,1.000000
gnp,10,20,4,4,1.000000
gnp,9,19,4,4,1.000000
gnp,14,40,6,6,1.000000
gnp,8,3,6,6,1.000000
gnp,9,12,6,6,1.000000
gnp,9,16,4,4,1.000000
gnp,8,5,5,5,1.000000
gnp,13,26,6,6,1.000000
gnp,12,26,5,5,1.000000
gnp,15,31,7,7,1.000000
gnp,9,14,4,4,1.000000
gnp,9,25,3,3,1.000000
gnp,15,84,3,3,1.000000
gnp,13,26,6,6,1.000000
gnp,7,11,3,3,1.000000
gnp,13,21,7,7,1.000000
gnp,15,75,4,4,1.000000
gnp,14,55,4,4,1.000000
gnp,16,68,4,4,1.000000
gnp,11,7,8,8,1.000000
gnp,13,40,4,4,1.000000
gnp,8,21,2,2,1.000000
gnp,8,22,3,3,1.000000
gnp,9,11,5,5,1.000000
gnp,10,9,7,7,1.000000
gnp,9,13,4,4,1.000000
gnp,6,11,3,3,1.000000
gnp,16,72,5,5,1.000000
gnp,6,8,2,2,1.000000
gnp,11,19,6,6,1.000000
gnp,12,44,3,3,1.000000
gnp,7,9,3,3,1.000000
gnp,9,17,4,4,1.000000
gnp,13,19,6,6,1.000000
gnp,15,61,4,4,1.000000
gnp,6,9,3,3,1.000000
gnp,6,11,2,2,1.000000
gnp,8,5,5,5,1.000000
gnp,10,7,6,6,1.000000
gnp,13,22,5,5,1.000000
gnp,12,21,5,5,1.000000
gnp,9,18,3,3,1.000000
gnp,14,19,7,7,1.000000
gnp,15,19,8,8,1.000000
gnp,10,19,5,5,1.000000
gnp,8,13,4,4,1.000000
gnp,15,74,3,3,1.000000
gnp,7,9,3,3,1.000000
gnp,14,17,8,8,1.000000
gnp,14,67,3,3,1.000000
gnp,8,13,4,4,1.000000
gnp,9,28,2,2,1.000000
gnp,8,20,3,3,1.000000
gnp,14,44,5,5,1.000000
gnp,12,16,6,6,1.000000
gnp,13,25,5,5,1.000000
gnp,9,30,2,2,1.000000
gnp,15,66,4,4,1.000000
gnp,9,13,4,4,1.000000
gnp,9,13,4,4,1.000000
gnp,7,18,2,2,1.000000
gnp,6,4,4,4,1.000000
gnp,16,85,3,3,1.000000
gnp,14,50,5,5,1.000000
gnp,15,67,4,4,1.000000
gnp,10,20,4,4,1.000000
gnp,8,15,3,3,1.000000
gnp,8,19,3,3,1.000000
gnp,7,12,3,3,1.000000
gnp,10,12,5,5,1.000000
gnp,12,23,5,5,1.000000
gnp,6,7,3,3,1.000000
gnp,6,6,3,3,1.000000
gnp,13,62,3,3,1.000000
gnp,16,91,4,4,1.000000
gnp,9,7,6,6,1.000000
gnp,13,25,6,6,1.000000
gnp,13,49,4,4,1.000000
gnp,9,18,4,4,1.000000
gnp,6,4,4,4,1.000000
gnp,16,92,4,4,1.000000
gnp,11,8,8,8,1.000000
gnp,12,52,3,3,1.000000
gnp,7,10,3,3,1.000000
gnp,14,46,5,5,1.000000
gnp,13,21,7,7,1.000000
gnp,9,14,4,4,1.000000
gnp,6,12,2,2,1.000000
gnp,14,35,5,5,1.000000
gnp,14,30,5,5,1.000000
gnp,6,7,3,3,1.000000
gnp,15,53,5,5,1.000000
gnp,10,14,6,6,1.000000
gnp,13,46,4,4,1.000000
gnp,14,14,8,8,1.000000
gnp,8,24,2,2,1.000000
gnp,11,38,3,3,1.000000
gnp,16,41,6,6,1.000000
gnp,9,14,5,5,1.000000
gnp,10,25,3,3,1.000000
gnp,6,7,3,3,1.000000
gnp,9,14,4,4,1.000000
gnp,12,53,2,2,1.000000
gnp,12,36,3,3,1.000000
gnp,9,1,8,8,1.000000
gnp,8,25,2,2,1.000000
gnp,13,58,3,3,1.000000
gnp,13,58,3,3,1.000000
gnp,16,47,6,6,1.000000
gnp,16,51,6,6,1.000000
gnp,15,79,3,3,1.000000
gnp,13,62,3,3,1.000000
gnp,15,55,4,4,1.000000
gnp,16,74,4,4,1.000000
gnp,16,69,4,4,1.000000
gnp,15,73,3,3,1.000000
gnp,9,23,3,3,1.000000
gnp,13,27,5,5,1.000000
gnp,13,69,3,3,1.000000
gnp,6,11,3,3,1.000000
gnp,10,7,7,7,1.000000
gnp,14,26,6,6,1.000000
gnp,9,12,5,5,1.000000
gnp,7,16,2,2,1.000000
gnp,12,36,4,4,1.000000
gnp,15,46,5,5,1.000000
gnp,9,11,5,5,1.000000
gnp,16,15,9,9,1.000000
gnp,6,7,3,3,1.000000
gnp,8,11,4,4,1.000000
gnp,11,40,3,3,1.000000
gnp,10,17,4,4,1.000000
gnp,12,39,4,4,1.000000
gnp,12,44,3,3,1.000000
gnp,9,23,3,3,1.000000
gnp,11,15,6,6,1.000000
gnp,15,48,5,5,1.000000
gnp,7,3,5,5,1.000000
gnp,8,17,3,3,1.000000
gnp,7,15,2,2,1.000000
gnp,6,2,4,4,1.000000
gnp,6,5,4,4,1.000000
gnp,16,77,4,4,1.000000
gnp,16,67,4,4,1.000000
gnp,8,22,2,2,1.000000
gnp,7,0,7,7,1.000000
gnp,6,6,3,3,1.000000
gnp,8,22,3,3,1.000000
gnp,7,7,4,4,1.000000
gnp,15,85,3,3,1.000000
gnp,15,38,6,6,1.000000
gnp,13,39,4,4,1.000000
gnp,8,18,3,3,1.000000
gnp,13,48,3,3,1.000000
gnp,6,9,3,3,1.000000
gnp,16,31,8,8,1.000000
gnp,13,29,5,5,1.000000
gnp,10,28,3,3,1.000000
gnp,12,49,3,3,1.000000
gnp,10,26,3,3,1.000000
gnp,9,18,4,4,1.000000
gnp,6,4,4,4,1.000000
gnp,8,7,5,5,1.000000
gnp,8,8,4,4,1.000000
gnp,10,37,2,2,1.000000
gnp,15,44,5,5,1.000000
gnp,12,30,5,5,1.000000
gnp,9,27,3,3,1.000000
gnp,11,19,5,5,1.000000
gnp,11,12,6,6,1.000000
gnp,10,19,4,4,1.000000
gnp,13,46,4,4,1.000000
gnp,11,33,3,3,1.000000
gnp,12,39,4,4,1.000000
gnp,6,13,2,2,1.000000
gnp,10,20,4,4,1.000000
gnp,11,13,6,6,1.000000
gnp,9,20,3,3,1.000000
gnp,10,34,3,3,1.000000
gnp,12,11,7,7,1.000000
gnp,16,53,5,5,1.000000
gnp,15,49,5,5,1.000000
gnp,7,10,3,3,1.000000
gnp,9,9,4,4,1.000000
gnp,14,40,4,4,1.000000
gnp,12,46,3,3,1.000000
gnp,13,60,3,3,1.000000
gnp,14,76,2,2,1.000000
gnp,6,9,3,3,1.000000
gnp,12,34,4,4,1.000000
gnp,13,57,3,3,1.000000
gnp,13,58,3,3,1.000000
gnp,11,43,3,3,1.000000
gnp,13,29,5,5,1.000000
gnp,9,21,3,3,1.000000
gnp,12,29,5,5,1.000000
gnp,6,4,4,4,1.000000
gnp,9,14,4,4,1.000000
gnp,6,12,2,2,1.000000
gnp,14,60,4,4,1.000000
gnp,6,8,3,3,1.000000
gnp,15,55,4,4,1.000000
gnp,15,34,6,6,1.000000
gnp,7,17,2,2,1.000000
gnp,14,67,3,3,1.000000
gnp,14,55,4,4,1.000000
gnp,16,50,4,4,1.000000
gnp,16,33,7,7,1.000000
gnp,6,2,4,4,1.000000
gnp,8,19,3,3,1.000000
gnp,12,14,6,6,1.000000
gnp,9,19,3,3,1.000000
gnp,7,13,3,3,1.000000
gnp,10,38,3,3,1.000000
gnp,7,16,2,2,1.000000
gnp,6,12,2,2,1.000000
gnp,10,36,3,3,1.000000
gnp,13,32,4,4,1.000000
gnp,14,20,7,7,1.000000
gnp,7,6,4,4,1.000000
gnp,11,13,6,6,1.000000
gnp,14,73,2,2,1.000000
gnp,15,77,3,3,1.000000
gnp,7,4,5,5,1.000000
gnp,8,15,3,3,1.000000
gnp,13,63,2,2,1.000000
gnp,6,9,3,3,1.000000
gnp,12,8,7,7,1.000000
gnp,9,9,5,5,1.000000
gnp,15,64,4,4,1.000000
gnp,9,27,3,3,1.000000
gnp,14,66,3,3,1.000000
gnp,11,36,3,3,1.000000
gnp,6,4,4,4,1.000000
gnp,6,9,3,3,1.000000
gnp,16,100,3,3,1.000000
gnp,12,46,3,3,1.000000
gnp,11,40,3,3,1.000000
gnp,8,20,3,3,1.000000
gnp,15,24,9,9,1.000000
gnp,14,73,3,3,1.000000
gnp,7,11,3,3,1.000000
gnp,16,32,7,7,1.000000
gnp,14,74,3,3,1.000000
gnp,6,14,2,2,1.000000
gnp,10,26,3,3,1.000000
gnp,10,35,3,3,1.000000
gnp,10,18,5,5,1.000000
gnp,7,16,3,3,1.000000
gnp,7,12,3,3,1.000000
gnp,12,5,9,9,1.000000
gnp,11,12,6,6,1.000000
gnp,8,19,4,4,1.000000
gnp,11,11,7,7,1.000000
gnp,11,19,5,5,1.000000
gnp,8,18,3,3,1.000000
gnp,9,10,5,5,1.000000
gnp,14,58,4,4,1.000000
gnp,14,69,3,3,1.000000
gnp,14,48,5,5,1.000000
gnp,12,33,4,4,1.000000
gnp,10,35,4,4,1.000000
gnp,7,13,3,3,1.000000
gnp,6,4,4,4,1.000000
gnp,15,19,8,8,1.000000
gnp,6,1,5,5,1.000000
gnp,12,35,5,5,1.000000
gnp,8,15,3,3,1.000000
gnp,7,6,4,4,1.000000
gnp,16,96,3,3,1.000000
gnp,16,84,4,4,1.000000
gnp,9,20,4,4,1.000000
gnp,8,16,4,4,1.000000
gnp,12,9,8,8,1.000000
gnp,15,66,4,4,1.000000
gnp,13,35,4,4,1.000000
gnp,12,21,6,6,1.000000
gnp,9,26,3,3,1.000000
gnp,11,21,4,4,1.000000
gnp,15,26,6,6,1.000000
gnp,15,79,3,3,1.000000
gnp,12,22,5,5,1.000000
gnp,6,9,3,3,1.000000
gnp,15,23,7,7,1.000000
gnp,8,12,4,4,1.000000
gnp,16,41,5,5,1.000000
gnp,9,32,2,2,1.000000
gnp,7,13,4,4,1.000000
gnp,9,13,4,4,1.000000
gnp,15,16,8,8,1.000000
gnp,7,16,2,2,1.000000
gnp,12,13,7,7,1.000000
gnp,13,14,7,7,1.000000
gnp,11,30,4,4,1.000000
gnp,12,35,4,4,1.000000
gnp,13,52,3,3,1.000000
gnp,9,12,5,5,1.000000
gnp,16,95,3,3,1.000000
gnp,13,42,4,4,1.000000
gnp,12,9,7,7,1.000000
gnp,12,27,5,5,1.000000
gnp,6,10,2,2,1.000000
gnp,9,16,4,4,1.000000
gnp,8,7,4,4,1.000000
gnp,12,43,3,3,1.000000
gnp,14,16,9,9,1.000000
gnp,11,17,6,6,1.000000
gnp,13,30,6,6,1.000000
gnp,13,67,2,2,1.000000
gnp,8,18,3,3,1.000000
gnp,8,4,6,6,1.000000
gnp,16,59,4,4,1.000000
gnp,14,43,5,5,1.000000
gnp,7,6,5,5,1.000000
gnp,14,28,7,7,1.000000
gnp,10,30,3,3,1.000000
gnp,12,8,7,7,1.000000
gnp,9,23,3,3,1.000000
gnp,9,26,3,3,1.000000
gnp,16,55,5,5,1.000000
gnp,8,24,2,2,1.000000
gnp,14,36,5,5,1.000000
gnp,6,5,4,4,1.000000
gnp,7,14,3,3,1.000000
gnp,10,27,3,3,1.000000
gnp,15,31,6,6,1.000000
gnp,16,86,3,3,1.000000
gnp,7,10,3,3,1.000000
gnp,9,7,6,6,1.000000
gnp,11,28,4,4,1.000000
gnp,14,38,5,5,1.000000
gnp,12,53,3,3,1.000000
gnp,7,3,5,5,1.000000
gnp,9,16,3,3,1.000000
gnp,9,20,5,5,1.000000
gnp,7,13,3,3,1.000000
gnp,8,10,4,4,1.000000
gnp,9,14,4,4,1.000000
gnp,10,7,6,6,1.000000
gnp,7,15,2,2,1.000000
gnp,9,4,6,6,1.000000
gnp,15,22,7,7,1.000000
gnp,15,58,5,5,1.000000
gnp,6,8,3,3,1.000000
gnp,14,17,8,8,1.000000
gnp,13,57,3,3,1.000000
gnp,12,51,3,3,1.000000
gnp,7,10,3,3,1.000000
gnp,15,41,5,5,1.000000
gnp,11,43,3,3,1.000000
gnp,14,52,4,4,1.000000
gnp,7,17,2,2,1.000000
gnp,16,26,7,7,1.000000
gnp,8,7,5,5,1.000000
gnp,8,9,4,4,1.000000
gnp,9,8,5,5,1.000000
gnp,6,9,3,3,1.000000
gnp,15,31,6,6,1.000000
gnp,9,12,4,4,1.000000
gnp,16,49,5,5,1.000000
gnp,8,13,4,4,1.000000
gnp,8,12,3,3,1.000000
gnp,16,88,3,3,1.000000
gnp,7,6,4,4,1.000000
gnp,9,5,6,6,1.000000
gnp,7,11,3,3,1.000000
gnp,10,25,4,4,1.000000
gnp,13,18,6,6,1.000000
gnp,13,40,4,4,1.000000
gnp,10,13,6,6,1.000000
gnp,6,4,3,3,1.000000
gnp,12,42,4,4,1.000000
gnp,7,17,2,2,1.000000
gnp,8,25,2,2,1.000000
gnp,14,75,3,3,1.000000
gnp,14,43,4,4,1.000000
gnp,6,8,3,3,1.000000
gnp,8,6,5,5,1.000000
gnp,14,65,3,3,1.000000
gnp,9,24,3,3,1.000000
gnp,11,36,3,3,1.000000
gnp,10,15,5,5,1.000000
gnp,8,4,6,6,1.000000
gnp,9,7,6,6,1.000000
gnp,16,29,8,8,1.000000
gnp,15,53,5,5,1.000000
gnp,16,58,5,5,1.000000
gnp,13,16,8,8,1.000000
gnp,11,12,6,6,1.000000
gnp,6,12,2,2,1.000000
gnp,6,6,3,3,1.000000
gnp,16,68,4,4,1.000000
gnp,9,25,3,3,1.000000
gnp,13,61,3,3,1.000000
gnp,6,12,3,3,1.000000
gnp,8,25,2,2,1.000000
gnp,12,43,3,3,1.000000
gnp,10,25,4,4,1.000000
gnp,14,58,4,4,1.000000
gnp,10,23,4,4,1.000000
gnp,8,8,4,4,1.000000
gnp,14,52,4,4,1.000000
gnp,11,26,4,4,1.000000
gnp,14,41,6,6,1.000000
gnp,6,10,2,2,1.000000
gnp,16,42,6,6,1.000000
gnp,12,24,5,5,1.000000
gnp,7,5,5,5,1.000000
gnp,14,31,5,5,1.000000
gnp,15,22,7,7,1.000000
gnp,8,20,3,3,1.000000
gnp,11,25,5,5,1.000000
gnp,11,19,5,5,1.000000
gnp,15,47,5,5,1.000000
gnp,14,62,3,3,1.000000
gnp,6,8,3,3,1.000000
gnp,12,41,3,3,1.000000
gnp,15,45,5,5,1.000000
gnp,15,69,4,4,1.000000
gnp,8,6,5,5,1.000000
gnp,6,10,2,2,1.000000
gnp,10,32,3,3,1.000000
gnp,14,71,3,3,1.000000
gnp,10,22,4,4,1.000000
gnp,16,44,6,6,1.000000
gnp,13,60,3,3,1.000000
gnp,14,32,6,6,1.000000
gnp,14,53,4,4,1.000000
gnp,10,14,5,5,1.000000
gnp,8,23,2,2,1.000000
gnp,8,12,3,3,1.000000
gnp,12,26,5,5,1.000000
gnp,9,30,2,2,1.000000
gnp,11,36,4,4,1.000000
gnp,9,7,6,6,1.000000
gnp,7,7,3,3,1.000000
gnp,12,26,7,7,1.000000
gnp,8,13,3,3,1.000000
gnp,10,32,3,3,1.000000
gnp,8,10,4,4,1.000000
gnp,16,53,5,5,1.000000
gnp,10,9,6,6,1.000000
gnp,16,28,8,8,1.000000
gnp,10,15,4,4,1.000000
gnp,10,25,4,4,1.000000
gnp,9,23,3,3,1.000000
gnp,9,16,4,4,1.000000
gnp,10,18,4,4,1.000000
gnp,13,39,5,5,1.000000
gnp,16,73,4,4,1.000000
gnp,10,26,4,4,1.000000
gnp,10,13,6,6,1.000000
gnp,9,30,2,2,1.000000
gnp,9,29,3,3,1.000000
gnp,15,33,6,6,1.000000
gnp,12,45,3,3,1.000000
gnp,7,6,4,4,1.000000
gnp,14,41,5,5,1.000000
gnp,14,18,9,9,1.000000
gnp,9,19,4,4,1.000000
gnp,13,27,5,5,1.000000
gnp,16,45,6,6,1.000000
gnp,6,12,2,2,1.000000
gnp,7,12,3,3,1.000000
gnp,11,46,2,2,1.000000
gnp,13,63,2,2,1.000000
gnp,14,63,3,3,1.000000
gnp,6,13,2,2,1.000000
gnp,6,14,2,2,1.000000
gnp,15,15,8,8,1.000000
gnp,7,14,3,3,1.000000
gnp,9,23,3,3,1.000000
gnp,13,44,3,3,1.000000
gnp,10,29,3,3,1.000000
gnp,12,49,3,3,1.000000
gnp,12,28,5,5,1.000000
gnp,8,25,2,2,1.000000
gnp,10,24,4,4,1.000000
gnp,14,52,3,4,1.333333
gnp,7,8,4,4,1.000000
gnp,9,17,4,4,1.000000
gnp,11,37,3,3,1.000000
gnp,12,16,5,5,1.000000
gnp,9,16,4,4,1.000000
gnp,7,8,4,4,1.000000
gnp,11,22,5,5,1.000000
gnp,7,11,3,3,1.000000
gnp,10,12,5,5,1.000000
gnp,6,9,3,3,1.000000
gnp,11,16,5,5,1.000000
gnp,12,38,4,4,1.000000
gnp,14,58,3,3,1.000000
gnp,8,12,5,5,1.000000
gnp,6,10,2,2,1.000000
gnp,14,70,3,3,1.000000
gnp,12,18,7,7,1.000000
gnp,6,6,4,4,1.000000
gnp,7,8,4,4,1.000000
gnp,7,17,3,3,1.000000
gnp,10,34,3,3,1.000000
gnp,6,13,2,2,1.000000
gnp,12,30,5,5,1.000000
gnp,16,92,3,3,1.000000
gnp,14,50,5,5,1.000000
gnp,15,33,5,5,1.000000
gnp,10,31,3,3,1.000000
gnp,7,11,3,3,1.000000
gnp,14,75,3,3,1.000000
gnp,11,19,5,5,1.000000
gnp,16,90,3,3,1.000000
gnp,12,12,8,8,1.000000
gnp,16,43,5,5,1.000000
gnp,6,6,3,3,1.000000
gnp,13,52,3,3,1.000000
gnp,15,87,3,3,1.000000
gnp,15,56,4,4,1.000000
gnp,10,15,5,5,1.000000
gnp,6,11,2,2,1.000000
gnp,10,24,4,4,1.000000
gnp,12,44,4,4,1.000000
gnp,15,59,4,4,1.000000
gnp,16,42,6,6,1.000000
gnp,7,16,2,2,1.000000
gnp,8,15,4,4,1.000000
gnp,15,43,5,5,1.000000
gnp,8,11,4,4,1.000000
gnp,10,6,6,6,1.000000
gnp,15,63,4,4,1.000000
gnp,8,24,2,2,1.000000
gnp,8,21,2,2,1.000000
gnp,10,31,3,3,1.000000
gnp,12,32,5,5,1.000000
gnp,12,43,3,3,1.000000
gnp,14,47,4,4,1.000000
gnp,16,27,8,8,1.000000
gnp,6,7,3,3,1.000000
gnp,9,18,3,3,1.000000
gnp,14,54,3,3,1.000000
gnp,16,80,4,4,1.000000
gnp,16,50,6,6,1.000000
gnp,16,85,4,4,1.000000
gnp,10,33,3,3,1.000000
gnp,12,57,3,3,1.000000
gnp,8,24,2,2,1.000000
gnp,11,7,7,7,1.000000
gnp,12,36,3,3,1.000000
gnp,14,53,4,4,1.000000
gnp,16,39,6,6,1.000000
gnp,15,43,5,5,1.000000
gnp,16,28,7,7,1.000000
gnp,6,9,3,3,1.000000
gnp,7,14,3,3,1.000000
gnp,9,22,3,3,1.000000
gnp,15,36,6,6,1.000000
gnp,10,36,3,3,1.000000
gnp,12,36,3,3,1.000000
gnp,15,69,4,4,1.000000
gnp,14,31,6,6,1.000000
gnp,6,9,3,3,1.000000
gnp,13,51,4,4,1.000000
gnp,6,12,2,2,1.000000
gnp,15,41,5,5,1.000000
gnp,7,17,2,2,1.000000
gnp,12,22,5,5,1.000000
gnp,7,17,3,3,1.000000
gnp,6,3,4,4,1.000000
gnp,12,35,4,4,1.000000
gnp,7,5,4,4,1.000000
gnp,11,8,7,7,1.000000
gnp,8,19,3,3,1.000000
gnp,15,80,3,3,1.000000
gnp,16,32,6,6,1.000000
gnp,9,20,3,3,1.000000
gnp,6,11,2,2,1.000000
gnp,13,49,4,4,1.000000
gnp,8,5,5,5,1.000000
gnp,8,19,2,2,1.000000
gnp,16,29,9,9,1.000000
gnp,11,7,8,8,1.000000
gnp,13,59,3,3,1.000000
gnp,12,55,3,3,1.000000
gnp,15,62,4,4,1.000000
gnp,10,7,7,7,1.000000
gnp,7,17,2,2,1.000000
gnp,9,16,4,4,1.000000
gnp,8,19,3,3,1.000000
gnp,11,39,3,3,1.000000
gnp,9,15,4,4,1.000000
gnp,7,8,4,4,1.000000
gnp,13,6,10,10,1.000000
gnp,16,28,8,8,1.000000
gnp,6,8,3,3,1.000000
gnp,12,19,7,7,1.000000
gnp,8,14,3,3,1.000000
gnp,12,14,6,6,1.000000
gnp,13,14,8,8,1.000000
gnp,10,12,5,5,1.000000
gnp,8,21,3,3,1.000000
gnp,6,2,5,5,1.000000
gnp,10,23,4,4,1.000000
gnp,12,20,5,5,1.000000
gnp,9,13,4,4,1.000000
gnp,7,11,4,4,1.000000
gnp,8,22,2,2,1.000000
gnp,16,61,5,5,1.000000
gnp,7,2,5,5,1.000000
gnp,16,23,8,8,1.000000
gnp,15,47,5,5,1.000000
gnp,7,15,3,3,1.000000
gnp,14,74,3,3,1.000000
gnp,8,14,3,3,1.000000
gnp,13,47,4,4,1.000000
gnp,9,23,3,3,1.000000
gnp,14,28,6,6,1.000000
gnp,14,30,6,6,1.000000
gnp,12,7,9,9,1.000000
gnp,15,73,4,4,1.000000
gnp,13,60,2,2,1.000000
gnp,12,39,5,5,1.000000
gnp,13,37,4,4,1.000000
gnp,12,47,3,3,1.000000
gnp,9,30,3,3,1.000000
gnp,6,3,5,5,1.000000
gnp,12,37,5,5,1.000000
gnp,16,88,3,3,1.000000
gnp,9,18,4,4,1.000000
gnp,16,29,7,7,1.000000
gnp,16,85,3,3,1.000000
gnp,6,9,3,3,1.000000
gnp,7,9,3,3,1.000000
gnp,15,24,7,7,1.000000
gnp,14,50,4,4,1.000000
gnp,7,16,2,2,1.000000
gnp,11,28,4,4,1.000000
gnp,15,87,3,3,1.000000
gnp,9,23,3,3,1.000000
gnp,14,63,3,3,1.000000
gnp,8,25,2,2,1.000000
gnp,11,41,3,3,1.000000
gnp,16,88,3,3,1.000000
gnp,15,66,4,4,1.000000
gnp,14,83,2,2,1.000000
gnp,10,39,2,2,1.000000
gnp,15,49,6,6,1.000000
gnp,16,24,7,7,1.000000
gnp,13,43,4,4,1.000000
gnp,6,7,3,3,1.000000
gnp,7,6,4,4,1.000000
gnp,9,28,2,2,1.000000
gnp,13,31,5,5,1.000000
gnp,14,63,3,3,1.000000
gnp,6,12,2,2,1.000000
gnp,10,19,4,4,1.000000
gnp,15,27,7,7,1.000000
gnp,13,50,4,4,1.000000
gnp,12,46,3,3,1.000000
gnp,14,49,5,5,1.000000
gnp,8,10,4,4,1.000000
gnp,13,66,2,2,1.000000
gnp,16,59,4,4,1.000000
gnp,12,36,4,4,1.000000
gnp,11,9,6,6,1.000000
gnp,6,7,3,3,1.000000
gnp,12,25,5,5,1.000000
gnp,16,62,4,4,1.000000
gnp,6,8,2,2,1.000000
gnp,10,34,2,2,1.000000
gnp,11,40,3,3,1.000000
gnp,10,10,5,5,1.000000
gnp,13,43,4,4,1.000000
gnp,8,10,4,4,1.000000
gnp,8,18,3,3,1.000000
gnp,16,64,4,4,1.000000
gnp,12,51,3,3,1.000000
gnp,9,19,4,4,1.000000
gnp,11,30,4,4,1.000000
gnp,7,14,3,3,1.000000
gnp,8,13,3,3,1.000000
gnp,13,19,6,6,1.000000
gnp,12,21,6,6,1.000000
gnp,12,51,3,3,1.000000
gnp,9,18,3,3,1.000000
gnp,7,9,4,4,1.000000
gnp,14,63,4,4,1.000000
gnp,11,8,7,7,1.000000
gnp,14,25,6,6,1.000000
gnp,14,38,5,5,1.000000
gnp,13,55,3,3,1.000000
gnp,10,13,5,5,1.000000
gnp,10,23,4,4,1.000000
gnp,16,91,3,3,1.000000
gnp,7,15,2,2,1.000000
gnp,8,8,5,5,1.000000
gnp,15,29,7,7,1.000000
gnp,7,16,3,3,1.000000
gnp,12,20,6,6,1.000000
gnp,10,15,6,6,1.000000
gnp,11,14,6,6,1.000000
gnp,8,12,4,4,1.000000
gnp,12,35,5,5,1.000000
gnp,9,27,3,3,1.000000
gnp,11,6,8,8,1.000000
gnp,8,20,3,3,1.000000
gnp,10,37,2,2,1.000000
gnp,6,7,4,4,1.000000
gnp,13,34,4,4,1.000000
gnp,15,49,5,5,1.000000
gnp,15,75,3,3,1.000000
gnp,13,11,7,7,1.000000
gnp,8,9,4,4,1.000000
gnp,12,11,7,7,1.000000
gnp,11,33,4,4,1.000000
gnp,12,13,7,7,1.000000
gnp,15,43,5,5,1.000000
gnp,14,43,4,4,1.000000
gnp,8,6,5,5,1.000000
gnp,14,40,5,5,1.000000
gnp,14,54,3,3,1.000000
gnp,11,41,3,3,1.000000
gnp,15,40,6,6,1.000000
gnp,10,40,2,2,1.000000
gnp,7,17,2,2,1.000000
gnp,11,8,7,7,1.000000
gnp,6,4,4,4,1.000000
gnp,11,39,2,2,1.000000
gnp,7,18,2,2,1.000000
gnp,16,96,3,3,1.000000
gnp,11,37,3,3,1.000000
gnp,9,7,5,5,1.000000
gnp,13,6,10,10,1.000000
gnp,16,69,4,4,1.000000
gnp,16,20,8,8,1.000000
gnp,10,33,3,3,1.000000
gnp,12,35,4,4,1.000000
gnp,8,11,4,4,1.000000
gnp,12,32,4,4,1.000000
gnp,10,27,4,4,1.000000
gnp,6,3,4,4,1.000000
gnp,11,19,5,5,1.000000
gnp,14,26,7,7,1.000000
gnp,14,68,3,3,1.000000
gnp,8,9,4,4,1.000000
gnp,8,7,5,5,1.000000
gnp,16,13,11,11,1.000000
gnp,15,21,8,8,1.000000
gnp,6,9,3,3,1.000000
gnp,12,18,7,7,1.000000
gnp,9,24,3,3,1.000000
gnp,11,3,9,9,1.000000
gnp,13,34,5,5,1.000000
gnp,16,55,5,5,1.000000
gnp,11,24,4,4,1.000000
gnp,10,28,3,3,1.000000
gnp,14,64,3,3,1.000000
gnp,8,15,3,3,1.000000
gnp,11,13,6,6,1.000000
gnp,14,69,3,3,1.000000
gnp,12,49,3,3,1.000000
gnp,7,13,3,3,1.000000
gnp,13,65,3,3,1.000000
gnp,8,3,6,6,1.000000
gnp,9,20,3,3,1.000000
gnp,15,62,4,4,1.000000
gnp,6,5,4,4,1.000000
gnp,8,14,4,4,1.000000
gnp,12,47,3,3,1.000000
gnp,12,41,4,4,1.000000
gnp,16,49,6,6,1.000000
gnp,9,25,2,2,1.000000
gnp,16,47,6,6,1.000000
gnp,15,81,3,3,1.000000
gnp,11,39,3,3,1.000000
gnp,10,19,5,5,1.000000
gnp,16,55,6,6,1.000000
gnp,9,12,4,4,1.000000
gnp,10,12,7,7,1.000000
gnp,15,38,5,5,1.000000
gnp,15,76,3,3,1.000000
gnp,15,69,4,4,1.000000
gnp,8,21,2,2,1.000000
gnp,6,4,4,4,1.000000
gnp,13,16,7,7,1.000000
gnp,11,20,5,5,1.000000
gnp,14,68,3,3,1.000000
gnp,9,23,4,4,1.000000
gnp,8,13,4,4,1.000000
gnp,8,2,7,7,1.000000
gnp,8,24,2,2,1.000000
gnp,6,11,2,2,1.000000
gnp,6,11,2,2,1.000000
gnp,14,45,4,4,1.000000
gnp,14,42,6,6,1.000000
gnp,11,39,3,3,1.000000
gnp,16,62,5,5,1.000000
gnp,9,27,3,3,1.000000
gnp,6,11,3,3,1.000000
gnp,9,6,6,6,1.000000
gnp,9,29,2,2,1.000000
gnp,15,83,3,3,1.000000
gnp,7,7,4,4,1.000000
gnp,8,26,2,2,1.000000
gnp,6,7,3,3,1.000000
gnp,15,77,3,3,1.000000
gnp,7,11,3,3,1.000000
gnp,10,26,4,4,1.000000
gnp,6,9,2,2,1.000000
gnp,6,6,3,3,1.000000
gnp,7,7,4,4,1.000000
gnp,7,12,3,3,1.000000
gnp,8,10,4,4,1.000000
gnp,8,4,6,6,1.000000
gnp,7,19,2,2,1.000000
gnp,12,36,4,4,1.000000
gnp,6,4,4,4,1.000000
gnp,7,5,5,5,1.000000
gnp,7,5,4,4,1.000000
gnp,6,4,4,4,1.000000
gnp,13,22,5,5,1.000000
gnp,16,85,3,3,1.000000
gnp,9,13,5,5,1.000000
gnp,6,6,3,3,1.000000
gnp,12,29,4,4,1.000000
gnp,14,15,7,7,1.000000
gnp,13,45,4,4,1.000000
gnp,14,19,8,8,1.000000
gnp,8,6,6,6,1.000000
gnp,6,14,2,2,1.000000
gnp,16,64,5,5,1.000000
gnp,6,10,3,3,1.000000
gnp,8,5,5,5,1.000000
gnp,12,13,7,7,1.000000
gnp,11,52,2,2,1.000000
gnp,12,44,4,4,1.000000
gnp,16,17,9,9,1.000000
gnp,16,65,4,4,1.000000
gnp,8,22,2,2,1.000000
gnp,6,10,2,2,1.000000
gnp,13,18,6,6,1.000000
gnp,9,18,3,3,1.000000
gnp,14,31,6,6,1.000000
gnp,12,24,5,5,1.000000
gnp,9,29,3,3,1.000000
gnp,7,17,2,2,1.000000
gnp,6,4,3,3,1.000000
gnp,6,9,3,3,1.000000
gnp,15,25,8,8,1.000000
gnp,14,42,6,6,1.000000
gnp,8,9,4,4,1.000000
gnp,13,49,4,4,1.000000
gnp,12,33,5,5,1.000000
gnp,12,20,6,6,1.000000
gnp,10,26,3,3,1.000000
gnp,11,19,5,5,1.000000
gnp,16,73,5,5,1.000000
gnp,9,20,3,3,1.000000
gnp,6,3,4,4,1.000000
gnp,6,7,3,3,1.000000
gnp,13,40,4,4,1.000000
gnp,11,25,5,5,1.000000
gnp,15,28,6,6,1.000000
gnp,15,71,4,4,1.000000
gnp,11,24,4,4,1.000000
gnp,9,13,4,4,1.000000
gnp,8,20,3,3,1.000000
gnp,13,31,5,5,1.000000
gnp,6,9,3,3,1.000000
gnp,14,21,7,7,1.000000
gnp,6,12,2,2,1.000000
gnp,14,25,6,6,1.000000
gnp,12,21,5,5,1.000000
gnp,13,20,6,6,1.000000
gnp,14,16,8,8,1.000000
gnp,16,51,6,6,1.000000
gnp,8,14,4,4,1.000000
gnp,11,37,3,3,1.000000
gnp,7,6,4,4,1.000000
gnp,12,38,4,4,1.000000
gnp,6,7,3,3,1.000000
gnp,11,13,6,6,1.000000
gnp,10,24,4,4,1.000000
gnp,13,15,7,7,1.000000
gnp,8,5,4,4,1.000000
gnp,6,4,4,4,1.000000
gnp,8,12,3,3,1.000000
gnp,13,35,4,4,1.000000
gnp,15,39,5,5,1.000000
gnp,9,5,6,6,1.000000
gnp,11,22,4,4,1.000000
gnp,15,41,6,6,1.000000
gnp,10,31,3,3,1.000000
gnp,12,48,3,3,1.000000
gnp,11,30,4,4,1.000000
gnp,8,18,3,3,1.000000
gnp,6,2,5,5,1.000000
gnp,12,34,4,4,1.000000
gnp,10,38,2,2,1.000000
gnp,7,13,3,3,1.000000
gnp,13,44,4,4,1.000000
gnp,7,20,2,2,1.000000
gnp,6,7,3,3,1.000000
gnp,15,38,6,6,1.000000
gnp,15,74,4,4,1.000000
gnp,15,12,9,9,1.000000
gnp,16,106,3,3,1.000000
gnp,11,37,3,3,1.000000
gnp,10,26,4,4,1.000000
gnp,15,35,5,5,1.000000
gnp,12,47,3,3,1.000000
gnp,16,48,5,5,1.000000
gnp,9,17,4,4,1.000000
gnp,16,29,8,8,1.000000
gnp,12,40,4,4,1.000000
gnp,7,7,4,4,1.000000
gnp,7,2,6,6,1.000000
gnp,10,32,3,3,1.000000
gnp,13,43,3,3,1.000000
gnp,9,24,3,3,1.000000
gnp,12,17,5,5,1.000000
gnp,15,48,5,5,1.000000
gnp,15,45,5,5,1.000000
gnp,7,14,3,3,1.000000
gnp,8,22,2,2,1.000000
gnp,6,7,4,4,1.000000
gnp,14,42,4,4,1.000000
gnp,7,2,6,6,1.000000
gnp,8,21,3,3,1.000000
gnp,16,86,4,4,1.000000
gnp,7,16,2,2,1.000000
gnp,9,15,4,4,1.000000
gnp,8,20,3,3,1.000000
gnp,13,67,3,3,1.000000
gnp,16,60,6,6,1.000000
gnp,14,72,3,3,1.000000
gnp,10,21,4,4,1.000000
gnp,7,12,4,4,1.000000
gnp,14,59,4,4,1.000000
gnp,15,88,3,3,1.000000
gnp,13,70,2,2,1.000000
gnp,6,11,3,3,1.000000
gnp,14,19,6,6,1.000000
gnp,11,29,4,4,1.000000
gnp,8,23,2,2,1.000000
gnp,15,27,7,7,1.000000
gnp,7,14,3,3,1.000000
gnp,8,17,3,3,1.000000
gnp,16,84,3,3,1.000000
gnp,8,17,4,4,1.000000
gnp,14,74,3,3,1.000000
gnp,13,54,4,4,1.000000
gnp,15,89,3,3,1.000000
gnp,16,65,4,4,1.000000
gnp,6,7,3,3,1.000000
gnp,7,9,3,3,1.000000
gnp,15,51,5,5,1.000000
gnp,12,13,7,7,1.000000
gnp,8,12,4,4,1.000000
gnp,11,36,3,3,1.000000
gnp,7,13,3,3,1.000000
gnp,15,67,3,3,1.000000
gnp,8,13,4,4,1.000000
gnp,15,78,3,3,1.000000
gnp,15,45,5,5,1.000000
gnp,10,43,2,2,1.000000
gnp,6,5,4,4,1.000000
gnp,8,5,6,6,1.000000
gnp,8,13,3,3,1.000000
gnp,12,17,6,6,1.000000
gnp,15,77,3,3,1.000000
gnp,10,25,4,4,1.000000
gnp,6,5,3,3,1.000000
gnp,10,24,4,4,1.000000
gnp,15,17,8,8,1.000000
gnp,8,26,2,2,1.000000
gnp,13,20,6,6,1.000000
gnp,15,62,4,4,1.000000
gnp,6,8,3,3,1.000000
gnp,7,9,3,3,1.000000
gnp,7,12,3,3,1.000000
gnp,11,28,4,4,1.000000
gnp,9,26,3,3,1.000000
gnp,9,7,5,5,1.000000
gnp,6,5,4,4,1.000000
gnp,6,15,1,1,1.000000
gnp,14,45,4,4,1.000000
gnp,11,37,3,3,1.000000
gnp,8,14,3,3,1.000000
gnp,10,15,5,5,1.000000
gnp,7,15,3,3,1.000000
gnp,11,32,4,4,1.000000
gnp,10,20,4,4,1.000000
gnp,12,45,3,3,1.000000
gnp,13,65,3,3,1.000000
gnp,14,25,7,7,1.000000
gnp,15,57,4,4,1.000000
gnp,14,44,5,5,1.000000
gnp,12,32,5,5,1.000000
gnp,7,7,4,4,1.000000
gnp,10,21,4,4,1.000000
gnp,9,25,3,3,1.000000
gnp,12,33,4,4,1.000000
gnp,14,37,5,5,1.000000
gnp,15,56,4,4,1.000000
gnp,10,35,2,2,1.000000
gnp,15,32,7,7,1.000000
gnp,11,21,5,5,1.000000
gnp,11,34,3,3,1.000000
gnp,7,7,5,5,1.000000
gnp,15,69,4,4,1.000000
gnp,16,91,3,3,1.000000
gnp,9,28,2,2,1.000000
gnp,6,7,3,3,1.000000
gnp,13,16,7,7,1.000000
gnp,9,24,3,3,1.000000
gnp,9,15,4,4,1.000000
gnp,12,55,2,2,1.000000
gnp,7,8,3,3,1.000000
gnp,11,24,4,4,1.000000
gnp,12,28,5,5,1.000000
gnp,6,7,3,3,1.000000
gnp,8,9,4,4,1.000000
gnp,8,5,6,6,1.000000
gnp,12,40,3,3,1.000000
gnp,14,52,4,4,1.000000
gnp,13,29,6,6,1.000000
gnp,12,21,5,5,1.000000
gnp,10,16,4,4,1.000000
gnp,13,46,4,4,1.000000
gnp,14,70,3,3,1.000000
gnp,10,27,3,3,1.000000
gnp,9,29,3,3,1.000000
gnp,12,16,5,5,1.000000
gnp,10,28,4,4,1.000000
gnp,8,24,2,2,1.000000
gnp,12,25,5,5,1.000000
gnp,6,4,4,4,1.000000
gnp,15,63,4,4,1.000000
gnp,6,4,4,4,1.000000
gnp,8,25,2,2,1.000000
gnp,8,8,5,5,1.000000
gnp,13,40,5,5,1.000000
gnp,16,48,5,5,1.000000
gnp,8,19,3,3,1.000000
gnp,12,17,7,7,1.000000
gnp,8,8,6,6,1.000000
gnp,7,7,4,4,1.000000
gnp,14,67,3,3,1.000000
gnp,6,6,3,3,1.000000
gnp,7,9,3,3,1.000000
gnp,13,52,4,4,1.000000
gnp,9,26,3,3,1.000000
gnp,15,61,4,4,1.000000
gnp,13,64,3,3,1.000000
gnp,10,22,4,4,1.000000
gnp,10,30,3,3,1.000000
gnp,7,7,4,4,1.000000
gnp,8,9,4,4,1.000000
gnp,9,19,3,3,1.000000
gnp,11,10,6,6,1.000000
gnp,15,68,4,4,1.000000
gnp,13,44,5,5,1.000000
gnp,11,42,3,3,1.000000
gnp,10,9,6,6,1.000000
gnp,14,32,6,6,1.000000
gnp,11,36,3,3,1.000000
gnp,6,5,4,4,1.000000
gnp,10,18,4,4,1.000000
gnp,10,22,4,4,1.000000
gnp,8,22,2,2,1.000000
gnp,7,3,5,5,1.000000
gnp,8,23,3,3,1.000000
gnp,10,36,3,3,1.000000
gnp,16,98,3,3,1.000000
gnp,13,36,4,4,1.000000
gnp,9,15,4,4,1.000000
gnp,16,68,5,5,1.000000
gnp,13,24,6,6,1.000000
gnp,14,48,4,4,1.000000
gnp,7,15,2,2,1.000000
gnp,6,9,3,3,1.000000
gnp,7,11,3,3,1.000000
gnp,9,31,2,2,1.000000
gnp,11,36,3,3,1.000000
gnp,6,5,3,3,1.000000
gnp,11,36,3,3,1.000000
gnp,10,25,4,4,1.000000
gnp,11,37,3,3,1.000000
gnp,6,3,4,4,1.000000
gnp,14,20,7,7,1.000000
gnp,13,30,5,5,1.000000
gnp,14,72,3,3,1.000000
gnp,11,40,3,3,1.000000
gnp,10,12,5,5,1.000000
gnp,10,15,4,4,1.000000
gnp,14,30,6,6,1.000000
gnp,7,6,4,4,1.000000
gnp,13,47,4,4,1.000000
gnp,6,11,2,2,1.000000
gnp,9,21,3,3,1.000000
gnp,8,17,3,3,1.000000
gnp,14,64,3,3,1.000000
gnp,15,48,5,5,1.000000
gnp,15,20,8,8,1.000000
gnp,13,41,4,4,1.000000
gnp,13,16,7,7,1.000000
gnp,16,22,9,9,1.000000
gnp,9,9,4,4,1.000000
gnp,15,61,4,4,1.000000
gnp,10,9,6,6,1.000000
gnp,9,23,3,3,1.000000
gnp,15,46,6,6,1.000000
gnp,9,21,3,3,1.000000
gnp,8,23,2,2,1.000000
gnp,6,5,4,4,1.000000
gnp,15,22,8,8,1.000000
gnp,14,73,3,3,1.000000
gnp,15,48,6,6,1.000000
gnp,8,10,4,4,1.000000
gnp,7,5,4,4,1.000000
gnp,8,22,3,3,1.000000
gnp,7,15,2,2,1.000000
gnp,13,32,5,5,1.000000
gnp,6,10,2,2,1.000000
gnp,12,14,7,7,1.000000
gnp,10,14,5,5,1.000000
gnp,7,8,4,4,1.000000
gnp,14,42,5,5,1.000000
gnp,16,32,7,7,1.000000
gnp,15,60,5,5,1.000000
gnp,13,32,5,5,1.000000
gnp,9,12,5,5,1.000000
gnp,15,48,5,5,1.000000
gnp,6,1,5,5,1.000000
gnp,13,59,3,3,1.000000
gnp,8,8,4,4,1.000000
gnp,11,43,3,3,1.000000
gnp,13,55,3,3,1.000000
gnp,6,10,3,3,1.000000
gnp,12,27,5,5,1.000000
gnp,12,21,6,6,1.000000
gnp,6,11,2,2,1.000000
gnp,11,20,5,5,1.000000
gnp,7,10,3,3,1.000000
gnp,10,9,6,6,1.000000
gnp,14,30,5,5,1.000000
gnp,15,72,4,4,1.000000
gnp,15,61,4,4,1.000000
gnp,11,37,3,3,1.000000
gnp,12,28,4,4,1.000000
gnp,10,24,4,4,1.000000
gnp,14,67,3,3,1.000000
gnp,8,15,4,4,1.000000
gnp,6,7,3,3,1.000000
gnp,14,51,4,4,1.000000
gnp,13,31,5,5,1.000000
gnp,15,22,7,7,1.000000
gnp,11,45,3,3,1.000000
gnp,8,9,4,4,1.000000
gnp,15,43,5,5,1.000000
gnp,6,9,2,2,1.000000
gnp,8,5,5,5,1.000000
gnp,8,10,4,4,1.000000
gnp,13,59,3,3,1.000000
gnp,12,11,8,8,1.000000
gnp,14,67,3,3,1.000000
gnp,8,24,2,2,1.000000
gnp,11,24,4,4,1.000000
gnp,7,13,3,3,1.000000
gnp,10,27,4,4,1.000000
gnp,13,25,6,6,1.000000
gnp,7,6,4,4,1.000000
gnp,10,6,6,6,1.000000
gnp,8,10,4,4,1.000000
gnp,8,9,5,5,1.000000
gnp,11,36,3,3,1.000000
gnp,13,8,9,9,1.000000
gnp,11,23,5,5,1.000000
gnp,7,18,2,2,1.000000
gnp,16,44,7,7,1.000000
gnp,6,3,4,4,1.000000
gnp,6,11,2,2,1.000000
gnp,8,22,2,2,1.000000
gnp,13,54,3,3,1.000000
gnp,6,1,5,5,1.000000
gnp,9,30,2,2,1.000000
gnp,12,18,5,5,1.000000
gnp,13,31,4,4,1.000000
gnp,10,35,2,2,1.000000
gnp,8,14,3,3,1.000000
gnp,10,7,8,8,1.000000
gnp,13,37,4,4,1.000000
gnp,8,17,3,3,1.000000
gnp,9,9,5,5,1.000000
gnp,7,5,5,5,1.000000
gnp,6,5,4,4,1.000000
gnp,11,46,3,3,1.000000
gnp,7,3,5,5,1.000000
gnp,6,10,2,2,1.000000
gnp,7,18,2,2,1.000000
gnp,11,12,7,7,1.000000
gnp,6,9,3,3,1.000000
gnp,13,13,7,7,1.000000
gnp,9,8,6,6,1.000000
gnp,7,17,2,2,1.000000
gnp,16,24,8,8,1.000000
gnp,10,34,2,2,1.000000
gnp,14,63,4,4,1.000000
gnp,14,62,3,3,1.000000
gnp,9,29,3,3,1.000000
gnp,15,57,5,5,1.000000
gnp,15,64,4,4,1.000000
gnp,12,28,4,4,1.000000
gnp,10,36,3,3,1.000000
gnp,12,34,6,6,1.000000
gnp,15,76,3,3,1.000000
gnp,13,17,6,6,1.000000
gnp,14,18,7,7,1.000000
gnp,6,6,3,3,1.000000
gnp,8,9,4,4,1.000000
gnp,9,25,3,3,1.000000
gnp,13,62,2,2,1.000000
gnp,11,28,5,5,1.000000
gnp,11,39,3,3,1.000000
gnp,12,29,5,5,1.000000
gnp,10,32,3,3,1.000000
gnp,6,10,3,3,1.000000
gnp,9,15,5,5,1.000000
gnp,10,35,3,3,1.000000
gnp,14,37,6,6,1.000000
gnp,11,43,2,2,1.000000
gnp,16,97,3,3,1.000000
gnp,12,49,3,3,1.000000
gnp,11,20,4,4,1.000000
gnp,13,65,3,3,1.000000
gnp,12,33,4,4,1.000000
gnp,11,16,6,6,1.000000
gnp,8,12,4,4,1.000000
gnp,6,7,3,3,1.000000
gnp,11,11,6,6,1.000000
gnp,16,73,4,4,1.000000
gnp,16,99,3,3,1.000000
gnp,9,2,8,8,1.000000
gnp,7,11,3,3,1.000000
gnp,7,13,3,3,1.000000
gnp,8,11,4,4,1.000000
gnp,13,55,3,3,1.000000
gnp,16,78,4,4,1.000000
gnp,16,19,10,10,1.000000
gnp,9,12,4,4,1.000000
gnp,7,13,3,3,1.000000
gnp,7,10,3,3,1.000000
gnp,13,58,3,3,1.000000
gnp,6,1,5,5,1.000000
gnp,6,4,4,4,1.000000
gnp,11,22,4,4,1.000000
gnp,11,45,3,3,1.000000
gnp,13,46,4,4,1.000000
gnp,6,4,4,4,1.000000
gnp,13,17,7,7,1.000000
gnp,9,22,3,3,1.000000
gnp,15,53,5,5,1.000000
gnp,15,70,3,3,1.000000
gnp,9,22,3,3,1.000000
gnp,6,1,5,5,1.000000
gnp,10,41,2,2,1.000000
gnp,10,34,2,2,1.000000
gnp,9,22,3,3,1.000000
gnp,6,7,3,3,1.000000
gnp,6,12,2,2,1.000000
gnp,6,5,4,4,1.000000
gnp,7,4,4,4,1.000000
gnp,16,68,5,5,1.000000
gnp,9,32,2,2,1.000000
gnp,15,61,4,4,1.000000
gnp,14,38,5,5,1.000000
gnp,11,38,3,3,1.000000
gnp,8,7,5,5,1.000000
gnp,7,2,5,5,1.000000
gnp,13,43,4,4,1.000000
gnp,16,25,8,8,1.000000
gnp,14,12,9,9,1.000000
gnp,13,44,4,4,1.000000
gnp,9,33,2,2,1.000000
gnp,16,25,8,8,1.000000
gnp,16,37,7,7,1.000000
gnp,10,27,4,4,1.000000
gnp,9,7,5,5,1.000000
gnp,13,32,4,4,1.000000
gnp,11,25,4,4,1.000000
gnp,8,17,3,3,1.000000
gnp,7,11,3,3,1.000000
gnp,11,15,5,5,1.000000
gnp,8,10,5,5,1.000000
gnp,14,23,7,7,1.000000
gnp,16,29,7,7,1.000000
gnp,9,24,3,3,1.000000
gnp,11,42,3,3,1.000000
gnp,6,10,3,3,1.000000
gnp,15,20,7,7,1.000000
gnp,16,22,8,8,1.000000
gnp,6,5,3,3,1.000000
gnp,14,30,7,7,1.000000
gnp,8,20,3,3,1.000000
gnp,7,12,3,3,1.000000
gnp,9,24,3,3,1.000000
gnp,10,37,2,2,1.000000
gnp,13,21,5,5,1.000000
gnp,11,42,3,3,1.000000
gnp,7,4,4,4,1.000000
gnp,10,10,5,5,1.000000
gnp,9,30,2,2,1.000000
gnp,12,41,3,3,1.000000
gnp,6,9,3,3,1.000000
gnp,13,33,5,5,1.000000
gnp,7,8,4,4,1.000000
gnp,6,9,3,3,1.000000
gnp,6,13,2,2,1.000000
gnp,7,15,2,2,1.000000
gnp,9,27,2,2,1.000000
gnp,8,8,4,4,1.000000
gnp,7,11,3,3,1.000000
gnp,7,7,5,5,1.000000
gnp,14,48,4,4,1.000000
gnp,6,8,3,3,1.000000
gnp,12,13,7,7,1.000000
gnp,14,40,5,5,1.000000
gnp,11,29,4,4,1.000000
gnp,15,77,3,3,1.000000
gnp,13,27,5,5,1.000000
gnp,12,34,4,4,1.000000
gnp,6,9,3,3,1.000000
gnp,9,17,4,4,1.000000
gnp,7,8,4,4,1.000000
gnp,15,91,3,3,1.000000
gnp,8,22,2,2,1.000000
gnp,11,43,3,3,1.000000
gnp,6,9,2,2,1.000000
gnp,8,17,3,3,1.000000
gnp,8,10,4,4,1.000000
gnp,14,24,6,6,1.000000
gnp,14,20,7,7,1.000000
gnp,8,16,3,3,1.000000
gnp,6,4,4,4,1.000000
gnp,10,17,4,4,1.000000
gnp,16,30,8,8,1.000000
gnp,14,64,3,3,1.000000
gnp,12,58,3,3,1.000000
gnp,15,53,4,4,1.000000
gnp,6,10,3,3,1.000000
gnp,8,6,5,5,1.000000
gnp,6,2,5,5,1.000000
gnp,9,26,3,3,1.000000
gnp,13,40,4,4,1.000000
gnp,7,7,4,4,1.000000
gnp,6,11,2,2,1.000000
gnp,14,15,8,8,1.000000
gnp,6,7,3,3,1.000000
gnp,9,3,7,7,1.000000
gnp,11,31,3,3,1.000000
gnp,13,35,4,4,1.000000
gnp,12,57,3,3,1.000000
gnp,15,54,6,6,1.000000
gnp,7,17,2,2,1.000000
gnp,15,20,8,8,1.000000
gnp,13,30,4,4,1.000000
gnp,8,15,4,4,1.000000
gnp,7,19,2,2,1.000000
gnp,10,12,6,6,1.000000
gnp,7,13,3,3,1.000000
gnp,8,9,4,4,1.000000
gnp,9,29,3,3,1.000000
gnp,13,12,8,8,1.000000
gnp,11,21,6,6,1.000000
gnp,12,44,4,4,1.000000
gnp,13,65,3,3,1.000000
gnp,12,21,6,6,1.000000
gnp,8,7,4,4,1.000000
gnp,11,19,6,6,1.000000
gnp,15,40,5,5,1.000000
gnp,10,27,4,4,1.000000
gnp,12,29,5,5,1.000000
gnp,16,39,6,6,1.000000
gnp,9,19,4,4,1.000000
gnp,6,6,3,3,1.000000
gnp,8,14,4,4,1.000000
gnp,8,14,3,3,1.000000
gnp,7,5,5,5,1.000000
gnp,10,16,5,5,1.000000
gnp,16,37,6,6,1.000000
gnp,16,57,5,5,1.000000
gnp,10,34,3,3,1.000000
gnp,16,71,4,4,1.000000
gnp,14,66,3,3,1.000000
gnp,15,85,3,3,1.000000
gnp,16,38,7,7,1.000000
gnp,7,11,3,3,1.000000
gnp,10,15,5,5,1.000000
gnp,9,27,3,3,1.000000
gnp,13,65,3,3,1.000000
gnp,11,34,3,3,1.000000
gnp,14,25,7,7,1.000000
gnp,10,41,2,2,1.000000
gnp,9,9,4,4,1.000000
gnp,16,60,5,5,1.000000
gnp,6,6,4,4,1.000000
gnp,11,41,4,4,1.000000
gnp,15,68,4,4,1.000000
gnp,11,35,4,4,1.000000
gnp,15,66,4,4,1.000000
gnp,16,57,5,5,1.000000
gnp,11,46,2,2,1.000000
gnp,11,29,4,4,1.000000
gnp,12,20,5,5,1.000000
gnp,7,8,4,4,1.000000
gnp,8,8,5,5,1.000000
gnp,10,23,3,3,1.000000
gnp,15,42,5,5,1.000000
gnp,14,15,8,8,1.000000
gnp,8,19,3,3,1.000000
gnp,11,35,3,3,1.000000
gnp,15,48,5,5,1.000000
gnp,13,15,7,7,1.000000
gnp,6,8,3,3,1.000000
gnp,8,12,4,4,1.000000
gnp,10,10,5,5,1.000000
gnp,10,9,7,7,1.000000
gnp,16,74,3,3,1.000000
gnp,9,24,3,3,1.000000
gnp,12,45,4,4,1.000000
gnp,11,44,3,3,1.000000
gnp,6,7,3,3,1.000000
gnp,9,19,4,4,1.000000
gnp,9,5,6,6,1.000000
gnp,6,8,3,3,1.000000
gnp,13,65,3,3,1.000000
gnp,8,2,6,6,1.000000
gnp,7,8,3,3,1.000000
gnp,7,19,2,2,1.000000
gnp,11,12,6,6,1.000000
gnp,16,40,6,6,1.000000
gnp,12,57,2,2,1.000000
gnp,10,13,5,5,1.000000
gnp,6,3,4,4,1.000000
gnp,16,97,3,3,1.000000
gnp,14,43,4,4,1.000000
gnp,8,6,5,5,1.000000
gnp,13,29,5,5,1.000000
gnp,12,47,3,3,1.000000
gnp,9,7,5,5,1.000000
gnp,7,8,4,4,1.000000
gnp,16,94,3,3,1.000000
gnp,8,21,2,2,1.000000
gnp,6,12,2,2,1.000000
gnp,11,35,4,4,1.000000
gnp,6,4,4,4,1.000000
gnp,13,58,3,3,1.000000
gnp,8,8,5,5,1.000000
gnp,11,28,4,4,1.000000
gnp,7,6,3,3,1.000000
gnp,9,32,2,2,1.000000
gnp,9,21,3,3,1.000000
gnp,13,56,3,3,1.000000
gnp,9,4,6,6,1.000000
gnp,15,44,6,6,1.000000
gnp,14,66,4,4,1.000000
gnp,6,8,3,3,1.000000
gnp,15,73,4,4,1.000000
gnp,9,14,4,4,1.000000
gnp,15,43,6,6,1.000000
gnp,9,10,5,5,1.000000
gnp,16,77,4,4,1.000000
gnp,9,26,3,3,1.000000
gnp,14,55,4,4,1.000000
gnp,6,8,3,3,1.000000
gnp,9,21,4,4,1.000000
gnp,8,9,5,5,1.000000
gnp,7,8,4,4,1.000000
gnp,13,24,6,6,1.000000
gnp,14,80,3,3,1.000000
gnp,14,26,7,7,1.000000
gnp,7,13,3,3,1.000000
gnp,9,14,5,5,1.000000
gnp,6,9,3,3,1.000000
gnp,12,14,6,6,1.000000
gnp,14,54,4,4,1.000000
gnp,7,17,2,2,1.000000
gnp,16,97,3,3,1.000000
gnp,10,18,5,5,1.000000
gnp,12,30,5,5,1.000000
gnp,13,62,3,3,1.000000
gnp,8,1,7,7,1.000000
gnp,8,7,5,5,1.000000
gnp,14,17,8,8,1.000000
gnp,15,37,5,5,1.000000
gnp,11,31,4,4,1.000000
gnp,16,109,3,3,1.000000
gnp,8,19,3,3,1.000000
gnp,12,18,6,6,1.000000
gnp,15,86,3,3,1.000000
gnp,9,18,4,4,1.000000
gnp,12,18,7,7,1.000000
gnp,9,8,6,6,1.000000
gnp,14,20,7,7,1.000000
gnp,16,81,4,4,1.000000
gnp,7,17,2,2,1.000000
gnp,13,50,4,4,1.000000
gnp,14,73,2,2,1.000000
gnp,16,57,5,5,1.000000
gnp,6,13,2,2,1.000000
gnp,9,22,4,4,1.000000
gnp,12,49,3,3,1.000000
gnp,16,54,6,6,1.000000
gnp,16,49,6,6,1.000000
gnp,11,40,3,3,1.000000
gnp,6,2,5,5,1.000000
gnp,15,28,7,7,1.000000
gnp,16,71,4,4,1.000000
gnp,7,10,3,3,1.000000
gnp,7,2,5,5,1.000000
gnp,11,18,6,6,1.000000
gnp,15,82,3,3,1.000000
gnp,15,70,4,4,1.000000
gnp,15,39,6,6,1.000000
gnp,11,39,3,3,1.000000
gnp,13,53,4,4,1.000000
gnp,6,4,4,4,1.000000
gnp,8,14,4,4,1.000000
gnp,15,80,3,3,1.000000
gnp,7,1,6,6,1.000000
gnp,8,9,4,4,1.000000
gnp,15,36,6,6,1.000000
gnp,15,40,6,6,1.000000
gnp,12,6,8,8,1.000000
gnp,9,8,5,5,1.000000
gnp,13,63,3,3,1.000000
gnp,7,16,2,2,1.000000
gnp,8,11,4,4,1.000000
gnp,16,81,4,4,1.000000
gnp,11,37,3,3,1.000000
gnp,16,71,4,4,1.000000
gnp,9,28,2,2,1.000000
gnp,16,74,4,4,1.000000
gnp,9,10,5,5,1.000000
gnp,16,83,4,4,1.000000
gnp,10,12,6,6,1.000000
gnp,8,10,4,4,1.000000
gnp,6,5,4,4,1.000000
gnp,11,39,3,3,1.000000
gnp,13,57,3,3,1.000000
gnp,10,24,4,4,1.000000
gnp,10,27,4,4,1.000000
gnp,6,3,4,4,1.000000
gnp,12,31,4,4,1.000000
gnp,13,34,4,4,1.000000
gnp,15,46,5,5,1.000000
gnp,7,11,3,3,1.000000
gnp,12,52,3,3,1.000000
gnp,6,3,4,4,1.000000
gnp,6,2,5,5,1.000000
gnp,11,16,5,5,1.000000
gnp,13,25,6,6,1.000000
gnp,10,18,5,5,1.000000
gnp,13,40,4,4,1.000000
gnp,16,55,5,5,1.000000
gnp,8,13,4,4,1.000000
gnp,9,7,6,6,1.000000
gnp,11,33,3,3,1.000000
gnp,8,7,4,4,1.000000
gnp,8,15,3,3,1.000000
gnp,12,40,3,3,1.000000
gnp,10,13,5,5,1.000000
gnp,11,29,4,4,1.000000
gnp,15,42,6,6,1.000000
gnp,12,41,3,3,1.000000
gnp,10,36,2,2,1.000000
gnp,10,25,3,3,1.000000
gnp,10,36,3,3,1.000000
gnp,15,28,8,8,1.000000
gnp,15,35,6,6,1.000000
gnp,10,26,4,4,1.000000
gnp,9,21,3,3,1.000000
gnp,12,24,5,5,1.000000
gnp,8,8,4,4,1.000000
gnp,14,47,4,4,1.000000
gnp,9,28,3,3,1.000000
gnp,7,7,4,4,1.000000
gnp,6,14,2,2,1.000000
gnp,8,6,5,5,1.000000
gnp,7,15,2,2,1.000000
gnp,13,29,6,6,1.000000
gnp,9,16,4,4,1.000000
gnp,11,15,6,6,1.000000
gnp,8,5,5,5,1.000000
gnp,6,9,3,3,1.000000
gnp,10,19,3,4,1.333333
gnp,8,18,3,3,1.000000
gnp,15,21,8,8,1.000000
gnp,8,18,3,3,1.000000
gnp,7,5,4,4,1.000000
gnp,9,27,3,3,1.000000
gnp,11,46,3,3,1.000000
gnp,14,61,3,3,1.000000
gnp,9,16,5,5,1.000000
gnp,16,71,4,4,1.000000
gnp,6,10,2,2,1.000000
gnp,7,19,2,2,1.000000
gnp,7,10,4,4,1.000000
gnp,14,24,7,7,1.000000
gnp,11,23,5,5,1.000000
gnp,7,3,5,5,1.000000
gnp,6,10,2,2,1.000000
gnp,8,10,4,4,1.000000
gnp,8,23,2,2,1.000000
gnp,6,13,2,2,1.000000
gnp,10,26,4,4,1.000000
gnp,10,25,3,3,1.000000
gnp,6,4,4,4,1.000000
gnp,15,44,5,5,1.000000
gnp,14,64,4,4,1.000000
gnp,14,67,3,3,1.000000
gnp,8,16,3,3,1.000000
gnp,12,47,3,3,1.000000
gnp,8,23,2,2,1.000000
gnp,16,67,4,4,1.000000
gnp,13,63,3,3,1.000000
gnp,13,26,6,6,1.000000
gnp,10,14,5,5,1.000000
gnp,6,5,4,4,1.000000
gnp,6,4,4,4,1.000000
gnp,12,26,5,5,1.000000
gnp,13,44,4,4,1.000000
gnp,9,8,5,5,1.000000
gnp,15,72,4,4,1.000000
gnp,8,3,6,6,1.000000
gnp,12,40,3,3,1.000000
gnp,9,12,5,5,1.000000
gnp,9,4,6,6,1.000000
gnp,10,28,3,3,1.000000
gnp,7,16,2,2,1.000000
gnp,16,99,3,3,1.000000
gnp,11,48,2,2,1.000000
gnp,13,56,3,3,1.000000
gnp,13,47,4,4,1.000000
gnp,11,22,6,6,1.000000
gnp,8,7,5,5,1.000000
gnp,9,7,6,6,1.000000
gnp,9,21,4,4,1.000000
gnp,13,21,7,7,1.000000
gnp,9,14,4,4,1.000000
gnp,6,3,3,3,1.000000
gnp,13,21,6,6,1.000000
gnp,7,8,4,4,1.000000
gnp,8,19,3,3,1.000000
gnp,10,8,7,7,1.000000
gnp,6,6,3,3,1.000000
gnp,10,26,4,4,1.000000
gnp,7,14,2,2,1.000000
gnp,16,67,4,4,1.000000
gnp,11,39,3,3,1.000000
gnp,7,12,3,3,1.000000
gnp,10,5,7,7,1.000000
gnp,16,61,5,5,1.000000
gnp,8,14,3,3,1.000000
gnp,16,21,9,9,1.000000
gnp,8,9,4,4,1.000000
gnp,15,72,4,4,1.000000
gnp,12,32,5,5,1.000000
gnp,10,33,3,3,1.000000
gnp,9,18,3,3,1.000000
gnp,13,38,5,5,1.000000
gnp,8,10,4,4,1.000000
gnp,7,18,2,2,1.000000
gnp,14,38,5,5,1.000000
gnp,9,24,3,3,1.000000
gnp,15,20,7,7,1.000000
gnp,13,61,3,3,1.000000
gnp,10,25,4,4,1.000000
gnp,15,38,6,6,1.000000
gnp,15,81,3,3,1.000000
gnp,11,15,5,5,1.000000
gnp,7,10,3,3,1.000000
gnp,8,5,5,5,1.000000
gnp,12,47,3,3,1.000000
gnp,9,18,3,3,1.000000
gnp,8,7,4,4,1.000000
gnp,8,5,5,5,1.000000
gnp,8,13,4,4,1.000000
gnp,16,87,4,4,1.000000
gnp,9,27,3,3,1.000000
gnp,14,63,4,4,1.000000
gnp,10,19,4,4,1.000000
gnp,6,3,4,4,1.000000
gnp,14,54,5,5,1.000000
gnp,6,5,4,4,1.000000
gnp,8,3,6,6,1.000000
gnp,15,64,4,4,1.000000
gnp,7,11,3,3,1.000000
gnp,9,25,3,3,1.000000
gnp,13,29,6,6,1.000000
gnp,12,31,4,4,1.000000
gnp,8,27,2,2,1.000000
gnp,12,24,5,5,1.000000
gnp,13,60,3,3,1.000000
gnp,11,36,3,3,1.000000
gnp,11,36,4,4,1.000000
gnp,12,14,7,7,1.000000
gnp,11,28,5,5,1.000000
gnp,15,14,9,9,1.000000
gnp,15,72,4,4,1.000000
gnp,8,12,4,4,1.000000
gnp,7,7,4,4,1.000000
gnp,9,9,6,6,1.000000
gnp,11,38,3,3,1.000000
gnp,9,21,4,4,1.000000
gnp,16,81,3,3,1.000000
gnp,16,52,5,5,1.000000
gnp,16,87,3,3,1.000000
gnp,6,8,3,3,1.000000
gnp,11,38,3,3,1.000000
gnp,16,78,4,4,1.000000
gnp,7,9,3,3,1.000000
gnp,9,19,4,4,1.000000
gnp,6,6,4,4,1.000000
gnp,8,7,4,4,1.000000
gnp,8,21,2,2,1.000000
gnp,8,15,3,3,1.000000
gnp,10,20,4,4,1.000000
gnp,11,26,4,4,1.000000
gnp,14,42,5,5,1.000000
gnp,12,22,5,5,1.000000
gnp,7,13,3,3,1.000000
gnp,14,42,5,5,1.000000
gnp,12,30,4,4,1.000000
gnp,8,21,2,2,1.000000
gnp,6,9,3,3,1.000000
gnp,15,84,3,3,1.000000
gnp,13,46,4,4,1.000000
gnp,9,25,3,3,1.000000
gnp,12,36,5,5,1.000000
gnp,12,42,3,3,1.000000
gnp,15,51,4,4,1.000000
gnp,9,12,4,4,1.000000
gnp,7,13,3,3,1.000000
gnp,8,7,5,5,1.000000
gnp,8,4,5,5,1.000000
gnp,6,8,2,2,1.000000
gnp,14,29,6,6,1.000000
gnp,10,32,3,3,1.000000
gnp,7,13,3,3,1.000000
gnp,8,22,3,3,1.000000
gnp,15,63,4,4,1.000000
gnp,15,62,4,4,1.000000
gnp,16,33,7,7,1.000000
gnp,7,11,4,4,1.000000
gnp,6,5,4,4,1.000000
gnp,12,29,5,5,1.000000
gnp,6,4,4,4,1.000000
gnp,9,22,3,3,1.000000
gnp,9,21,3,3,1.000000
gnp,7,2,6,6,1.000000
gnp,11,38,3,3,1.000000
gnp,9,24,3,3,1.000000
gnp,14,62,4,4,1.000000
gnp,14,61,3,3,1.000000
gnp,15,23,7,7,1.000000
gnp,6,7,3,3,1.000000
gnp,8,22,3,3,1.000000
gnp,9,23,3,3,1.000000
gnp,14,80,2,2,1.000000
gnp,14,52,5,5,1.000000
gnp,16,85,4,4,1.000000
gnp,9,29,2,2,1.000000
gnp,7,11,3,3,1.000000
gnp,16,102,3,3,1.000000
gnp,8,12,4,4,1.000000
gnp,9,15,4,4,1.000000
gnp,7,3,5,5,1.000000
gnp,9,7,5,5,1.000000
gnp,9,28,3,3,1.000000
gnp,7,12,3,3,1.000000
gnp,11,42,3,3,1.000000
gnp,15,74,3,3,1.000000
gnp,14,42,5,5,1.000000
gnp,12,53,3,3,1.000000
gnp,13,32,6,6,1.000000
gnp,12,43,3,3,1.000000
gnp,15,25,8,8,1.000000
gnp,16,86,4,4,1.000000
gnp,7,15,2,2,1.000000
gnp,15,49,5,5,1.000000
gnp,7,12,3,3,1.000000
gnp,11,48,2,2,1.000000
gnp,15,85,3,3,1.000000
gnp,14,51,4,4,1.000000
gnp,16,61,6,6,1.000000
gnp,8,17,3,3,1.000000
gnp,11,40,3,3,1.000000
gnp,14,38,5,5,1.000000
gnp,15,81,3,3,1.000000
gnp,8,10,5,5,1.000000
gnp,10,33,3,3,1.000000
gnp,11,22,4,4,1.000000
gnp,16,52,6,6,1.000000
gnp,13,60,3,3,1.000000
gnp,15,75,3,3,1.000000
gnp,13,34,5,5,1.000000
gnp,8,20,2,2,1.000000
gnp,12,39,4,4,1.000000
gnp,7,15,2,2,1.000000
gnp,13,11,7,7,1.000000
gnp,14,62,3,3,1.000000
gnp,10,28,4,4,1.000000
gnp,10,21,4,4,1.000000
gnp,12,20,5,5,1.000000
gnp,15,72,3,3,1.000000
gnp,7,6,4,4,1.000000
gnp,10,32,4,4,1.000000
gnp,9,19,4,4,1.000000
gnp,12,22,6,6,1.000000
gnp,10,13,5,5,1.000000
gnp,15,32,6,6,1.000000
gnp,6,5,3,3,1.000000
gnp,7,16,2,2,1.000000
gnp,8,14,4,4,1.000000
gnp,6,7,3,3,1.000000
gnp,14,50,5,5,1.000000
gnp,6,8,3,3,1.000000
gnp,10,22,3,3,1.000000
gnp,11,29,4,4,1.000000
gnp,6,11,2,2,1.000000
gnp,16,82,3,3,1.000000
gnp,13,32,4,4,1.000000
gnp,15,56,4,4,1.000000
gnp,10,31,3,3,1.000000
gnp,14,32,5,5,1.000000
gnp,6,4,4,4,1.000000
gnp,11,39,3,3,1.000000
gnp,6,6,4,4,1.000000
gnp,12,44,3,3,1.000000
gnp,7,8,3,3,1.000000
gnp,16,36,7,7,1.000000
gnp,12,21,5,5,1.000000
gnp,15,31,7,7,1.000000
gnp,14,51,4,4,1.000000
gnp,12,31,4,4,1.000000
gnp,14,60,3,3,1.000000
gnp,16,22,8,8,1.000000
gnp,8,15,3,3,1.000000
gnp,6,3,4,4,1.000000
gnp,12,23,5,5,1.000000
gnp,6,6,3,3,1.000000
gnp,10,39,2,2,1.000000
gnp,8,17,3,3,1.000000
gnp,12,32,5,5,1.000000
gnp,12,41,3,3,1.000000
gnp,11,14,5,5,1.000000
gnp,12,16,6,6,1.000000
gnp,7,5,4,4,1.000000
gnp,15,52,5,5,1.000000
gnp,8,12,3,3,1.000000
gnp,8,8,5,5,1.000000
gnp,7,12,3,3,1.000000
gnp,9,13,4,4,1.000000
gnp,13,53,3,3,1.000000
gnp,13,26,6,6,1.000000
gnp,10,20,4,4,1.000000
gnp,11,38,3,3,1.000000
gnp,11,15,5,5,1.000000
gnp,14,31,6,6,1.000000
gnp,13,58,3,3,1.000000
gnp,10,25,4,4,1.000000
gnp,9,5,6,6,1.000000
gnp,6,13,2,2,1.000000
gnp,8,24,2,2,1.000000
gnp,7,18,2,2,1.000000
gnp,9,30,2,2,1.000000
gnp,16,97,3,3,1.000000
gnp,8,10,4,4,1.000000
gnp,14,58,4,4,1.000000
gnp,15,37,6,6,1.000000
gnp,16,46,6,6,1.000000
gnp,8,12,3,3,1.000000
gnp,8,18,3,3,1.000000
gnp,8,17,3,3,1.000000
gnp,7,12,3,3,1.000000
gnp,13,34,5,5,1.000000
gnp,13,13,7,7,1.000000
gnp,6,7,3,3,1.000000
gnp,11,25,5,5,1.000000
gnp,10,25,3,3,1.000000
gnp,10,25,4,4,1.000000
gnp,16,32,7,7,1.000000
gnp,10,20,4,4,1.000000
gnp,7,15,2,2,1.000000
gnp,7,10,3,3,1.000000
gnp,15,58,4,4,1.000000
gnp,10,34,3,3,1.000000
gnp,6,3,4,4,1.000000
gnp,14,48,4,4,1.000000
gnp,9,9,5,5,1.000000
gnp,12,11,8,8,1.000000
gnp,9,12,4,4,1.000000
gnp,12,49,3,3,1.000000
gnp,14,48,4,4,1.000000
gnp,14,19,7,7,1.000000
gnp,13,42,4,4,1.000000
gnp,6,4,4,4,1.000000
gnp,8,10,4,4,1.000000
gnp,11,18,5,5,1.000000
gnp,10,13,6,6,1.000000
gnp,11,42,3,3,1.000000
gnp,14,15,7,7,1.000000
gnp,11,30,3,3,1.000000
gnp,9,14,5,5,1.000000
gnp,13,13,7,7,1.000000
gnp,13,43,4,4,1.000000
gnp,15,82,3,3,1.000000
gnp,10,12,5,5,1.000000
gnp,8,15,3,3,1.000000
gnp,12,38,4,4,1.000000
gnp,10,42,2,2,1.000000
gnp,6,10,2,2,1.000000
gnp,6,3,4,4,1.000000
gnp,13,17,7,7,1.000000
gnp,14,68,3,3,1.000000
gnp,8,4,6,6,1.000000
gnp,14,47,5,5,1.000000
gnp,10,10,6,6,1.000000
gnp,12,23,4,5,1.250000
gnp,15,62,4,4,1.000000
gnp,15,53,4,4,1.000000
gnp,14,74,3,3,1.000000
gnp,13,37,4,4,1.000000
gnp,14,19,7,7,1.000000
gnp,15,33,6,6,1.000000
gnp,7,12,3,3,1.000000
gnp,14,55,4,4,1.000000
gnp,8,9,4,4,1.000000
gnp,16,67,5,5,1.000000
gnp,7,10,3,3,1.000000
gnp,15,56,5,5,1.000000
gnp,11,41,3,3,1.000000
gnp,9,15,3,4,1.333333
gnp,14,77,3,3,1.000000
gnp,7,4,4,4,1.000000
gnp,16,16,10,10,1.000000
gnp,12,51,3,3,1.000000
gnp,7,17,2,2,1.000000
gnp,14,17,7,7,1.000000
gnp,15,14,10,10,1.000000
gnp,15,61,4,4,1.000000
gnp,7,8,3,3,1.000000
gnp,11,23,5,5,1.000000
gnp,12,43,3,3,1.000000
gnp,11,10,6,6,1.000000
gnp,14,40,5,5,1.000000
gnp,13,65,3,3,1.000000
gnp,16,35,7,7,1.000000
gnp,16,52,6,6,1.000000
gnp,7,16,2,2,1.000000
gnp,6,6,4,4,1.000000
gnp,15,91,3,3,1.000000
gnp,8,21,3,3,1.000000
gnp,11,16,6,6,1.000000
gnp,6,11,2,2,1.000000
gnp,14,68,3,3,1.000000
gnp,6,6,3,3,1.000000
gnp,8,6,5,5,1.000000
gnp,9,10,6,6,1.000000
gnp,14,50,5,5,1.000000
gnp,12,17,6,6,1.000000
gnp,7,5,4,4,1.000000
gnp,14,48,5,5,1.000000
gnp,15,31,6,6,1.000000
gnp,9,24,3,3,1.000000
gnp,6,8,3,3,1.000000
gnp,12,12,7,7,1.000000
gnp,13,44,4,4,1.000000
gnp,16,39,6,6,1.000000
gnp,12,20,6,6,1.000000
gnp,15,25,8,8,1.000000
gnp,7,2,6,6,1.000000
gnp,9,21,3,3,1.000000
gnp,16,29,7,7,1.000000
gnp,13,34,5,5,1.000000
gnp,6,11,2,2,1.000000
gnp,16,48,6,6,1.000000
gnp,11,47,3,3,1.000000
gnp,8,16,3,3,1.000000
gnp,10,7,7,7,1.000000
gnp,7,3,5,5,1.000000
gnp,15,89,3,3,1.000000
gnp,11,27,4,4,1.000000
gnp,11,33,4,4,1.000000
gnp,12,49,3,3,1.000000
gnp,11,44,2,2,1.000000
gnp,9,22,3,3,1.000000
gnp,8,14,3,3,1.000000
gnp,6,6,4,4,1.000000
gnp,12,17,6,6,1.000000
gnp,14,68,3,3,1.000000
gnp,16,47,6,6,1.000000
gnp,13,12,7,7,1.000000
gnp,15,39,6,6,1.000000
gnp,6,7,3,3,1.000000
gnp,12,31,5,5,1.000000
gnp,16,94,3,3,1.000000
gnp,15,29,7,7,1.000000
gnp,15,64,4,4,1.000000
gnp,11,40,3,3,1.000000
gnp,7,17,2,2,1.000000
gnp,11,25,4,4,1.000000
gnp,8,21,2,2,1.000000
gnp,13,26,5,5,1.000000
gnp,6,6,4,4,1.000000
gnp,14,70,3,3,1.000000
gnp,7,19,2,2,1.000000
gnp,6,3,4,4,1.000000
gnp,15,55,4,4,1.000000
gnp,14,47,4,4,1.000000
gnp,13,45,4,4,1.000000
gnp,14,21,7,7,1.000000
gnp,9,16,4,4,1.000000
gnp,13,9,8,8,1.000000
gnp,7,7,4,4,1.000000
gnp,15,17,8,8,1.000000
gnp,11,18,4,4,1.000000
gnp,6,5,4,4,1.000000
gnp,12,20,6,6,1.000000
gnp,8,20,3,3,1.000000
gnp,7,12,2,2,1.000000
gnp,9,28,3,3,1.000000
gnp,16,53,5,5,1.000000
gnp,8,5,6,6,1.000000
gnp,7,2,6,6,1.000000
gnp,15,74,3,3,1.000000
gnp,7,13,3,3,1.000000
gnp,10,17,4,4,1.000000
gnp,14,51,4,4,1.000000
gnp,15,44,5,5,1.000000
gnp,7,18,2,2,1.000000
gnp,8,20,3,3,1.000000
gnp,6,9,2,2,1.000000
gnp,8,23,3,3,1.000000
gnp,15,39,6,6,1.000000
gnp,8,12,4,4,1.000000
gnp,10,31,3,3,1.000000
gnp,10,5,7,7,1.000000
gnp,8,8,5,5,1.000000
gnp,14,70,3,3,1.000000
gnp,6,5,4,4,1.000000
gnp,14,52,4,4,1.000000
gnp,9,8,6,6,1.000000
gnp,8,12,3,3,1.000000
gnp,16,29,7,7,1.000000
gnp,6,5,3,3,1.000000
gnp,9,14,4,4,1.000000
gnp,8,5,5,5,1.000000
gnp,9,16,4,4,1.000000
gnp,6,6,3,3,1.000000
gnp,15,37,6,6,1.000000
gnp,7,7,4,4,1.000000
gnp,11,45,2,2,1.000000
gnp,6,10,3,3,1.000000
gnp,15,51,5,5,1.000000
gnp,6,10,2,2,1.000000
gnp,8,6,4,4,1.000000
gnp,14,58,3,3,1.000000
gnp,14,41,4,4,1.000000
gnp,16,58,5,5,1.000000
gnp,8,10,4,4,1.000000
gnp,11,40,3,3,1.000000
gnp,12,50,3,3,1.000000
gnp,7,10,3,3,1.000000
gnp,13,59,3,3,1.000000
gnp,10,19,4,4,1.000000
gnp,6,13,2,2,1.000000
gnp,9,24,3,3,1.000000
gnp,8,4,6,6,1.000000
gnp,7,15,2,2,1.000000
gnp,8,7,5,5,1.000000
gnp,15,37,6,6,1.000000
gnp,8,22,2,2,1.000000
gnp,15,39,6,6,1.000000
gnp,13,57,3,3,1.000000
gnp,15,18,8,8,1.000000
gnp,12,41,4,4,1.000000
gnp,11,11,6,6,1.000000
gnp,13,38,5,5,1.000000
gnp,15,76,3,3,1.000000
gnp,16,27,9,9,1.000000
gnp,11,27,4,4,1.000000
gnp,7,7,4,4,1.000000
gnp,7,5,5,5,1.000000
gnp,11,45,3,3,1.000000
gnp,8,18,3,3,1.000000
gnp,10,23,4,4,1.000000
gnp,10,22,5,5,1.000000
gnp,14,56,4,4,1.000000
gnp,9,18,3,3,1.000000
gnp,6,3,4,4,1.000000
gnp,10,17,4,4,1.000000
gnp,14,57,4,4,1.000000
gnp,16,60,5,5,1.000000
gnp,15,19,7,7,1.000000
gnp,13,33,5,5,1.000000
gnp,7,10,4,4,1.000000
gnp,6,6,3,3,1.000000
gnp,12,42,4,4,1.000000
gnp,9,22,3,3,1.000000
gnp,10,25,3,3,1.000000
gnp,10,22,4,4,1.000000
gnp,14,21,7,7,1.000000
gnp,15,86,3,3,1.000000
gnp,11,13,5,5,1.000000
gnp,8,18,3,3,1.000000
gnp,8,7,5,5,1.000000
gnp,9,25,3,3,1.000000
gnp,16,99,3,3,1.000000
gnp,6,5,3,3,1.000000
gnp,6,9,2,2,1.000000
gnp,6,3,5,5,1.000000
gnp,14,47,4,4,1.000000
gnp,10,31,3,3,1.000000
gnp,13,28,6,6,1.000000
gnp,15,14,9,9,1.000000
gnp,7,7,4,4,1.000000
gnp,6,2,5,5,1.000000
gnp,12,40,5,5,1.000000
gnp,9,10,4,4,1.000000
gnp,9,29,2,2,1.000000
gnp,15,22,8,8,1.000000
gnp,14,56,5,5,1.000000
gnp,10,22,4,4,1.000000
gnp,14,45,5,5,1.000000
gnp,12,21,5,5,1.000000
gnp,6,10,3,3,1.000000
gnp,16,32,8,8,1.000000
gnp,7,17,2,2,1.000000
gnp,13,12,8,8,1.000000
gnp,14,63,3,3,1.000000
gnp,7,13,3,3,1.000000
gnp,10,21,4,4,1.000000
gnp,15,76,4,4,1.000000
gnp,8,23,3,3,1.000000
gnp,16,49,6,6,1.000000
gnp,7,10,4,4,1.000000
gnp,9,15,4,4,1.000000
gnp,6,7,3,3,1.000000
gnp,15,60,5,5,1.000000
gnp,10,24,4,4,1.000000
gnp,12,30,5,5,1.000000
gnp,6,5,3,3,1.000000
gnp,10,29,4,4,1.000000
gnp,8,20,3,3,1.000000
gnp,14,26,7,7,1.000000
gnp,16,39,6,6,1.000000
gnp,15,83,3,3,1.000000
gnp,6,2,5,5,1.000000
gnp,8,2,6,6,1.000000
gnp,14,68,3,3,1.000000
gnp,10,30,3,3,1.000000
gnp,13,24,6,6,1.000000
gnp,16,103,3,3,1.000000
gnp,10,10,5,5,1.000000
gnp,11,42,3,3,1.000000
gnp,6,5,4,4,1.000000
gnp,15,23,6,6,1.000000
gnp,14,58,4,4,1.000000
gnp,14,19,7,7,1.000000
gnp,7,13,3,3,1.000000
gnp,11,29,4,4,1.000000
gnp,16,87,3,3,1.000000
gnp,7,17,2,2,1.000000
gnp,13,48,4,4,1.000000
gnp,6,8,3,3,1.000000
gnp,6,1,5,5,1.000000
gnp,14,31,6,6,1.000000
gnp,13,13,8,8,1.000000
gnp,8,7,5,5,1.000000
gnp,15,74,4,4,1.000000
gnp,7,10,3,3,1.000000
gnp,6,8,3,3,1.000000
gnp,14,53,4,4,1.000000
gnp,13,47,3,3,1.000000
gnp,11,13,6,6,1.000000
gnp,10,16,5,5,1.000000
gnp,10,25,4,4,1.000000
gnp,13,28,6,6,1.000000
gnp,16,51,6,6,1.000000
gnp,7,11,3,3,1.000000
gnp,9,4,7,7,1.000000
gnp,16,99,3,3,1.000000
gnp,13,57,3,3,1.000000
gnp,9,13,5,5,1.000000
gnp,7,11,3,3,1.000000
gnp,14,21,7,7,1.000000
gnp,7,12,3,3,1.000000
gnp,13,48,4,4,1.000000
gnp,12,33,4,4,1.000000
gnp,14,37,5,5,1.000000
gnp,12,56,3,3,1.000000
gnp,8,16,3,3,1.000000
gnp,7,20,2,2,1.000000
gnp,12,45,3,3,1.000000
gnp,14,73,3,3,1.000000
gnp,15,32,6,6,1.000000
gnp,7,14,3,3,1.000000
gnp,16,34,6,6,1.000000
gnp,6,8,3,3,1.000000
gnp,14,41,5,5,1.000000
gnp,10,38,2,2,1.000000
gnp,9,10,4,4,1.000000
gnp,9,9,5,5,1.000000
gnp,12,57,2,2,1.000000
gnp,14,22,6,6,1.000000
gnp,8,5,5,5,1.000000
gnp,10,27,4,4,1.000000
gnp,8,10,5,5,1.000000
gnp,6,12,3,3,1.000000
gnp,10,29,3,3,1.000000
gnp,7,8,4,4,1.000000
gnp,9,22,3,3,1.000000
gnp,14,19,7,7,1.000000
gnp,6,12,2,2,1.000000
gnp,9,9,5,5,1.000000
gnp,16,62,5,5,1.000000
gnp,14,72,3,3,1.000000
gnp,7,13,3,3,1.000000
gnp,15,73,4,4,1.000000
gnp,12,31,5,5,1.000000
gnp,11,40,3,3,1.000000
gnp,6,3,4,4,1.000000
gnp,11,17,5,5,1.000000
gnp,7,17,3,3,1.000000
gnp,9,24,3,3,1.000000
gnp,12,13,7,7,1.000000
gnp,6,11,2,2,1.000000
gnp,13,17,7,7,1.000000
gnp,6,13,2,2,1.000000
gnp,8,5,6,6,1.000000
gnp,7,16,2,2,1.000000
gnp,7,3,5,5,1.000000
gnp,6,14,2,2,1.000000
gnp,10,42,2,2,1.000000
gnp,7,9,4,4,1.000000
gnp,7,11,3,3,1.000000
gnp,16,69,5,5,1.000000
gnp,7,14,3,3,1.000000
gnp,8,21,3,3,1.000000
gnp,16,76,4,4,1.000000
gnp,14,36,5,5,1.000000
gnp,16,63,5,5,1.000000
gnp,11,44,3,3,1.000000
gnp,7,6,4,4,1.000000
gnp,11,13,6,6,1.000000
gnp,7,2,6,6,1.000000
gnp,14,45,5,5,1.000000
gnp,14,61,4,4,1.000000
gnp,8,18,3,3,1.000000
gnp,9,17,4,4,1.000000
gnp,7,8,3,3,1.000000
gnp,15,43,5,5,1.000000
gnp,8,23,2,2,1.000000
gnp,10,14,5,5,1.000000
gnp,14,29,6,6,1.000000
gnp,9,2,7,7,1.000000
gnp,14,72,3,3,1.000000
gnp,8,15,3,3,1.000000
gnp,16,93,3,3,1.000000
gnp,11,30,3,3,1.000000
gnp,6,5,3,3,1.000000
gnp,16,93,3,3,1.000000
gnp,8,6,5,5,1.000000
gnp,8,8,5,5,1.000000
gnp,12,31,4,4,1.000000
gnp,15,68,3,3,1.000000
gnp,14,33,6,6,1.000000
gnp,10,25,4,4,1.000000
gnp,6,3,4,4,1.000000
gnp,16,79,4,4,1.000000
gnp,12,40,3,3,1.000000
gnp,9,22,3,3,1.000000
gnp,8,8,4,4,1.000000
gnp,7,16,2,2,1.000000
gnp,8,13,4,4,1.000000
gnp,13,63,3,3,1.000000
gnp,9,14,4,4,1.000000
gnp,8,9,4,4,1.000000
gnp,7,16,2,2,1.000000
gnp,15,30,6,6,1.000000
gnp,14,19,8,8,1.000000
gnp,6,5,4,4,1.000000
gnp,12,37,4,4,1.000000
gnp,6,3,4,4,1.000000
gnp,6,3,4,4,1.000000
gnp,7,6,4,4,1.000000
gnp,14,81,3,3,1.000000
gnp,12,48,3,3,1.000000
gnp,9,24,3,3,1.000000
gnp,9,17,4,4,1.000000
gnp,7,3,5,5,1.000000
gnp,7,17,2,2,1.000000
gnp,13,39,5,5,1.000000
gnp,13,38,4,4,1.000000
gnp,7,8,4,4,1.000000
gnp,14,34,6,6,1.000000
gnp,8,10,4,4,1.000000
gnp,13,64,3,3,1.000000
gnp,7,8,4,4,1.000000
gnp,15,43,5,5,1.000000
gnp,11,17,5,5,1.000000
gnp,12,58,3,3,1.000000
gnp,16,87,4,4,1.000000
gnp,8,8,5,5,1.000000
gnp,6,3,4,4,1.000000
gnp,12,48,3,3,1.000000
gnp,10,23,4,4,1.000000
gnp,13,18,7,7,1.000000
gnp,7,10,4,4,1.000000
gnp,13,24,5,5,1.000000
gnp,7,7,3,3,1.000000
gnp,16,60,5,5,1.000000
gnp,13,49,3,3,1.000000
gnp,9,7,5,5,1.000000
gnp,10,37,3,3,1.000000
gnp,8,22,2,2,1.000000
gnp,7,16,2,2,1.000000
gnp,13,49,4,4,1.000000
gnp,6,6,4,4,1.000000
gnp,11,16,5,5,1.000000
gnp,16,59,6,6,1.000000
gnp,13,13,7,7,1.000000
gnp,6,7,3,3,1.000000
gnp,10,15,5,5,1.000000
gnp,16,91,3,3,1.000000
gnp,8,17,3,3,1.000000
gnp,9,26,2,2,1.000000
gnp,14,76,3,3,1.000000
gnp,13,37,5,5,1.000000
gnp,11,27,4,4,1.000000
gnp,14,43,4,4,1.000000
gnp,15,23,7,7,1.000000
gnp,10,25,3,3,1.000000
gnp,15,67,3,3,1.000000
gnp,6,11,2,2,1.000000
gnp,9,12,5,5,1.000000
gnp,6,10,3,3,1.000000
gnp,13,22,6,6,1.000000
gnp,7,20,2,2,1.000000
gnp,15,87,3,3,1.000000
gnp,10,34,3,3,1.000000
gnp,9,26,3,3,1.000000
gnp,12,28,4,4,1.000000
gnp,14,50,4,4,1.000000
gnp,13,49,4,4,1.000000
gnp,10,14,5,5,1.000000
gnp,15,66,4,4,1.000000
gnp,9,24,3,3,1.000000
gnp,8,19,3,3,1.000000
gnp,9,25,3,3,1.000000
gnp,13,52,4,4,1.000000
gnp,6,10,3,3,1.000000
gnp,16,32,7,7,1.000000
gnp,7,18,2,2,1.000000
gnp,11,39,3,3,1.000000
gnp,12,29,5,5,1.000000
gnp,7,8,3,3,1.000000
gnp,10,12,5,5,1.000000
gnp,7,9,3,3,1.000000
gnp,15,55,5,5,1.000000
gnp,11,17,6,6,1.000000
gnp,12,57,3,3,1.000000
gnp,9,18,4,4,1.000000
gnp,8,9,4,4,1.000000
gnp,12,58,2,2,1.000000
gnp,7,19,2,2,1.000000
gnp,8,17,3,3,1.000000
gnp,13,53,4,4,1.000000
gnp,12,39,4,4,1.000000
gnp,13,40,4,4,1.000000
gnp,9,30,2,2,1.000000
gnp,12,51,3,3,1.000000
gnp,6,10,2,2,1.000000
gnp,6,6,3,3,1.000000
gnp,9,6,6,6,1.000000
gnp,8,9,5,5,1.000000
gnp,12,34,4,4,1.000000
gnp,13,19,6,6,1.000000
gnp,13,37,4,4,1.000000
gnp,14,10,10,10,1.000000
gnp,15,17,8,8,1.000000
gnp,11,15,6,6,1.000000
gnp,11,33,3,3,1.000000
gnp,7,14,3,3,1.000000
gnp,15,33,7,7,1.000000
gnp,8,24,2,2,1.000000
gnp,8,14,4,4,1.000000
gnp,8,21,3,3,1.000000
gnp,12,21,6,6,1.000000
gnp,10,39,2,2,1.000000
gnp,6,5,4,4,1.000000
gnp,12,31,4,4,1.000000
gnp,8,15,3,3,1.000000
gnp,14,48,4,4,1.000000
gnp,9,16,4,4,1.000000
gnp,15,74,3,3,1.000000
gnp,6,5,3,3,1.000000
gnp,14,71,3,3,1.000000
gnp,10,31,3,3,1.000000
gnp,13,62,2,2,1.000000
gnp,6,4,4,4,1.000000
gnp,16,74,4,4,1.000000
gnp,15,87,3,3,1.000000
gnp,15,16,8,8,1.000000
gnp,7,15,2,2,1.000000
gnp,9,19,3,3,1.000000
gnp,10,28,3,3,1.000000
gnp,15,27,8,8,1.000000
gnp,11,44,3,3,1.000000
gnp,9,11,5,5,1.000000
gnp,9,13,4,4,1.000000
gnp,8,23,2,2,1.000000
gnp,11,37,3,3,1.000000
gnp,7,13,3,3,1.000000
gnp,11,22,5,5,1.000000
gnp,9,27,3,3,1.000000
gnp,9,24,4,4,1.000000
gnp,9,27,3,3,1.000000
gnp,9,13,4,4,1.000000
gnp,15,40,5,5,1.000000
gnp,14,20,6,6,1.000000
gnp,7,7,4,4,1.000000
gnp,10,10,5,5,1.000000
gnp,13,52,4,4,1.000000
gnp,11,43,3,3,1.000000
gnp,6,6,3,3,1.000000
gnp,13,32,5,5,1.000000
gnp,13,37,4,4,1.000000
gnp,10,14,5,5,1.000000
gnp,12,22,5,5,1.000000
gnp,16,25,9,9,1.000000
gnp,13,34,5,5,1.000000
gnp,15,25,7,7,1.000000
gnp,13,16,6,6,1.000000
gnp,7,12,4,4,1.000000
gnp,12,20,6,6,1.000000
gnp,10,23,4,4,1.000000
gnp,16,89,4,4,1.000000
gnp,10,17,5,5,1.000000
gnp,6,14,2,2,1.000000
gnp,7,8,4,4,1.000000
gnp,6,4,4,4,1.000000
gnp,16,88,3,3,1.000000
gnp,11,45,2,2,1.000000
gnp,6,5,3,3,1.000000
gnp,7,7,3,3,1.000000
gnp,11,25,4,4,1.000000
gnp,7,5,5,5,1.000000
gnp,7,10,3,3,1.000000
gnp,10,20,4,4,1.000000
gnp,14,71,3,3,1.000000
gnp,15,51,5,5,1.000000
gnp,10,23,4,4,1.000000
gnp,11,29,4,4,1.000000
gnp,8,5,5,5,1.000000
gnp,14,50,4,4,1.000000
gnp,16,74,4,4,1.000000
gnp,14,72,3,3,1.000000
gnp,6,8,2,2,1.000000
gnp,13,13,6,6,1.000000
gnp,16,44,6,6,1.000000
gnp,9,27,3,3,1.000000
gnp,15,57,4,4,1.000000
gnp,11,16,5,5,1.000000
gnp,8,10,4,4,1.000000
gnp,12,21,6,6,1.000000
gnp,16,51,5,5,1.000000
gnp,14,43,5,5,1.000000
gnp,11,32,3,3,1.000000
gnp,8,12,4,4,1.000000
gnp,6,13,2,2,1.000000
gnp,12,30,4,4,1.000000
gnp,11,22,5,5,1.000000
gnp,16,88,4,4,1.000000
gnp,7,18,2,2,1.000000
gnp,8,12,4,4,1.000000
gnp,8,18,3,3,1.000000
gnp,7,11,3,3,1.000000
gnp,16,84,3,3,1.000000
gnp,8,23,2,2,1.000000
gnp,13,26,5,5,1.000000
gnp,9,20,3,3,1.000000
gnp,8,18,3,3,1.000000
gnp,8,22,3,3,1.000000
gnp,10,12,6,6,1.000000
gnp,15,19,8,8,1.000000
gnp,15,72,4,4,1.000000
gnp,12,14,6,6,1.000000
gnp,6,3,4,4,1.000000
gnp,6,6,3,3,1.000000
gnp,6,14,2,2,1.000000
gnp,12,16,6,6,1.000000
gnp,13,56,3,3,1.000000
gnp,6,11,2,2,1.000000
gnp,6,11,3,3,1.000000
gnp,15,33,7,7,1.000000
gnp,9,20,4,4,1.000000
gnp,8,12,3,3,1.000000
gnp,7,7,4,4,1.000000
gnp,12,56,2,2,1.000000
gnp,12,54,2,2,1.000000
gnp,13,33,5,5,1.000000
gnp,11,21,4,4,1.000000
gnp,7,17,3,3,1.000000
gnp,6,10,3,3,1.000000
gnp,8,13,4,4,1.000000
gnp,14,59,4,4,1.000000
gnp,6,1,5,5,1.000000
gnp,9,18,4,4,1.000000
gnp,10,20,5,5,1.000000
gnp,12,47,3,3,1.000000
gnp,16,25,9,9,1.000000
gnp,12,16,6,6,1.000000
gnp,10,31,3,3,1.000000
gnp,10,10,6,6,1.000000
gnp,7,6,4,4,1.000000
gnp,10,9,5,5,1.000000
gnp,13,24,5,5,1.000000
gnp,16,95,3,3,1.000000
gnp,13,68,2,2,1.000000
gnp,12,55,3,3,1.000000
gnp,10,23,4,4,1.000000
gnp,15,92,2,2,1.000000
gnp,12,50,3,3,1.000000
gnp,11,39,3,3,1.000000
gnp,14,55,3,3,1.000000
gnp,7,13,3,3,1.000000
gnp,15,55,5,5,1.000000
gnp,8,12,4,4,1.000000
gnp,6,12,2,2,1.000000
gnp,14,22,6,6,1.000000
gnp,10,29,4,4,1.000000
gnp,13,16,7,7,1.000000
gnp,11,24,4,4,1.000000
gnp,9,17,4,4,1.000000
gnp,15,36,6,6,1.000000
gnp,8,10,4,4,1.000000
gnp,14,36,5,5,1.000000
gnp,12,54,3,3,1.000000
gnp,12,37,4,4,1.000000
gnp,10,30,3,3,1.000000
gnp,9,19,3,3,1.000000
gnp,7,13,3,3,1.000000
gnp,15,35,6,6,1.000000
gnp,16,89,3,3,1.000000
gnp,10,10,6,6,1.000000
gnp,10,18,5,5,1.000000
gnp,6,9,3,3,1.000000
gnp,13,38,4,4,1.000000
gnp,16,57,4,4,1.000000
gnp,13,58,3,3,1.000000
gnp,7,9,4,4,1.000000
gnp,14,74,3,3,1.000000
gnp,10,15,6,6,1.000000
gnp,12,37,4,4,1.000000
gnp,14,65,3,3,1.000000
gnp,12,14,7,7,1.000000
gnp,13,17,7,7,1.000000
gnp,9,16,4,4,1.000000
gnp,11,30,4,4,1.000000
gnp,14,45,5,5,1.000000
gnp,6,6,3,3,1.000000
gnp,8,14,4,4,1.000000
gnp,6,10,2,2,1.000000
gnp,11,11,6,6,1.000000
gnp,16,91,4,4,1.000000
gnp,6,5,4,4,1.000000
gnp,11,20,4,4,1.000000
gnp,6,7,4,4,1.000000
gnp,9,23,3,3,1.000000
gnp,10,39,2,2,1.000000
gnp,9,5,6,6,1.000000
gnp,16,62,5,5,1.000000
gnp,6,9,3,3,1.000000
gnp,7,11,3,3,1.000000
gnp,8,17,3,3,1.000000
gnp,12,54,2,2,1.000000
gnp,15,68,4,4,1.000000
gnp,15,15,9,9,1.000000
gnp,14,56,4,4,1.000000
gnp,11,16,5,5,1.000000
gnp,16,66,4,4,1.000000
gnp,12,28,5,5,1.000000
gnp,15,53,4,4,1.000000
gnp,16,89,3,3,1.000000
gnp,12,10,8,8,1.000000
gnp,16,44,6,6,1.000000
gnp,16,73,4,4,1.000000
gnp,8,21,2,2,1.000000
gnp,6,8,3,3,1.000000
gnp,7,12,3,3,1.000000
gnp,16,73,4,4,1.000000
gnp,12,28,4,4,1.000000
gnp,6,9,3,3,1.000000
gnp,8,17,3,3,1.000000
gnp,13,25,6,6,1.000000
gnp,14,71,3,3,1.000000
gnp,16,102,3,3,1.000000
gnp,13,12,9,9,1.000000
gnp,12,37,4,4,1.000000
gnp,9,18,4,4,1.000000
gnp,6,8,3,3,1.000000
gnp,15,25,7,7,1.000000
gnp,15,40,5,5,1.000000
gnp,9,25,3,3,1.000000
gnp,7,10,3,3,1.000000
gnp,11,17,5,5,1.000000
gnp,7,7,3,3,1.000000
gnp,13,8,8,8,1.000000
gnp,15,33,7,7,1.000000
gnp,14,43,5,5,1.000000
gnp,11,18,5,5,1.000000
gnp,10,17,5,5,1.000000
gnp,16,89,3,3,1.000000
gnp,8,22,2,2,1.000000
gnp,13,52,3,3,1.000000
gnp,12,34,4,4,1.000000
gnp,12,39,4,4,1.000000
gnp,16,44,6,6,1.000000
gnp,11,46,2,2,1.000000
gnp,7,10,3,3,1.000000
gnp,15,89,2,2,1.000000
gnp,16,67,4,4,1.000000
gnp,6,5,3,3,1.000000
gnp,6,1,5,5,1.000000
gnp,15,95,2,2,1.000000
gnp,16,41,7,7,1.000000
gnp,6,5,4,4,1.000000
gnp,14,54,4,4,1.000000
gnp,13,27,6,6,1.000000
gnp,14,25,7,7,1.000000
gnp,14,29,6,6,1.000000
gnp,10,32,3,3,1.000000
gnp,6,8,2,2,1.000000
gnp,13,13,8,8,1.000000
gnp,15,29,7,7,1.000000
gnp,16,44,6,6,1.000000
gnp,12,36,4,4,1.000000
gnp,15,64,4,4,1.000000
gnp,7,3,5,5,1.000000
gnp,12,25,5,5,1.000000
gnp,14,17,8,8,1.000000
gnp,6,5,4,4,1.000000
gnp,13,11,8,8,1.000000
gnp,12,23,5,5,1.000000
gnp,10,12,5,5,1.000000
gnp,15,44,5,5,1.000000
gnp,16,34,7,7,1.000000
gnp,6,4,4,4,1.000000
gnp,10,35,3,3,1.000000
gnp,10,9,6,6,1.000000
gnp,9,17,4,4,1.000000
gnp,15,27,6,6,1.000000
gnp,9,15,4,4,1.000000
gnp,6,3,4,4,1.000000
gnp,15,49,5,5,1.000000
gnp,9,21,3,3,1.000000
gnp,6,4,4,4,1.000000
gnp,9,12,5,5,1.000000
gnp,10,8,6,6,1.000000
gnp,9,25,3,3,1.000000
gnp,10,20,4,4,1.000000
gnp,14,67,3,3,1.000000
gnp,10,24,4,4,1.000000
gnp,12,52,3,3,1.000000
gnp,14,41,5,5,1.000000
gnp,11,44,2,2,1.000000
gnp,13,26,6,6,1.000000
gnp,10,32,3,3,1.000000
gnp,12,20,6,6,1.000000
gnp,8,11,4,4,1.000000
gnp,12,29,4,4,1.000000
gnp,15,67,4,4,1.000000
gnp,10,30,3,3,1.000000
gnp,11,35,3,3,1.000000
gnp,16,87,4,4,1.000000
gnp,6,10,2,2,1.000000
gnp,15,65,4,4,1.000000
gnp,8,22,2,2,1.000000
gnp,6,6,3,3,1.000000
gnp,7,19,2,2,1.000000
gnp,8,6,5,5,1.000000
gnp,12,34,4,4,1.000000
gnp,15,84,3,3,1.000000
gnp,9,13,4,4,1.000000
gnp,12,34,4,4,1.000000
gnp,13,35,5,5,1.000000
gnp,11,49,2,2,1.000000
gnp,6,4,4,4,1.000000
gnp,10,23,4,4,1.000000
gnp,14,75,3,3,1.000000
gnp,15,74,3,3,1.000000
gnp,11,17,6,6,1.000000
gnp,15,18,8,8,1.000000
gnp,12,7,8,8,1.000000
gnp,7,6,5,5,1.000000
gnp,16,104,3,3,1.000000
gnp,12,17,6,6,1.000000
gnp,10,31,3,3,1.000000
gnp,6,9,3,3,1.000000
gnp,9,11,5,5,1.000000
gnp,9,15,4,4,1.000000
gnp,11,7,6,6,1.000000
gnp,8,6,5,5,1.000000
gnp,16,48,5,5,1.000000
gnp,10,13,5,5,1.000000
gnp,10,32,3,3,1.000000
gnp,15,89,2,2,1.000000
gnp,6,6,3,3,1.000000
gnp,11,39,3,3,1.000000
gnp,15,81,3,3,1.000000
gnp,12,32,4,4,1.000000
gnp,15,84,3,3,1.000000
gnp,8,21,3,3,1.000000
gnp,16,102,3,3,1.000000
gnp,12,33,4,4,1.000000
gnp,7,7,3,3,1.000000
gnp,9,17,4,4,1.000000
gnp,13,47,4,4,1.000000
gnp,7,16,3,3,1.000000
gnp,15,47,4,4,1.000000
gnp,8,21,2,2,1.000000
gnp,6,4,4,4,1.000000
gnp,13,19,6,6,1.000000
gnp,11,13,5,5,1.000000
gnp,16,34,7,7,1.000000
gnp,12,10,8,8,1.000000
gnp,13,43,4,4,1.000000
gnp,16,28,7,7,1.000000
gnp,11,5,8,8,1.000000
gnp,7,15,2,2,1.000000
gnp,6,5,3,3,1.000000
gnp,15,68,4,4,1.000000
gnp,15,26,8,8,1.000000
gnp,9,12,4,4,1.000000
gnp,9,15,4,4,1.000000
gnp,10,31,3,3,1.000000
gnp,10,39,2,2,1.000000
gnp,14,54,4,4,1.000000
gnp,13,33,5,5,1.000000
gnp,14,44,4,4,1.000000
gnp,9,13,4,4,1.000000
gnp,6,11,2,2,1.000000
gnp,12,29,4,4,1.000000
gnp,13,38,4,4,1.000000
gnp,7,9,4,4,1.000000
gnp,16,35,6,6,1.000000
gnp,7,5,5,5,1.000000
gnp,9,30,2,2,1.000000
gnp,15,75,4,4,1.000000
gnp,14,10,9,9,1.000000
gnp,14,66,3,3,1.000000
gnp,11,42,3,3,1.000000
gnp,10,15,6,6,1.000000
gnp,16,50,6,6,1.000000
gnp,12,14,6,6,1.000000
gnp,13,11,7,7,1.000000
gnp,6,10,2,2,1.000000
gnp,10,21,4,4,1.000000
gnp,7,9,4,4,1.000000
gnp,9,24,3,3,1.000000
gnp,8,4,5,5,1.000000
gnp,16,40,7,7,1.000000
gnp,12,44,3,3,1.000000
gnp,9,15,4,4,1.000000
gnp,16,94,4,4,1.000000
gnp,16,57,6,6,1.000000
gnp,8,6,4,4,1.000000
gnp,15,62,4,4,1.000000
gnp,12,25,6,6,1.000000
gnp,15,37,6,6,1.000000
gnp,9,14,4,4,1.000000
gnp,8,7,4,4,1.000000
gnp,15,92,3,3,1.000000
gnp,10,34,2,2,1.000000
gnp,12,34,4,4,1.000000
gnp,6,8,3,3,1.000000
gnp,16,92,3,3,1.000000
gnp,14,75,3,3,1.000000
gnp,9,6,6,6,1.000000
gnp,16,82,4,4,1.000000
gnp,12,23,5,5,1.000000
gnp,11,26,4,4,1.000000
gnp,14,22,7,7,1.000000
gnp,12,20,5,5,1.000000
gnp,7,13,3,3,1.000000
gnp,6,5,4,4,1.000000
gnp,16,69,4,4,1.000000
gnp,8,2,7,7,1.000000
gnp,15,83,3,3,1.000000
gnp,13,37,5,5,1.000000
gnp,11,37,4,4,1.000000
gnp,13,52,4,4,1.000000
gnp,14,55,4,4,1.000000
gnp,16,100,3,3,1.000000
gnp,13,44,4,4,1.000000
gnp,12,44,4,4,1.000000
gnp,9,15,4,4,1.000000
gnp,13,57,3,3,1.000000
gnp,8,20,3,3,1.000000
gnp,9,12,5,5,1.000000
gnp,6,2,5,5,1.000000
gnp,8,17,3,3,1.000000
gnp,14,32,6,6,1.000000
gnp,11,25,4,4,1.000000
gnp,6,5,3,3,1.000000
gnp,14,47,5,5,1.000000
gnp,6,3,5,5,1.000000
gnp,12,23,5,5,1.000000
gnp,6,4,4,4,1.000000
gnp,14,72,3,3,1.000000
gnp,16,73,4,4,1.000000
gnp,6,8,3,3,1.000000
gnp,6,12,2,2,1.000000
gnp,15,25,7,7,1.000000
gnp,6,11,2,2,1.000000
gnp,16,19,8,8,1.000000
gnp,8,4,5,5,1.000000
gnp,11,14,6,6,1.000000
gnp,13,50,3,3,1.000000
gnp,15,35,6,6,1.000000
gnp,15,60,4,4,1.000000
gnp,12,14,6,6,1.000000
gnp,6,4,3,3,1.000000
gnp,11,43,3,3,1.000000
gnp,10,29,3,3,1.000000
gnp,10,40,2,2,1.000000
gnp,6,7,3,3,1.000000
gnp,10,35,2,2,1.000000
gnp,14,22,7,7,1.000000
gnp,16,71,5,5,1.000000
gnp,11,35,3,3,1.000000
gnp,10,32,3,3,1.000000
gnp,11,26,5,5,1.000000
gnp,8,19,3,3,1.000000
gnp,8,4,6,6,1.000000
gnp,6,7,3,3,1.000000
gnp,12,8,8,8,1.000000
gnp,7,15,3,3,1.000000
gnp,10,24,4,4,1.000000
gnp,13,15,7,7,1.000000
gnp,16,30,7,8,1.142857
gnp,12,10,7,7,1.000000
gnp,11,41,3,3,1.000000
gnp,11,34,3,3,1.000000
gnp,7,13,3,3,1.000000
gnp,16,20,9,9,1.000000
gnp,9,27,3,3,1.000000
gnp,12,27,5,5,1.000000
gnp,11,24,4,4,1.000000
gnp,14,39,5,5,1.000000
gnp,11,15,6,6,1.000000
gnp,10,4,7,7,1.000000
gnp,15,38,6,6,1.000000
gnp,15,34,6,6,1.000000
gnp,10,32,3,3,1.000000
gnp,9,8,5,5,1.000000
gnp,13,49,4,4,1.000000
gnp,13,24,5,5,1.000000
gnp,16,93,4,4,1.000000
gnp,12,54,3,3,1.000000
gnp,12,38,4,4,1.000000
gnp,11,24,4,4,1.000000
gnp,14,28,6,6,1.000000
gnp,15,54,5,5,1.000000
gnp,12,38,4,4,1.000000
gnp,11,33,4,4,1.000000
gnp,8,24,3,3,1.000000
gnp,13,59,3,3,1.000000
gnp,14,35,6,6,1.000000
gnp,16,29,8,8,1.000000
gnp,8,3,6,6,1.000000
gnp,12,35,4,4,1.000000
gnp,9,27,3,3,1.000000
gnp,15,62,4,4,1.000000
gnp,16,37,8,8,1.000000
gnp,10,14,5,5,1.000000
gnp,14,76,3,3,1.000000
gnp,9,26,3,3,1.000000
gnp,13,27,6,6,1.000000
gnp,10,13,6,6,1.000000
gnp,9,20,4,4,1.000000
gnp,9,21,3,3,1.000000
gnp,16,32,8,8,1.000000
gnp,9,23,3,3,1.000000
gnp,15,22,8,8,1.000000
gnp,7,7,4,4,1.000000
gnp,9,27,2,2,1.000000
gnp,14,26,7,7,1.000000
gnp,9,31,2,2,1.000000
gnp,16,23,8,8,1.000000
gnp,15,14,8,8,1.000000
gnp,11,36,4,4,1.000000
gnp,11,46,2,2,1.000000
gnp,8,20,3,3,1.000000
gnp,13,28,5,5,1.000000
gnp,9,18,4,4,1.000000
gnp,7,4,4,4,1.000000
gnp,10,35,2,2,1.000000
gnp,16,24,7,7,1.000000
gnp,16,75,4,4,1.000000
gnp,8,14,4,4,1.000000
gnp,13,25,6,6,1.000000
gnp,12,50,3,3,1.000000
gnp,12,26,5,5,1.000000
gnp,13,16,7,7,1.000000
gnp,6,4,4,4,1.000000
gnp,6,5,4,4,1.000000
gnp,11,31,4,4,1.000000
gnp,15,46,4,5,1.250000
gnp,8,17,3,3,1.000000
gnp,6,10,2,2,1.000000
gnp,6,2,5,5,1.000000
gnp,10,5,8,8,1.000000
gnp,13,48,4,4,1.000000
gnp,14,25,7,7,1.000000
gnp,12,16,7,7,1.000000
gnp,12,45,3,3,1.000000
gnp,6,3,4,4,1.000000
gnp,9,31,2,2,1.000000
gnp,16,87,4,4,1.000000
gnp,10,32,3,3,1.000000
gnp,10,22,3,3,1.000000
gnp,11,35,4,4,1.000000
gnp,7,9,4,4,1.000000
gnp,15,68,4,4,1.000000
gnp,15,73,4,4,1.000000
gnp,15,81,3,3,1.000000
gnp,15,80,4,4,1.000000
gnp,6,6,4,4,1.000000
gnp,11,11,7,7,1.000000
gnp,15,74,3,3,1.000000
gnp,8,20,2,2,1.000000
gnp,10,10,6,6,1.000000
gnp,9,32,2,2,1.000000
gnp,12,10,8,8,1.000000
gnp,8,18,2,2,1.000000
gnp,16,91,3,3,1.000000
gnp,11,37,3,3,1.000000
gnp,9,10,5,5,1.000000
gnp,7,6,4,4,1.000000
gnp,12,45,3,3,1.000000
gnp,8,24,2,2,1.000000
gnp,13,29,5,5,1.000000
gnp,11,28,4,4,1.000000
gnp,14,54,5,5,1.000000
gnp,14,67,3,3,1.000000
gnp,8,6,4,4,1.000000
gnp,6,7,3,3,1.000000
gnp,7,11,3,3,1.000000
gnp,12,34,5,5,1.000000
gnp,10,23,4,4,1.000000
gnp,12,24,6,6,1.000000
gnp,12,10,7,7,1.000000
gnp,14,36,4,5,1.250000
gnp,15,35,7,7,1.000000
gnp,9,25,3,3,1.000000
gnp,6,12,2,2,1.000000
gnp,8,8,4,4,1.000000
gnp,6,8,3,3,1.000000
gnp,15,81,3,3,1.000000
gnp,7,4,5,5,1.000000
gnp,6,3,5,5,1.000000
gnp,11,39,3,3,1.000000
gnp,16,53,5,5,1.000000
gnp,11,29,4,4,1.000000
gnp,11,24,4,4,1.000000
gnp,13,31,5,5,1.000000
gnp,10,19,5,5,1.000000
gnp,6,2,5,5,1.000000
gnp,14,32,5,5,1.000000
gnp,14,64,3,3,1.000000
gnp,16,13,9,9,1.000000
gnp,12,31,5,5,1.000000
gnp,11,13,6,6,1.000000
gnp,10,35,3,3,1.000000
gnp,7,14,2,2,1.000000
gnp,10,10,6,6,1.000000
gnp,9,18,3,3,1.000000
gnp,6,7,3,3,1.000000
gnp,11,39,3,3,1.000000
gnp,7,9,3,3,1.000000
gnp,12,21,5,5,1.000000
gnp,10,11,5,5,1.000000
gnp,14,47,5,5,1.000000
gnp,8,4,6,6,1.000000
gnp,6,7,3,3,1.000000
gnp,6,13,2,2,1.000000
gnp,7,6,4,4,1.000000
gnp,15,74,3,3,1.000000
gnp,15,60,4,4,1.000000
gnp,15,74,4,4,1.000000
gnp,10,16,4,4,1.000000
gnp,14,29,6,6,1.000000
gnp,11,20,6,6,1.000000
gnp,14,13,9,9,1.000000
gnp,6,9,3,3,1.000000
gnp,12,47,3,3,1.000000
gnp,10,33,3,3,1.000000
gnp,15,39,6,6,1.000000
gnp,15,43,6,6,1.000000
gnp,11,31,4,4,1.000000
gnp,8,15,3,3,1.000000
gnp,6,4,4,4,1.000000
gnp,10,15,5,5,1.000000
gnp,9,26,2,2,1.000000
gnp,14,59,4,4,1.000000
gnp,11,27,5,5,1.000000
gnp,13,20,7,7,1.000000
gnp,8,3,6,6,1.000000
gnp,15,71,4,4,1.000000
gnp,13,22,6,6,1.000000
gnp,13,35,5,5,1.000000
gnp,7,11,3,3,1.000000
gnp,14,68,3,3,1.000000
gnp,16,65,5,5,1.000000
gnp,9,4,7,7,1.000000
gnp,15,33,6,6,1.000000
gnp,14,62,4,4,1.000000
gnp,7,12,2,2,1.000000
gnp,9,24,3,3,1.000000
gnp,8,23,2,2,1.000000
gnp,6,11,2,2,1.000000
gnp,14,39,5,5,1.000000
gnp,8,17,3,3,1.000000
gnp,10,39,2,2,1.000000
gnp,7,17,2,2,1.000000
gnp,9,19,3,3,1.000000
gnp,12,17,6,6,1.000000
gnp,16,98,3,3,1.000000
gnp,11,9,7,7,1.000000
gnp,13,41,4,4,1.000000
gnp,10,31,3,3,1.000000
gnp,11,44,3,3,1.000000
gnp,12,44,3,3,1.000000
gnp,12,51,3,3,1.000000
gnp,8,18,4,4,1.000000
gnp,9,22,3,3,1.000000
gnp,13,50,3,3,1.000000
gnp,8,24,2,2,1.000000
gnp,13,44,4,4,1.000000
gnp,6,10,3,3,1.000000
gnp,11,43,3,3,1.000000
gnp,6,10,2,2,1.000000
gnp,13,71,2,2,1.000000
gnp,10,8,6,6,1.000000
gnp,12,36,3,3,1.000000
gnp,9,18,4,4,1.000000
gnp,14,43,4,4,1.000000
gnp,13,46,4,4,1.000000
gnp,14,23,6,6,1.000000
gnp,11,29,3,3,1.000000
gnp,14,53,4,4,1.000000
gnp,14,70,3,3,1.000000
gnp,8,8,4,4,1.000000
gnp,14,38,5,5,1.000000
gnp,12,13,7,7,1.000000
gnp,8,23,2,2,1.000000
gnp,12,16,6,6,1.000000
gnp,15,50,4,4,1.000000
gnp,8,6,5,5,1.000000
gnp,16,99,3,3,1.000000
gnp,14,65,3,3,1.000000
gnp,8,24,2,2,1.000000
gnp,16,76,4,4,1.000000
gnp,14,64,4,4,1.000000
gnp,16,87,3,3,1.000000
gnp,12,30,4,4,1.000000
gnp,7,2,5,5,1.000000
gnp,9,19,4,4,1.000000
gnp,15,59,4,4,1.000000
gnp,14,53,5,5,1.000000
gnp,9,14,3,3,1.000000
gnp,16,39,6,6,1.000000
gnp,6,5,3,3,1.000000
gnp,6,10,2,2,1.000000
gnp,13,43,4,4,1.000000
gnp,14,60,4,4,1.000000
gnp,9,11,5,5,1.000000
gnp,6,10,2,2,1.000000
gnp,9,27,3,3,1.000000
gnp,16,94,3,3,1.000000
gnp,7,9,3,3,1.000000
gnp,16,25,8,8,1.000000
gnp,13,48,3,3,1.000000
gnp,11,14,6,6,1.000000
gnp,14,46,6,6,1.000000
gnp,14,27,6,6,1.000000
gnp,10,7,7,7,1.000000
gnp,14,51,3,3,1.000000
gnp,7,5,4,4,1.000000
gnp,13,66,2,2,1.000000
gnp,8,23,2,2,1.000000
gnp,6,5,3,3,1.000000
gnp,7,8,4,4,1.000000
gnp,14,46,5,5,1.000000
gnp,15,57,4,5,1.250000
gnp,15,40,6,6,1.000000
gnp,8,10,4,4,1.000000
gnp,16,42,7,7,1.000000
gnp,14,29,7,7,1.000000
gnp,13,44,4,4,1.000000
gnp,6,13,2,2,1.000000
gnp,12,53,2,2,1.000000
gnp,10,31,3,3,1.000000
gnp,12,20,6,6,1.000000
gnp,15,46,5,5,1.000000
gnp,13,38,4,4,1.000000
gnp,7,9,4,4,1.000000
gnp,11,26,5,5,1.000000
gnp,15,74,4,4,1.000000
gnp,16,50,5,5,1.000000
gnp,14,48,5,5,1.000000
gnp,6,8,3,3,1.000000
gnp,11,30,4,4,1.000000
gnp,16,28,9,9,1.000000
gnp,9,10,5,5,1.000000
gnp,12,51,3,3,1.000000
gnp,7,13,3,3,1.000000
gnp,14,25,7,7,1.000000
gnp,12,5,9,9,1.000000
gnp,9,17,4,4,1.000000
gnp,13,57,3,3,1.000000
gnp,8,18,3,3,1.000000
gnp,16,73,4,4,1.000000
gnp,16,29,8,8,1.000000
gnp,10,29,3,3,1.000000
gnp,12,11,7,7,1.000000
gnp,11,8,8,8,1.000000
gnp,8,3,6,6,1.000000
gnp,12,32,4,4,1.000000
gnp,16,96,3,3,1.000000
gnp,7,7,4,4,1.000000
gnp,10,27,3,3,1.000000
gnp,6,9,2,2,1.000000
gnp,14,28,6,6,1.000000
gnp,13,30,4,5,1.250000
gnp,15,73,4,4,1.000000
gnp,14,41,4,4,1.000000
gnp,9,25,3,3,1.000000
gnp,8,17,3,3,1.000000
gnp,6,9,3,3,1.000000
gnp,8,8,5,5,1.000000
gnp,12,27,5,5,1.000000
gnp,7,14,3,3,1.000000
gnp,12,30,4,4,1.000000
gnp,6,5,4,4,1.000000
gnp,12,56,3,3,1.000000
gnp,8,21,2,2,1.000000
gnp,8,17,3,3,1.000000
gnp,8,17,3,3,1.000000
gnp,10,31,3,3,1.000000
gnp,7,17,2,2,1.000000
gnp,13,62,3,3,1.000000
gnp,12,29,5,5,1.000000
gnp,7,10,4,4,1.000000
gnp,15,15,9,9,1.000000
gnp,16,46,5,5,1.000000
gnp,7,8,4,4,1.000000
gnp,15,25,6,6,1.000000
gnp,11,8,7,7,1.000000
gnp,12,54,2,2,1.000000
gnp,10,10,6,6,1.000000
gnp,6,4,4,4,1.000000
gnp,9,22,3,3,1.000000
gnp,12,24,6,6,1.000000
gnp,16,37,7,7,1.000000
gnp,11,32,3,3,1.000000
gnp,16,33,7,7,1.000000
gnp,12,49,3,3,1.000000
gnp,7,7,4,4,1.000000
gnp,6,5,3,3,1.000000
gnp,6,14,2,2,1.000000
gnp,11,14,6,6,1.000000
gnp,10,33,2,2,1.000000
gnp,14,29,5,5,1.000000
gnp,8,13,4,4,1.000000
gnp,15,11,9,9,1.000000
gnp,9,28,3,3,1.000000
gnp,10,37,3,3,1.000000
gnp,12,43,4,4,1.000000
gnp,11,39,3,3,1.000000
gnp,15,79,3,3,1.000000
gnp,11,14,6,6,1.000000
gnp,15,39,5,5,1.000000
gnp,15,76,4,4,1.000000
gnp,7,10,3,3,1.000000
gnp,10,6,7,7,1.000000
gnp,10,12,6,6,1.000000
gnp,16,60,5,5,1.000000
gnp,14,25,6,6,1.000000
gnp,14,15,9,9,1.000000
gnp,14,35,6,6,1.000000
gnp,7,13,3,3,1.000000
gnp,11,18,5,5,1.000000
gnp,10,11,6,6,1.000000
gnp,14,43,5,5,1.000000
gnp,6,7,3,3,1.000000
gnp,14,47,5,5,1.000000
gnp,15,71,4,4,1.000000
gnp,12,19,6,6,1.000000
gnp,13,54,3,3,1.000000
gnp,16,64,4,4,1.000000
gnp,8,20,3,3,1.000000
gnp,9,33,2,2,1.000000
gnp,11,45,2,2,1.000000
gnp,9,2,7,7,1.000000
gnp,6,4,3,3,1.000000
gnp,8,23,3,3,1.000000
gnp,11,45,3,3,1.000000
gnp,6,7,3,3,1.000000
gnp,8,9,4,4,1.000000
gnp,7,10,4,4,1.000000
gnp,6,3,4,4,1.000000
gnp,6,2,4,4,1.000000
gnp,10,20,5,5,1.000000
gnp,6,4,4,4,1.000000
gnp,12,58,2,2,1.000000
gnp,14,29,6,6,1.000000
gnp,8,9,4,4,1.000000
gnp,11,14,6,6,1.000000
gnp,8,17,3,3,1.000000
gnp,11,24,4,4,1.000000
gnp,7,19,2,2,1.000000
gnp,7,5,5,5,1.000000
gnp,10,29,4,4,1.000000
gnp,9,19,4,4,1.000000
gnp,9,17,4,4,1.000000
gnp,8,15,4,4,1.000000
gnp,9,9,5,5,1.000000
gnp,11,38,3,3,1.000000
gnp,16,36,6,6,1.000000
gnp,9,14,5,5,1.000000
gnp,10,28,3,3,1.000000
gnp,15,51,4,5,1.250000
gnp,8,10,5,5,1.000000
gnp,12,17,6,6,1.000000
gnp,6,9,3,3,1.000000
gnp,9,17,3,3,1.000000
gnp,16,75,4,4,1.000000
gnp,10,28,3,3,1.000000
gnp,8,19,3,3,1.000000
gnp,11,29,3,3,1.000000
gnp,11,31,3,3,1.000000
gnp,12,24,5,5,1.000000
gnp,15,81,3,3,1.000000
gnp,13,44,4,4,1.000000
gnp,8,15,3,3,1.000000
gnp,16,62,5,5,1.000000
gnp,12,24,5,5,1.000000
gnp,13,52,4,4,1.000000
gnp,9,13,4,4,1.000000
gnp,8,12,4,4,1.000000
gnp,10,39,2,2,1.000000
gnp,12,39,4,4,1.000000
gnp,11,19,5,5,1.000000
gnp,8,22,3,3,1.000000
gnp,9,9,5,5,1.000000
gnp,12,34,4,4,1.000000
gnp,10,15,5,5,1.000000
gnp,7,6,5,5,1.000000
gnp,16,80,5,5,1.000000
gnp,9,21,3,3,1.000000
gnp,11,20,5,5,1.000000
gnp,12,32,4,4,1.000000
gnp,9,24,3,3,1.000000
gnp,12,51,3,3,1.000000
gnp,14,22,6,6,1.000000
gnp,15,68,4,4,1.000000
gnp,12,17,5,5,1.000000
gnp,16,93,3,3,1.000000
gnp,7,13,3,3,1.000000
gnp,13,21,6,6,1.000000
gnp,6,10,3,3,1.000000
gnp,13,26,6,6,1.000000
gnp,13,49,3,3,1.000000
gnp,7,5,5,5,1.000000
gnp,13,67,2,2,1.000000
gnp,14,73,3,3,1.000000
gnp,10,30,3,3,1.000000
gnp,8,26,2,2,1.000000
gnp,12,50,3,3,1.000000
gnp,13,40,4,4,1.000000
gnp,16,45,6,6,1.000000
gnp,15,89,3,3,1.000000
gnp,12,48,3,3,1.000000
gnp,11,33,3,3,1.000000
gnp,9,19,3,3,1.000000
gnp,8,20,3,3,1.000000
gnp,6,2,5,5,1.000000
gnp,14,66,3,3,1.000000
gnp,16,31,7,7,1.000000
gnp,12,44,3,3,1.000000
gnp,7,11,3,3,1.000000
gnp,16,21,9,9,1.000000
gnp,9,19,3,3,1.000000
gnp,6,2,5,5,1.000000
gnp,7,5,5,5,1.000000
gnp,7,6,4,4,1.000000
gnp,15,51,6,6,1.000000
gnp,7,7,4,4,1.000000
gnp,10,38,3,3,1.000000
gnp,13,65,2,2,1.000000
gnp,13,46,4,4,1.000000
gnp,16,43,6,6,1.000000
gnp,10,6,6,6,1.000000
gnp,7,14,2,2,1.000000
gnp,12,29,4,4,1.000000
gnp,6,2,5,5,1.000000
gnp,14,23,6,6,1.000000
gnp,6,13,2,2,1.000000
gnp,6,3,5,5,1.000000
gnp,16,96,3,3,1.000000
gnp,6,3,4,4,1.000000
gnp,12,47,3,3,1.000000
gnp,14,73,3,3,1.000000
gnp,15,55,5,5,1.000000
gnp,10,5,7,7,1.000000
gnp,10,23,4,4,1.000000
gnp,10,19,4,4,1.000000
gnp,6,4,5,5,1.000000
gnp,7,9,3,3,1.000000
gnp,15,86,4,4,1.000000
gnp,13,55,4,4,1.000000
gnp,9,32,2,2,1.000000
gnp,6,4,4,4,1.000000
gnp,7,15,3,3,1.000000
gnp,13,23,6,6,1.000000
gnp,7,14,2,2,1.000000
gnp,6,13,2,2,1.000000
gnp,13,52,3,3,1.000000
gnp,8,24,2,2,1.000000
gnp,10,11,5,5,1.000000
gnp,14,36,5,5,1.000000
gnp,11,12,5,5,1.000000
gnp,7,14,2,2,1.000000
gnp,12,30,4,4,1.000000
gnp,13,32,5,5,1.000000
gnp,9,25,3,3,1.000000
gnp,14,64,4,4,1.000000
gnp,6,13,2,2,1.000000
gnp,10,31,3,3,1.000000
gnp,16,101,3,3,1.000000
gnp,15,86,3,3,1.000000
gnp,9,25,3,3,1.000000
gnp,11,22,5,5,1.000000
gnp,7,15,2,2,1.000000
gnp,11,17,6,6,1.000000
gnp,12,42,3,3,1.000000
gnp,16,32,7,7,1.000000
gnp,12,38,5,5,1.000000
gnp,11,17,5,5,1.000000
gnp,8,15,3,3,1.000000
gnp,10,29,3,3,1.000000
gnp,8,18,3,3,1.000000
gnp,13,47,4,4,1.000000
gnp,13,37,4,4,1.000000
gnp,14,47,4,5,1.250000
gnp,12,25,5,5,1.000000
gnp,14,49,4,4,1.000000
gnp,6,2,4,4,1.000000
gnp,15,92,3,3,1.000000
gnp,12,37,4,4,1.000000
gnp,9,13,4,4,1.000000
gnp,8,18,3,3,1.000000
gnp,13,42,5,5,1.000000
gnp,13,20,6,6,1.000000
gnp,8,18,3,3,1.000000
gnp,12,35,4,4,1.000000
gnp,12,50,3,3,1.000000
gnp,6,10,2,2,1.000000
gnp,10,31,3,3,1.000000
gnp,7,17,2,2,1.000000
gnp,12,37,4,4,1.000000
gnp,8,6,5,5,1.000000
gnp,7,17,2,2,1.000000
gnp,16,98,3,3,1.000000
gnp,12,35,4,4,1.000000
gnp,16,41,6,6,1.000000
gnp,13,16,7,7,1.000000
gnp,6,7,3,3,1.000000
gnp,9,20,4,4,1.000000
gnp,7,8,3,3,1.000000
gnp,8,9,4,4,1.000000
gnp,8,8,4,4,1.000000
gnp,10,4,8,8,1.000000
gnp,13,31,5,5,1.000000
gnp,14,19,7,7,1.000000
gnp,6,2,5,5,1.000000
gnp,6,7,3,3,1.000000
gnp,13,48,4,4,1.000000
gnp,9,17,4,4,1.000000
gnp,7,17,2,2,1.000000
gnp,16,15,9,9,1.000000
gnp,9,13,4,4,1.000000
gnp,8,4,6,6,1.000000
gnp,6,10,2,2,1.000000
gnp,10,6,7,7,1.000000
gnp,13,39,4,4,1.000000
gnp,15,73,4,4,1.000000
gnp,6,5,3,3,1.000000
gnp,7,5,5,5,1.000000
gnp,7,9,4,4,1.000000
gnp,9,12,4,4,1.000000
gnp,8,15,3,3,1.000000
gnp,16,41,6,6,1.000000
gnp,14,42,5,5,1.000000
gnp,10,29,4,4,1.000000
gnp,14,13,9,9,1.000000
gnp,16,69,4,4,1.000000
gnp,6,5,4,4,1.000000
gnp,13,62,3,3,1.000000
gnp,16,99,3,3,1.000000
gnp,14,48,5,5,1.000000
gnp,16,39,6,6,1.000000
gnp,16,64,5,5,1.000000
gnp,10,39,2,2,1.000000
gnp,12,32,4,4,1.000000
gnp,11,44,3,3,1.000000
gnp,11,43,3,3,1.000000
gnp,15,55,5,5,1.000000
gnp,14,62,4,4,1.000000
gnp,15,79,3,3,1.000000
gnp,12,44,3,3,1.000000
gnp,15,55,4,4,1.000000
gnp,11,49,2,2,1.000000
gnp,6,4,4,4,1.000000
gnp,12,28,5,5,1.000000
gnp,9,9,6,6,1.000000
gnp,11,21,5,5,1.000000
gnp,7,8,3,3,1.000000
gnp,13,29,6,6,1.000000
gnp,12,43,4,4,1.000000
gnp,10,22,4,4,1.000000
gnp,8,11,3,3,1.000000
gnp,14,26,6,6,1.000000
gnp,12,36,4,4,1.000000
gnp,16,69,4,4,1.000000
gnp,10,20,4,4,1.000000
gnp,13,54,4,4,1.000000
gnp,11,43,3,3,1.000000
gnp,14,33,5,5,1.000000
gnp,9,20,4,4,1.000000
gnp,8,11,4,4,1.000000
gnp,6,5,3,3,1.000000
gnp,8,9,5,5,1.000000
gnp,11,13,6,6,1.000000
gnp,15,21,7,7,1.000000
gnp,11,23,4,4,1.000000
gnp,12,14,6,6,1.000000
gnp,15,75,3,3,1.000000
gnp,8,9,5,5,1.000000
gnp,13,12,7,7,1.000000
gnp,9,25,3,3,1.000000
gnp,16,65,4,4,1.000000
gnp,8,18,4,4,1.000000
gnp,11,36,4,4,1.000000
gnp,14,31,5,5,1.000000
gnp,10,9,6,6,1.000000
gnp,15,50,5,5,1.000000
gnp,15,62,4,4,1.000000
gnp,8,5,5,5,1.000000
gnp,8,18,3,3,1.000000
gnp,6,5,4,4,1.000000
gnp,13,40,4,4,1.000000
gnp,7,9,4,4,1.000000
gnp,15,35,6,6,1.000000
gnp,12,40,4,4,1.000000
gnp,6,7,3,3,1.000000
gnp,11,34,3,3,1.000000
gnp,7,11,3,3,1.000000
gnp,14,10,9,9,1.000000
gnp,6,2,5,5,1.000000
gnp,12,15,6,6,1.000000
gnp,7,9,4,4,1.000000
gnp,9,16,5,5,1.000000
gnp,13,51,5,5,1.000000
gnp,15,22,8,8,1.000000
gnp,16,23,9,9,1.000000
gnp,12,14,7,7,1.000000
gnp,8,23,2,2,1.000000
gnp,16,46,5,5,1.000000
gnp,7,10,3,3,1.000000
gnp,11,45,3,3,1.000000
gnp,6,12,2,2,1.000000
gnp,9,4,7,7,1.000000
gnp,9,6,6,6,1.000000
gnp,7,19,2,2,1.000000
gnp,13,61,2,2,1.000000
gnp,10,14,5,5,1.000000
gnp,13,55,3,3,1.000000
gnp,13,11,10,10,1.000000
gnp,15,33,7,7,1.000000
gnp,9,22,3,3,1.000000
gnp,7,12,3,3,1.000000
gnp,12,59,2,2,1.000000
gnp,11,7,7,7,1.000000
gnp,16,54,5,5,1.000000
gnp,7,6,4,4,1.000000
gnp,14,23,6,6,1.000000
gnp,13,50,4,4,1.000000
gnp,16,16,9,9,1.000000
gnp,8,7,5,5,1.000000
gnp,16,28,9,9,1.000000
gnp,16,53,6,6,1.000000
gnp,6,5,4,4,1.000000
gnp,16,49,5,5,1.000000
gnp,9,9,5,5,1.000000
gnp,16,58,5,5,1.000000
gnp,15,27,7,7,1.000000
gnp,12,51,3,3,1.000000
gnp,16,58,5,5,1.000000
gnp,9,30,2,2,1.000000
gnp,7,8,4,4,1.000000
gnp,15,34,6,6,1.000000
gnp,6,5,3,3,1.000000
gnp,13,56,3,3,1.000000
gnp,15,69,5,5,1.000000
gnp,9,23,3,3,1.000000
gnp,9,4,6,6,1.000000
gnp,11,36,4,4,1.000000
gnp,12,39,3,3,1.000000
gnp,13,54,3,3,1.000000
gnp,7,9,4,4,1.000000
gnp,16,63,4,4,1.000000
gnp,15,16,8,8,1.000000
gnp,9,25,3,3,1.000000
gnp,6,5,3,3,1.000000
gnp,16,93,4,4,1.000000
gnp,11,11,6,6,1.000000
gnp,12,24,5,5,1.000000
gnp,13,58,3,3,1.000000
gnp,11,12,6,6,1.000000
gnp,13,20,7,7,1.000000
gnp,11,43,2,2,1.000000
gnp,9,23,3,3,1.000000
gnp,16,48,6,6,1.000000
gnp,15,51,5,5,1.000000
gnp,10,23,4,4,1.000000
gnp,15,41,5,5,1.000000
gnp,10,31,3,3,1.000000
gnp,11,35,4,4,1.000000
gnp,10,18,4,4,1.000000
gnp,11,6,8,8,1.000000
gnp,15,27,7,7,1.000000
gnp,11,25,4,4,1.000000
gnp,7,4,5,5,1.000000
gnp,12,48,3,3,1.000000
gnp,12,40,4,4,1.000000
gnp,15,80,3,3,1.000000
gnp,6,13,2,2,1.000000
gnp,10,31,3,3,1.000000
gnp,8,5,6,6,1.000000
gnp,10,14,5,5,1.000000
gnp,6,4,3,3,1.000000
gnp,10,34,3,3,1.000000
gnp,14,76,2,2,1.000000
gnp,10,37,3,3,1.000000
gnp,15,50,4,4,1.000000
gnp,11,11,7,7,1.000000
gnp,16,21,8,8,1.000000
gnp,9,12,5,5,1.000000
gnp,7,7,4,4,1.000000
gnp,9,11,5,5,1.000000
gnp,6,13,2,2,1.000000
gnp,11,10,6,6,1.000000
gnp,13,32,5,5,1.000000
gnp,6,7,4,4,1.000000
gnp,16,29,6,6,1.000000
gnp,14,46,5,5,1.000000
gnp,7,5,4,4,1.000000
gnp,8,7,5,5,1.000000
gnp,16,66,4,4,1.000000
gnp,8,15,4,4,1.000000
gnp,14,26,6,6,1.000000
gnp,12,55,3,3,1.000000
gnp,6,14,2,2,1.000000
gnp,14,45,5,5,1.000000
gnp,16,17,9,9,1.000000
gnp,12,13,6,6,1.000000
gnp,16,70,4,4,1.000000
gnp,12,50,3,3,1.000000
gnp,6,9,3,3,1.000000
gnp,12,23,5,5,1.000000
gnp,7,17,2,2,1.000000
gnp,10,24,3,3,1.000000
gnp,15,84,3,3,1.000000
gnp,6,10,2,2,1.000000
gnp,7,6,4,4,1.000000
gnp,10,17,5,5,1.000000
gnp,11,39,3,3,1.000000
gnp,14,75,3,3,1.000000
gnp,14,58,4,4,1.000000
gnp,10,9,7,7,1.000000
gnp,6,6,4,4,1.000000
gnp,9,11,4,4,1.000000
gnp,12,53,3,3,1.000000
gnp,7,11,3,3,1.000000
gnp,9,19,3,3,1.000000
gnp,10,22,4,4,1.000000
gnp,13,31,5,5,1.000000
gnp,11,26,4,4,1.000000
gnp,6,10,2,2,1.000000
gnp,7,12,3,3,1.000000
gnp,12,26,5,5,1.000000
gnp,13,57,3,3,1.000000
gnp,14,36,6,6,1.000000
gnp,15,13,9,9,1.000000
gnp,16,34,7,7,1.000000
gnp,13,53,3,3,1.000000
gnp,7,5,5,5,1.000000
gnp,12,57,3,3,1.000000
gnp,7,6,4,4,1.000000
gnp,12,35,4,4,1.000000
gnp,16,32,7,7,1.000000
gnp,7,9,3,3,1.000000
gnp,11,45,3,3,1.000000
gnp,14,22,7,7,1.000000
gnp,10,19,4,4,1.000000
gnp,15,39,5,5,1.000000
gnp,13,45,3,3,1.000000
gnp,9,16,4,4,1.000000
gnp,9,19,4,4,1.000000
gnp,10,9,6,6,1.000000
gnp,16,29,8,8,1.000000
gnp,13,27,5,5,1.000000
gnp,7,12,3,3,1.000000
gnp,12,28,4,4,1.000000
gnp,15,72,4,4,1.000000
gnp,9,7,5,5,1.000000
gnp,9,12,5,5,1.000000
gnp,8,14,4,4,1.000000
gnp,12,36,4,4,1.000000
gnp,10,17,5,5,1.000000
gnp,6,5,4,4,1.000000
gnp,14,33,5,5,1.000000
gnp,12,16,6,6,1.000000
gnp,6,9,2,2,1.000000
gnp,9,32,2,2,1.000000
gnp,14,69,3,3,1.000000
gnp,8,20,3,3,1.000000
gnp,16,56,5,5,1.000000
gnp,14,59,3,3,1.000000
gnp,13,58,3,3,1.000000
gnp,13,66,2,2,1.000000
gnp,7,20,2,2,1.000000
gnp,8,11,5,5,1.000000
gnp,16,64,4,4,1.000000
gnp,9,9,5,5,1.000000
gnp,6,10,2,2,1.000000
gnp,8,5,5,5,1.000000
gnp,10,6,6,6,1.000000
gnp,16,42,6,6,1.000000
gnp,16,100,3,3,1.000000
gnp,16,54,6,6,1.000000
gnp,13,17,6,6,1.000000
gnp,7,12,3,3,1.000000
gnp,7,5,4,4,1.000000
gnp,11,35,3,3,1.000000
gnp,13,40,4,4,1.000000
gnp,15,51,5,5,1.000000
gnp,14,59,4,4,1.000000
gnp,10,29,3,3,1.000000
gnp,6,13,2,2,1.000000
gnp,8,7,5,5,1.000000
gnp,8,26,2,2,1.000000
gnp,16,71,4,4,1.000000
gnp,13,46,5,5,1.000000
gnp,8,23,2,2,1.000000
gnp,10,13,4,4,1.000000
gnp,13,11,9,9,1.000000
gnp,13,49,3,3,1.000000
gnp,6,11,2,2,1.000000
gnp,13,58,3,3,1.000000
gnp,7,17,2,2,1.000000
gnp,6,8,3,3,1.000000
gnp,6,4,4,4,1.000000
gnp,12,13,7,7,1.000000
gnp,8,14,4,4,1.000000
gnp,16,40,7,7,1.000000
gnp,11,33,3,3,1.000000
gnp,9,13,4,4,1.000000
gnp,11,30,4,4,1.000000
gnp,15,30,8,8,1.000000
gnp,15,46,5,5,1.000000
gnp,10,21,5,5,1.000000
gnp,16,48,6,6,1.000000
gnp,16,96,3,3,1.000000
gnp,6,10,2,2,1.000000
gnp,13,50,4,4,1.000000
gnp,12,25,5,5,1.000000
gnp,10,23,4,4,1.000000
gnp,10,36,3,3,1.000000
gnp,13,48,4,4,1.000000
gnp,6,2,4,4,1.000000
gnp,16,73,5,5,1.000000
gnp,14,35,6,6,1.000000
gnp,7,10,3,3,1.000000
gnp,6,8,3,3,1.000000
gnp,14,58,4,4,1.000000
gnp,9,29,2,2,1.000000
gnp,7,9,4,4,1.000000
gnp,6,13,2,2,1.000000
gnp,9,10,5,5,1.000000
gnp,16,97,3,3,1.000000
gnp,15,67,4,4,1.000000
gnp,6,2,5,5,1.000000
gnp,6,9,2,2,1.000000
gnp,14,65,3,3,1.000000
gnp,7,14,3,3,1.000000
gnp,6,13,2,2,1.000000
gnp,14,82,2,2,1.000000
gnp,14,56,3,3,1.000000
gnp,11,39,4,4,1.000000
gnp,7,5,4,4,1.000000
gnp,15,64,5,5,1.000000
gnp,6,14,2,2,1.000000
gnp,16,60,5,5,1.000000
gnp,7,7,3,3,1.000000
gnp,12,22,5,5,1.000000
gnp,14,61,4,4,1.000000
gnp,8,24,2,2,1.000000
gnp,14,16,8,8,1.000000
gnp,13,52,3,3,1.000000
gnp,13,60,3,3,1.000000
gnp,9,7,6,6,1.000000
gnp,6,13,2,2,1.000000
gnp,16,80,3,3,1.000000
gnp,6,13,2,2,1.000000
gnp,13,60,3,3,1.000000
gnp,15,60,5,5,1.000000
gnp,7,10,4,4,1.000000
gnp,10,10,6,6,1.000000
gnp,15,29,7,7,1.000000
gnp,11,37,4,4,1.000000
gnp,12,43,3,3,1.000000
gnp,13,52,4,4,1.000000
gnp,14,53,4,4,1.000000
gnp,8,19,3,3,1.000000
gnp,12,54,3,3,1.000000
gnp,14,53,4,4,1.000000
gnp,6,3,4,4,1.000000
gnp,16,25,9,9,1.000000
gnp,8,8,6,6,1.000000
gnp,12,30,4,4,1.000000
gnp,14,67,3,3,1.000000
gnp,15,69,4,4,1.000000
gnp,13,54,3,3,1.000000
gnp,12,54,3,3,1.000000
gnp,8,4,6,6,1.000000
gnp,13,30,5,5,1.000000
gnp,11,32,4,4,1.000000
gnp,8,9,5,5,1.000000
gnp,13,48,4,4,1.000000
gnp,11,44,2,2,1.000000
gnp,12,19,6,6,1.000000
gnp,14,26,6,6,1.000000
gnp,11,8,6,6,1.000000
gnp,10,8,6,6,1.000000
gnp,7,19,2,2,1.000000
gnp,11,25,4,4,1.000000
gnp,15,16,10,10,1.000000
gnp,15,94,3,3,1.000000
gnp,12,29,5,5,1.000000
gnp,14,44,4,4,1.000000
gnp,16,29,7,7,1.000000
gnp,14,32,5,5,1.000000
gnp,16,45,6,6,1.000000
gnp,6,12,2,2,1.000000
gnp,10,12,6,6,1.000000
gnp,14,76,3,3,1.000000
gnp,11,36,3,3,1.000000
gnp,16,36,6,6,1.000000
gnp,8,16,3,3,1.000000
gnp,7,4,5,5,1.000000
gnp,11,39,3,3,1.000000
gnp,16,61,4,4,1.000000
gnp,13,27,6,6,1.000000
gnp,12,40,3,3,1.000000
gnp,8,19,3,3,1.000000
gnp,9,30,2,2,1.000000
gnp,15,31,8,8,1.000000
gnp,16,63,4,4,1.000000
gnp,8,21,3,3,1.000000
gnp,13,36,6,6,1.000000
gnp,8,24,2,2,1.000000
gnp,12,46,4,4,1.000000
gnp,8,10,5,5,1.000000
gnp,11,21,6,6,1.000000
gnp,6,9,3,3,1.000000
gnp,13,57,3,3,1.000000
gnp,16,80,4,4,1.000000
gnp,12,59,2,2,1.000000
gnp,12,41,4,4,1.000000
gnp,10,8,7,7,1.000000
gnp,14,71,3,3,1.000000
gnp,11,35,3,3,1.000000
gnp,11,17,6,6,1.000000
gnp,7,7,4,4,1.000000
gnp,14,76,3,3,1.000000
gnp,11,42,3,3,1.000000
gnp,16,84,4,4,1.000000
gnp,14,19,6,6,1.000000
gnp,14,58,4,4,1.000000
gnp,16,100,3,3,1.000000
gnp,16,70,5,5,1.000000
gnp,16,23,8,8,1.000000
gnp,13,18,6,6,1.000000
gnp,10,18,5,5,1.000000
gnp,8,1,7,7,1.000000
gnp,13,39,4,4,1.000000
gnp,6,10,2,2,1.000000
gnp,9,8,5,5,1.000000
gnp,15,56,4,4,1.000000
gnp,10,23,4,4,1.000000
gnp,15,61,4,4,1.000000
gnp,11,8,7,7,1.000000
gnp,11,42,3,3,1.000000
gnp,6,10,3,3,1.000000
gnp,12,34,4,4,1.000000
gnp,6,5,4,4,1.000000
gnp,8,20,3,3,1.000000
gnp,15,19,9,9,1.000000
gnp,13,31,5,5,1.000000
gnp,8,23,2,2,1.000000
gnp,10,24,4,4,1.000000
gnp,16,69,5,5,1.000000
gnp,9,18,4,4,1.000000
gnp,7,8,3,3,1.000000
gnp,14,73,3,3,1.000000
gnp,11,11,6,6,1.000000
gnp,16,23,8,8,1.000000
gnp,6,10,3,3,1.000000
gnp,10,17,5,5,1.000000
gnp,7,5,5,5,1.000000
gnp,15,34,6,6,1.000000
gnp,9,24,3,3,1.000000
gnp,9,8,5,5,1.000000
gnp,7,1,6,6,1.000000
gnp,15,22,8,8,1.000000
gnp,12,30,5,5,1.000000
gnp,10,10,6,6,1.000000
gnp,16,49,7,7,1.000000
gnp,16,42,5,5,1.000000
gnp,14,31,5,5,1.000000
gnp,14,25,7,7,1.000000
gnp,11,23,5,5,1.000000
gnp,10,26,3,3,1.000000
gnp,6,9,3,3,1.000000
gnp,15,30,7,7,1.000000
gnp,7,12,3,3,1.000000
gnp,11,38,3,3,1.000000
gnp,16,35,8,8,1.000000
gnp,6,11,2,2,1.000000
gnp,8,13,4,4,1.000000
gnp,12,23,5,5,1.000000
gnp,13,25,5,5,1.000000
gnp,8,22,2,2,1.000000
gnp,13,28,5,5,1.000000
gnp,8,21,2,2,1.000000
gnp,7,5,4,4,1.000000
gnp,6,6,3,3,1.000000
gnp,14,74,3,3,1.000000
gnp,12,13,8,8,1.000000
gnp,12,40,4,4,1.000000
gnp,15,81,4,4,1.000000
gnp,6,12,2,2,1.000000
gnp,15,59,4,4,1.000000
gnp,12,47,3,3,1.000000
gnp,10,15,5,5,1.000000
gnp,15,76,3,3,1.000000
gnp,8,21,2,2,1.000000
gnp,13,34,5,5,1.000000
gnp,8,25,2,2,1.000000
gnp,10,34,3,3,1.000000
gnp,10,23,4,4,1.000000
gnp,16,37,7,7,1.000000
gnp,6,6,4,4,1.000000
gnp,12,26,5,5,1.000000
gnp,16,23,7,7,1.000000
gnp,9,10,5,5,1.000000
gnp,8,11,4,4,1.000000
gnp,13,30,5,5,1.000000
gnp,15,66,4,4,1.000000
gnp,11,12,6,6,1.000000
gnp,10,28,3,3,1.000000
gnp,7,11,3,3,1.000000
gnp,16,39,6,6,1.000000
gnp,15,45,6,6,1.000000
gnp,6,12,2,2,1.000000
gnp,16,105,3,3,1.000000
gnp,13,16,7,7,1.000000
gnp,11,10,7,7,1.000000
gnp,16,74,4,4,1.000000
gnp,15,28,6,6,1.000000
gnp,7,18,2,2,1.000000
gnp,8,15,3,3,1.000000
gnp,8,14,3,3,1.000000
gnp,6,8,3,3,1.000000
gnp,9,31,2,2,1.000000
gnp,8,8,4,4,1.000000
gnp,12,33,5,5,1.000000
gnp,11,30,4,4,1.000000
gnp,12,47,3,3,1.000000
gnp,6,6,3,3,1.000000
gnp,13,11,8,8,1.000000
gnp,11,44,3,3,1.000000
gnp,11,39,3,3,1.000000
gnp,10,20,4,4,1.000000
gnp,6,12,2,2,1.000000
gnp,6,2,5,5,1.000000
gnp,14,35,5,5,1.000000
gnp,14,49,5,5,1.000000
gnp,10,25,4,4,1.000000
gnp,8,15,4,4,1.000000
gnp,13,50,4,4,1.000000
gnp,9,21,3,3,1.000000
gnp,10,9,7,7,1.000000
gnp,10,19,4,4,1.000000
gnp,16,55,5,5,1.000000
gnp,14,63,4,4,1.000000
gnp,9,26,3,3,1.000000
gnp,6,4,4,4,1.000000
gnp,14,52,4,4,1.000000
gnp,8,5,6,6,1.000000
gnp,7,10,3,3,1.000000
gnp,12,13,7,7,1.000000
gnp,8,5,5,5,1.000000
gnp,9,18,3,3,1.000000
gnp,11,38,3,3,1.000000
gnp,6,12,2,2,1.000000
gnp,16,77,3,3,1.000000
gnp,14,12,7,7,1.000000
gnp,9,19,4,4,1.000000
gnp,9,16,4,4,1.000000
gnp,16,97,3,3,1.000000
gnp,9,23,3,3,1.000000
gnp,13,54,3,3,1.000000
gnp,16,52,5,5,1.000000
gnp,8,7,4,4,1.000000
gnp,11,12,6,6,1.000000
gnp,7,15,3,3,1.000000
gnp,6,8,3,3,1.000000
gnp,9,13,4,4,1.000000
gnp,6,12,2,2,1.000000
gnp,7,4,5,5,1.000000
gnp,6,8,3,3,1.000000
gnp,7,15,3,3,1.000000
gnp,15,35,7,7,1.000000
gnp,11,21,5,5,1.000000
gnp,12,41,4,4,1.000000
gnp,15,39,6,6,1.000000
gnp,12,46,3,3,1.000000
gnp,13,29,6,6,1.000000
gnp,9,17,4,4,1.000000
gnp,16,44,6,6,1.000000
gnp,8,19,3,3,1.000000
gnp,15,44,6,6,1.000000
gnp,8,21,3,3,1.000000
gnp,13,42,5,5,1.000000
gnp,11,18,5,5,1.000000
gnp,13,14,7,7,1.000000
gnp,10,31,3,3,1.000000
gnp,8,19,3,3,1.000000
gnp,16,70,5,5,1.000000
gnp,16,44,5,5,1.000000
gnp,10,16,4,4,1.000000
gnp,12,20,6,6,1.000000
gnp,9,25,3,3,1.000000
gnp,10,37,3,3,1.000000
gnp,7,14,2,2,1.000000
gnp,7,15,2,2,1.000000
gnp,16,78,3,3,1.000000
gnp,8,11,5,5,1.000000
gnp,7,10,3,3,1.000000
gnp,9,28,3,3,1.000000
gnp,10,23,5,5,1.000000
gnp,12,29,5,5,1.000000
gnp,15,50,5,5,1.000000
gnp,6,2,5,5,1.000000
gnp,6,1,5,5,1.000000
gnp,13,47,5,5,1.000000
gnp,12,50,2,2,1.000000
gnp,11,24,4,4,1.000000
gnp,8,20,3,3,1.000000
gnp,16,67,5,5,1.000000
gnp,6,6,3,3,1.000000
gnp,10,10,5,5,1.000000
gnp,6,6,3,3,1.000000
gnp,15,21,7,7,1.000000
gnp,8,3,6,6,1.000000
gnp,10,23,4,4,1.000000
gnp,6,2,4,4,1.000000
gnp,13,54,3,3,1.000000
gnp,16,24,8,8,1.000000
gnp,11,29,4,4,1.000000
gnp,15,61,4,4,1.000000
gnp,15,63,4,4,1.000000
gnp,11,15,6,6,1.000000
gnp,7,11,3,3,1.000000
gnp,10,22,4,4,1.000000
gnp,11,47,2,2,1.000000
gnp,14,67,3,3,1.000000
gnp,6,8,3,3,1.000000
gnp,9,19,3,3,1.000000
gnp,12,47,2,2,1.000000
gnp,12,13,6,6,1.000000
gnp,8,13,4,4,1.000000
gnp,11,23,5,5,1.000000
gnp,12,13,6,6,1.000000
gnp,15,47,5,5,1.000000
gnp,14,49,4,4,1.000000
gnp,15,76,3,3,1.000000
gnp,14,78,3,3,1.000000
gnp,12,39,3,3,1.000000
gnp,6,5,4,4,1.000000
gnp,16,77,4,4,1.000000
gnp,7,8,3,3,1.000000
gnp,11,18,5,5,1.000000
gnp,7,10,3,3,1.000000
gnp,12,44,4,4,1.000000
gnp,7,7,3,3,1.000000
gnp,10,22,4,4,1.000000
gnp,10,26,3,3,1.000000
gnp,9,13,5,5,1.000000
gnp,15,38,6,6,1.000000
gnp,11,29,4,4,1.000000
gnp,14,25,6,6,1.000000
gnp,9,26,3,3,1.000000
gnp,8,12,3,3,1.000000
gnp,9,27,2,2,1.000000
gnp,8,23,3,3,1.000000
gnp,7,5,5,5,1.000000
gnp,7,16,2,2,1.000000
gnp,11,30,3,3,1.000000
gnp,16,80,4,4,1.000000
gnp,13,50,4,4,1.000000
gnp,7,16,2,2,1.000000
gnp,9,15,4,4,1.000000
gnp,7,13,3,3,1.000000
gnp,9,23,3,3,1.000000
gnp,11,16,6,6,1.000000
gnp,14,29,7,7,1.000000
gnp,7,5,5,5,1.000000
gnp,6,11,3,3,1.000000
gnp,13,47,4,4,1.000000
gnp,15,12,8,8,1.000000
gnp,16,48,6,6,1.000000
gnp,8,15,3,3,1.000000
gnp,14,79,2,2,1.000000
gnp,7,12,3,3,1.000000
gnp,11,29,4,4,1.000000
gnp,12,27,5,5,1.000000
gnp,7,18,2,2,1.000000
gnp,15,44,5,5,1.000000
gnp,13,12,9,9,1.000000
gnp,7,7,4,4,1.000000
gnp,10,39,3,3,1.000000
gnp,10,8,7,7,1.000000
gnp,16,39,6,6,1.000000
gnp,7,10,4,4,1.000000
gnp,6,6,4,4,1.000000
gnp,8,17,3,3,1.000000
gnp,11,23,5,5,1.000000
gnp,7,15,2,2,1.000000
gnp,16,91,3,3,1.000000
gnp,10,11,6,6,1.000000
gnp,8,20,3,3,1.000000
gnp,8,21,3,3,1.000000
gnp,11,5,8,8,1.000000
gnp,13,34,4,4,1.000000
gnp,7,13,2,2,1.000000
gnp,16,21,7,7,1.000000
gnp,12,54,3,3,1.000000
gnp,15,75,3,3,1.000000
gnp,7,5,5,5,1.000000
gnp,9,21,4,4,1.000000
gnp,9,15,4,4,1.000000
gnp,10,34,3,3,1.000000
gnp,10,33,3,3,1.000000
gnp,16,77,4,4,1.000000
gnp,14,77,2,2,1.000000
gnp,12,54,2,2,1.000000
gnp,6,7,3,3,1.000000
gnp,12,33,4,4,1.000000
gnp,8,18,3,3,1.000000
gnp,6,8,3,3,1.000000
gnp,9,14,4,4,1.000000
gnp,12,39,3,3,1.000000
gnp,15,29,6,6,1.000000
gnp,15,44,6,6,1.000000
gnp,14,37,5,5,1.000000
gnp,7,16,2,2,1.000000
gnp,15,66,4,4,1.000000
gnp,10,10,6,6,1.000000
gnp,10,5,6,6,1.000000
gnp,16,34,6,6,1.000000
gnp,10,24,4,4,1.000000
gnp,10,28,3,3,1.000000
gnp,9,10,5,5,1.000000
gnp,11,15,6,6,1.000000
gnp,12,52,2,2,1.000000
gnp,6,7,3,3,1.000000
gnp,10,12,5,5,1.000000
gnp,14,27,7,7,1.000000
gnp,14,28,7,7,1.000000
gnp,13,25,6,6,1.000000
gnp,6,9,2,2,1.000000
gnp,8,23,2,2,1.000000
gnp,15,38,5,5,1.000000
gnp,16,84,3,3,1.000000
gnp,15,57,4,4,1.000000
gnp,10,24,4,4,1.000000
gnp,15,23,7,7,1.000000
gnp,12,23,6,6,1.000000
gnp,13,17,7,7,1.000000
gnp,6,3,4,4,1.000000
gnp,10,9,6,6,1.000000
gnp,9,32,2,2,1.000000
gnp,15,63,4,4,1.000000
gnp,14,79,3,3,1.000000
gnp,13,48,4,4,1.000000
gnp,13,22,6,6,1.000000
gnp,13,51,4,4,1.000000
gnp,12,41,4,4,1.000000
gnp,10,30,3,3,1.000000
gnp,7,4,4,4,1.000000
gnp,14,35,6,6,1.000000
gnp,7,5,4,4,1.000000
gnp,11,30,4,4,1.000000
gnp,6,6,3,3,1.000000
gnp,14,59,4,4,1.000000
gnp,6,7,3,3,1.000000
gnp,13,48,4,4,1.000000
gnp,15,81,3,3,1.000000
gnp,9,11,5,5,1.000000
gnp,11,32,4,4,1.000000
gnp,15,61,5,5,1.000000
gnp,10,18,5,5,1.000000
gnp,16,42,7,7,1.000000
gnp,12,49,3,3,1.000000
gnp,13,30,5,5,1.000000
gnp,8,20,3,3,1.000000
gnp,8,18,3,3,1.000000
gnp,7,7,4,4,1.000000
gnp,11,39,3,3,1.000000
gnp,10,39,2,2,1.000000
gnp,11,11,6,6,1.000000
gnp,14,42,5,5,1.000000
gnp,12,44,4,4,1.000000
gnp,10,22,4,4,1.000000
gnp,16,52,6,6,1.000000
gnp,14,53,4,4,1.000000
gnp,12,54,3,3,1.000000
gnp,16,51,5,5,1.000000
gnp,14,33,6,6,1.000000
gnp,7,4,5,5,1.000000
gnp,8,14,4,4,1.000000
gnp,15,41,6,6,1.000000
gnp,6,10,2,2,1.000000
gnp,8,23,2,2,1.000000
gnp,13,35,4,4,1.000000
gnp,13,10,7,7,1.000000
gnp,12,21,6,6,1.000000
gnp,6,13,2,2,1.000000
gnp,9,11,5,5,1.000000
gnp,9,18,4,4,1.000000
gnp,12,38,4,4,1.000000
gnp,9,9,5,5,1.000000
gnp,16,100,3,3,1.000000
gnp,9,17,4,4,1.000000
gnp,7,13,3,3,1.000000
gnp,13,61,2,2,1.000000
gnp,13,24,6,6,1.000000
gnp,13,36,5,5,1.000000
gnp,8,20,3,3,1.000000
gnp,12,14,6,6,1.000000
gnp,13,36,5,5,1.000000
gnp,14,51,4,4,1.000000
gnp,13,29,6,6,1.000000
gnp,11,31,4,4,1.000000
gnp,16,42,6,6,1.000000
gnp,14,58,3,3,1.000000
gnp,15,35,6,6,1.000000
gnp,13,50,4,4,1.000000
gnp,6,13,2,2,1.000000
gnp,13,30,6,6,1.000000
gnp,14,45,5,5,1.000000
gnp,10,37,3,3,1.000000
gnp,13,29,6,6,1.000000
gnp,7,6,4,4,1.000000
gnp,11,19,5,5,1.000000
gnp,7,9,3,3,1.000000
gnp,9,20,3,3,1.000000
gnp,6,11,2,2,1.000000
gnp,6,8,3,3,1.000000
gnp,15,75,4,4,1.000000
gnp,12,23,6,6,1.000000
gnp,14,27,6,6,1.000000
gnp,10,20,5,5,1.000000
gnp,16,77,4,4,1.000000
gnp,9,14,5,5,1.000000
gnp,9,29,2,2,1.000000
gnp,12,30,4,4,1.000000
gnp,16,81,4,4,1.000000
gnp,6,2,5,5,1.000000
gnp,15,73,4,4,1.000000
gnp,6,11,2,2,1.000000
gnp,15,95,2,2,1.000000
gnp,12,13,6,6,1.000000
gnp,11,45,3,3,1.000000
gnp,14,18,8,8,1.000000
gnp,14,28,7,7,1.000000
gnp,10,21,4,4,1.000000
gnp,10,39,2,2,1.000000
gnp,13,31,5,5,1.000000
gnp,14,59,4,4,1.000000
gnp,14,41,5,5,1.000000
gnp,10,31,4,4,1.000000
gnp,12,45,3,3,1.000000
gnp,14,71,3,3,1.000000
gnp,11,42,3,3,1.000000
gnp,12,28,4,4,1.000000
gnp,6,5,3,3,1.000000
gnp,10,28,3,3,1.000000
gnp,9,9,5,5,1.000000
gnp,15,68,3,3,1.000000
gnp,12,53,3,3,1.000000
gnp,11,26,4,4,1.000000
gnp,16,27,9,9,1.000000
gnp,8,24,2,2,1.000000
gnp,10,8,7,7,1.000000
gnp,9,30,2,2,1.000000
gnp,12,8,8,8,1.000000
gnp,10,20,4,4,1.000000
gnp,9,20,3,3,1.000000
gnp,10,18,4,4,1.000000
gnp,8,13,4,4,1.000000
gnp,10,36,3,3,1.000000
gnp,9,15,4,4,1.000000
gnp,10,8,5,5,1.000000
gnp,9,27,2,2,1.000000
gnp,16,44,6,6,1.000000
gnp,7,13,3,3,1.000000
gnp,12,20,5,5,1.000000
gnp,13,29,5,5,1.000000
gnp,7,20,2,2,1.000000
gnp,7,6,4,4,1.000000
gnp,6,6,3,3,1.000000
gnp,9,9,5,5,1.000000
gnp,11,27,4,4,1.000000
gnp,11,15,5,5,1.000000
gnp,16,32,8,8,1.000000
gnp,13,47,4,4,1.000000
gnp,11,41,3,3,1.000000
gnp,15,63,4,4,1.000000
gnp,8,20,2,2,1.000000
gnp,11,16,6,6,1.000000
gnp,12,34,4,4,1.000000
gnp,9,21,3,3,1.000000
gnp,15,30,6,6,1.000000
gnp,14,66,3,3,1.000000
gnp,6,13,2,2,1.000000
gnp,10,35,3,3,1.000000
gnp,10,13,6,6,1.000000
gnp,10,34,3,3,1.000000
gnp,15,83,3,3,1.000000
gnp,9,28,3,3,1.000000
gnp,15,76,3,3,1.000000
gnp,8,8,5,5,1.000000
gnp,8,15,4,4,1.000000
gnp,10,6,7,7,1.000000
gnp,10,32,3,3,1.000000
gnp,9,10,5,5,1.000000
gnp,16,55,6,6,1.000000
gnp,6,11,2,2,1.000000
gnp,9,8,5,5,1.000000
gnp,10,19,4,4,1.000000
gnp,13,40,5,5,1.000000
gnp,6,11,2,2,1.000000
gnp,11,33,3,3,1.000000
gnp,16,76,3,3,1.000000
gnp,13,36,4,4,1.000000
gnp,9,25,3,3,1.000000
gnp,11,47,2,2,1.000000
gnp,7,17,2,2,1.000000
gnp,15,61,4,4,1.000000
gnp,12,54,2,2,1.000000
gnp,11,13,5,5,1.000000
gnp,10,38,2,2,1.000000
gnp,6,7,3,3,1.000000
gnp,12,59,2,2,1.000000
gnp,15,23,7,7,1.000000
gnp,14,50,4,4,1.000000
gnp,16,34,7,7,1.000000
gnp,12,41,4,4,1.000000
gnp,14,68,3,3,1.000000
gnp,16,25,7,7,1.000000
gnp,11,45,3,3,1.000000
gnp,8,14,4,4,1.000000
gnp,15,53,4,4,1.000000
gnp,8,6,5,5,1.000000
gnp,16,30,8,8,1.000000
gnp,6,2,4,4,1.000000
gnp,8,17,3,3,1.000000
gnp,13,21,6,6,1.000000
gnp,14,56,4,4,1.000000
gnp,9,10,5,5,1.000000
gnp,6,13,2,2,1.000000
gnp,10,23,3,3,1.000000
gnp,8,9,4,4,1.000000
gnp,14,45,4,4,1.000000
gnp,8,15,3,3,1.000000
gnp,10,18,5,5,1.000000
gnp,11,32,3,3,1.000000
gnp,8,22,2,2,1.000000
gnp,6,11,2,2,1.000000
gnp,10,25,4,4,1.000000
gnp,8,10,4,4,1.000000
gnp,11,42,3,3,1.000000
gnp,10,24,4,4,1.000000
gnp,15,83,3,3,1.000000
gnp,15,21,8,8,1.000000
gnp,16,70,5,5,1.000000
gnp,12,30,4,4,1.000000
gnp,9,9,5,5,1.000000
gnp,11,36,4,4,1.000000
gnp,12,47,3,3,1.000000
gnp,14,48,5,5,1.000000
gnp,12,36,4,4,1.000000
gnp,7,6,5,5,1.000000
gnp,12,43,3,3,1.000000
gnp,15,13,9,9,1.000000
gnp,7,15,2,2,1.000000
gnp,14,39,6,6,1.000000
gnp,13,56,3,3,1.000000
gnp,16,85,3,3,1.000000
gnp,15,57,4,4,1.000000
gnp,14,15,9,9,1.000000
gnp,7,18,2,2,1.000000
gnp,14,49,4,4,1.000000
gnp,9,23,3,3,1.000000
gnp,10,9,6,6,1.000000
gnp,10,27,3,3,1.000000
gnp,11,21,4,4,1.000000
gnp,8,18,3,3,1.000000
gnp,7,17,2,2,1.000000
gnp,13,22,6,6,1.000000
gnp,15,46,6,6,1.000000
gnp,8,22,2,2,1.000000
gnp,13,17,6,6,1.000000
gnp,14,60,3,3,1.000000
gnp,16,66,5,5,1.000000
gnp,11,26,4,4,1.000000
gnp,15,82,3,3,1.000000
gnp,16,100,3,3,1.000000
gnp,8,19,3,3,1.000000
gnp,14,68,3,3,1.000000
gnp,14,26,7,7,1.000000
gnp,11,16,5,5,1.000000
gnp,14,46,5,5,1.000000
gnp,14,65,3,3,1.000000
gnp,13,60,4,4,1.000000
gnp,14,13,8,8,1.000000
gnp,10,19,4,4,1.000000
gnp,13,63,3,3,1.000000
gnp,15,39,6,6,1.000000
gnp,11,13,6,6,1.000000
gnp,11,32,4,4,1.000000
gnp,13,29,6,6,1.000000
gnp,16,79,4,4,1.000000
gnp,15,64,5,5,1.000000
gnp,10,17,4,4,1.000000
gnp,10,9,5,5,1.000000
gnp,16,48,6,6,1.000000
gnp,16,97,4,4,1.000000
gnp,12,28,5,5,1.000000
gnp,16,22,8,8,1.000000
gnp,12,22,5,5,1.000000
gnp,10,25,4,4,1.000000
gnp,11,13,6,6,1.000000
gnp,16,62,6,6,1.000000
gnp,15,36,6,6,1.000000
gnp,9,31,2,2,1.000000
gnp,6,9,2,2,1.000000
gnp,11,36,4,4,1.000000
gnp,6,6,3,3,1.000000
gnp,9,25,3,3,1.000000
gnp,11,34,3,3,1.000000
gnp,8,22,2,2,1.000000
gnp,8,20,3,3,1.000000
gnp,10,33,3,3,1.000000
gnp,13,36,5,5,1.000000
gnp,15,59,4,4,1.000000
gnp,12,41,3,3,1.000000
gnp,7,15,3,3,1.000000
gnp,10,4,6,6,1.000000
gnp,9,28,3,3,1.000000
gnp,7,17,2,2,1.000000
gnp,9,19,5,5,1.000000
gnp,11,38,2,2,1.000000
gnp,12,56,2,2,1.000000
gnp,7,17,2,2,1.000000
gnp,10,16,5,5,1.000000
gnp,11,17,6,6,1.000000
gnp,12,10,6,6,1.000000
gnp,13,55,3,3,1.000000
gnp,16,72,4,4,1.000000
gnp,8,3,6,6,1.000000
gnp,9,14,4,4,1.000000
gnp,15,54,5,5,1.000000
gnp,15,60,4,4,1.000000
gnp,12,36,4,4,1.000000
gnp,14,36,5,5,1.000000
gnp,8,28,1,1,1.000000
gnp,11,36,4,4,1.000000
gnp,14,36,6,6,1.000000
gnp,16,56,5,5,1.000000
gnp,11,26,4,4,1.000000
gnp,8,10,4,4,1.000000
gnp,10,11,6,6,1.000000
gnp,12,33,4,4,1.000000
gnp,10,30,3,3,1.000000
gnp,13,47,3,3,1.000000
gnp,13,51,4,4,1.000000
gnp,16,84,4,4,1.000000
gnp,15,60,4,4,1.000000
gnp,13,37,4,4,1.000000
gnp,8,19,3,3,1.000000
gnp,10,9,5,5,1.000000
gnp,15,75,3,3,1.000000
gnp,9,27,3,3,1.000000
gnp,10,25,3,3,1.000000
gnp,14,63,3,3,1.000000
gnp,14,62,3,3,1.000000
gnp,16,68,6,6,1.000000
gnp,13,45,4,4,1.000000
gnp,12,48,3,3,1.000000
gnp,13,16,6,6,1.000000
gnp,10,31,3,3,1.000000
gnp,16,79,3,3,1.000000
gnp,16,91,4,4,1.000000
gnp,12,40,4,4,1.000000
gnp,7,7,4,4,1.000000
gnp,15,30,6,6,1.000000
gnp,6,12,2,2,1.000000
gnp,15,80,3,3,1.000000
gnp,13,30,5,5,1.000000
gnp,10,34,3,3,1.000000
gnp,9,17,4,4,1.000000
gnp,13,23,7,7,1.000000
gnp,16,28,8,8,1.000000
gnp,11,40,3,3,1.000000
gnp,13,51,4,4,1.000000
gnp,15,82,3,3,1.000000
gnp,16,15,11,11,1.000000
gnp,14,52,4,4,1.000000
gnp,11,42,3,3,1.000000
gnp,14,41,5,5,1.000000
gnp,7,6,4,4,1.000000
gnp,16,100,3,3,1.000000
gnp,10,11,6,6,1.000000
gnp,16,55,5,5,1.000000
gnp,15,60,4,4,1.000000
gnp,9,29,2,2,1.000000
gnp,11,22,5,5,1.000000
gnp,16,81,4,4,1.000000
gnp,13,50,3,3,1.000000
gnp,13,31,5,5,1.000000
gnp,16,59,5,5,1.000000
gnp,8,21,3,3,1.000000
gnp,16,76,4,4,1.000000
gnp,12,21,6,6,1.000000
gnp,16,88,3,3,1.000000
gnp,13,17,6,6,1.000000
gnp,13,17,7,7,1.000000
gnp,15,85,3,3,1.000000
gnp,16,80,4,4,1.000000
gnp,13,43,4,4,1.000000
gnp,9,29,3,3,1.000000
gnp,14,33,5,5,1.000000
gnp,15,45,5,5,1.000000
gnp,14,52,4,4,1.000000
gnp,10,17,4,4,1.000000
gnp,6,1,5,5,1.000000
gnp,9,22,3,3,1.000000
gnp,7,5,5,5,1.000000
gnp,11,35,3,3,1.000000
gnp,16,90,4,4,1.000000
gnp,13,57,3,3,1.000000
gnp,13,49,4,4,1.000000
gnp,15,16,9,9,1.000000
gnp,15,23,8,8,1.000000
gnp,11,36,4,4,1.000000
gnp,8,6,5,5,1.000000
gnp,15,73,4,4,1.000000
gnp,16,66,5,5,1.000000
gnp,13,41,4,4,1.000000
gnp,11,48,2,2,1.000000
gnp,13,60,3,3,1.000000
gnp,16,85,3,3,1.000000
gnp,6,7,3,3,1.000000
gnp,8,8,4,4,1.000000
gnp,10,31,3,3,1.000000
gnp,9,30,2,2,1.000000
gnp,9,21,3,3,1.000000
gnp,10,16,5,5,1.000000
gnp,10,11,7,7,1.000000
gnp,15,36,6,6,1.000000
gnp,16,91,3,3,1.000000
gnp,13,47,4,4,1.000000
gnp,13,53,3,3,1.000000
gnp,10,27,3,3,1.000000
gnp,9,27,2,2,1.000000
gnp,16,19,8,8,1.000000
gnp,16,88,4,4,1.000000
gnp,16,54,5,5,1.000000
gnp,14,68,3,3,1.000000
gnp,6,10,2,2,1.000000
gnp,8,24,2,2,1.000000
gnp,9,28,2,2,1.000000
gnp,15,93,3,3,1.000000
gnp,8,19,3,3,1.000000
gnp,12,54,2,2,1.000000
gnp,7,14,3,3,1.000000
gnp,9,27,2,2,1.000000
gnp,7,4,5,5,1.000000
gnp,11,41,3,3,1.000000
gnp,7,14,3,3,1.000000
gnp,16,63,5,5,1.000000
gnp,11,41,3,3,1.000000
gnp,12,55,3,3,1.000000
gnp,13,71,2,2,1.000000
gnp,12,58,2,2,1.000000
gnp,8,13,3,3,1.000000
gnp,10,17,4,4,1.000000
gnp,7,12,3,3,1.000000
gnp,7,7,4,4,1.000000
gnp,9,16,5,5,1.000000
gnp,16,47,6,6,1.000000
gnp,9,20,3,3,1.000000
gnp,15,20,8,8,1.000000
gnp,14,40,5,5,1.000000
gnp,14,66,3,3,1.000000
gnp,13,61,3,3,1.000000
gnp,12,36,4,4,1.000000
gnp,6,14,2,2,1.000000
gnp,16,62,5,5,1.000000
gnp,9,14,4,4,1.000000
gnp,7,4,4,4,1.000000
gnp,8,16,3,3,1.000000
gnp,6,2,5,5,1.000000
gnp,12,55,3,3,1.000000
gnp,13,21,7,7,1.000000
gnp,12,43,3,3,1.000000
gnp,12,12,7,7,1.000000
gnp,13,29,5,5,1.000000
gnp,6,7,3,3,1.000000
gnp,7,14,3,3,1.000000
gnp,7,15,3,3,1.000000
gnp,10,18,4,4,1.000000
gnp,14,19,8,8,1.000000
gnp,7,12,3,3,1.000000
gnp,6,5,3,3,1.000000
gnp,12,49,3,3,1.000000
gnp,12,16,6,6,1.000000
gnp,13,35,5,5,1.000000
gnp,12,18,6,6,1.000000
gnp,15,65,5,5,1.000000
gnp,10,33,3,3,1.000000
gnp,15,64,4,4,1.000000
gnp,16,15,10,10,1.000000
gnp,8,8,4,4,1.000000
gnp,15,44,6,6,1.000000
gnp,7,8,4,4,1.000000
gnp,14,52,4,4,1.000000
gnp,12,49,3,3,1.000000
gnp,15,44,6,6,1.000000
gnp,13,33,5,5,1.000000
gnp,11,45,2,2,1.000000
gnp,15,31,7,7,1.000000
gnp,8,18,3,3,1.000000
gnp,8,9,4,4,1.000000
gnp,8,8,4,4,1.000000
gnp,15,66,4,4,1.000000
gnp,14,60,3,3,1.000000
gnp,11,39,3,3,1.000000
gnp,8,19,3,3,1.000000
gnp,9,28,2,2,1.000000
gnp,14,24,7,7,1.000000
gnp,9,22,3,3,1.000000
gnp,6,6,3,3,1.000000
gnp,9,27,2,2,1.000000
gnp,7,13,3,3,1.000000
gnp,10,18,5,5,1.000000
gnp,11,10,6,6,1.000000
gnp,7,8,4,4,1.000000
gnp,8,22,2,2,1.000000
gnp,9,4,6,6,1.000000
gnp,11,29,4,4,1.000000
gnp,15,56,5,5,1.000000
gnp,11,36,4,4,1.000000
gnp,7,11,3,3,1.000000
gnp,7,19,2,2,1.000000
gnp,9,6,6,6,1.000000
gnp,14,39,5,5,1.000000
gnp,15,43,5,5,1.000000
gnp,10,36,3,3,1.000000
gnp,6,5,3,3,1.000000
gnp,10,26,4,4,1.000000
gnp,16,73,4,4,1.000000
gnp,9,13,5,5,1.000000
gnp,14,28,6,6,1.000000
gnp,12,33,4,4,1.000000
gnp,6,2,5,5,1.000000
gnp,9,13,5,5,1.000000
gnp,16,69,4,4,1.000000
gnp,7,11,3,3,1.000000
gnp,9,7,5,5,1.000000
gnp,8,11,4,4,1.000000
gnp,13,29,5,5,1.000000
gnp,10,40,2,2,1.000000
gnp,7,14,3,3,1.000000
gnp,14,27,6,6,1.000000
gnp,15,36,7,7,1.000000
gnp,9,28,2,2,1.000000
gnp,11,20,5,5,1.000000
gnp,10,11,5,5,1.000000
gnp,13,44,5,5,1.000000
gnp,15,64,4,4,1.000000
gnp,13,37,5,5,1.000000
gnp,7,4,4,4,1.000000
gnp,15,47,4,4,1.000000
gnp,13,31,5,5,1.000000
gnp,12,25,4,4,1.000000
gnp,14,53,4,4,1.000000
gnp,8,6,5,5,1.000000
gnp,10,22,4,4,1.000000
gnp,16,18,8,8,1.000000
gnp,15,12,8,8,1.000000
gnp,16,52,6,6,1.000000
gnp,12,11,6,6,1.000000
gnp,12,47,3,3,1.000000
gnp,16,86,3,3,1.000000
gnp,7,7,4,4,1.000000
gnp,12,48,3,3,1.000000
gnp,6,9,3,3,1.000000
gnp,13,63,3,3,1.000000
gnp,15,43,6,6,1.000000
gnp,16,37,7,7,1.000000
gnp,8,10,5,5,1.000000
gnp,13,41,4,4,1.000000
gnp,7,13,3,3,1.000000
gnp,6,11,2,2,1.000000
gnp,11,12,5,5,1.000000
gnp,8,8,4,4,1.000000
gnp,12,36,4,4,1.000000
gnp,10,14,5,5,1.000000
gnp,9,18,4,4,1.000000
gnp,6,13,2,2,1.000000
gnp,15,55,5,5,1.000000
gnp,10,17,5,5,1.000000
gnp,12,49,3,3,1.000000
gnp,12,41,3,3,1.000000
gnp,9,21,3,3,1.000000
gnp,12,40,3,3,1.000000
gnp,9,18,3,3,1.000000
gnp,11,45,3,3,1.000000
gnp,7,3,5,5,1.000000
gnp,9,18,3,3,1.000000
gnp,6,9,2,2,1.000000
gnp,10,24,4,4,1.000000
gnp,10,21,5,5,1.000000
gnp,9,7,5,5,1.000000
gnp,10,10,6,6,1.000000
gnp,10,32,2,2,1.000000
gnp,11,19,5,5,1.000000
gnp,12,37,3,3,1.000000
gnp,8,13,4,4,1.000000
gnp,13,52,4,4,1.000000
gnp,14,47,4,4,1.000000
gnp,14,43,5,5,1.000000
gnp,6,2,5,5,1.000000
gnp,8,9,4,4,1.000000
gnp,13,18,7,7,1.000000
gnp,15,83,3,3,1.000000
gnp,14,46,5,5,1.000000
gnp,9,32,2,2,1.000000
gnp,14,72,3,3,1.000000
gnp,8,21,3,3,1.000000
gnp,9,29,2,2,1.000000
gnp,10,28,4,4,1.000000
gnp,15,44,5,5,1.000000
gnp,8,14,3,3,1.000000
gnp,13,62,3,3,1.000000
gnp,10,16,5,5,1.000000
gnp,6,2,4,4,1.000000
gnp,14,47,5,5,1.000000
gnp,13,9,8,8,1.000000
gnp,7,14,2,2,1.000000
gnp,14,49,4,4,1.000000
gnp,16,24,8,8,1.000000
gnp,8,18,3,3,1.000000
gnp,7,10,3,3,1.000000
gnp,11,17,6,6,1.000000
gnp,7,9,4,4,1.000000
gnp,15,21,8,8,1.000000
gnp,6,11,2,2,1.000000
gnp,12,30,4,4,1.000000
gnp,11,35,3,3,1.000000
gnp,7,10,4,4,1.000000
gnp,16,69,4,4,1.000000
gnp,10,21,5,5,1.000000
gnp,9,28,2,2,1.000000
gnp,6,7,4,4,1.000000
gnp,10,32,3,3,1.000000
gnp,9,5,5,5,1.000000
gnp,14,68,3,3,1.000000
gnp,9,21,4,4,1.000000
gnp,12,35,4,4,1.000000
gnp,12,15,7,7,1.000000
gnp,10,17,4,4,1.000000
gnp,9,6,6,6,1.000000
gnp,7,10,4,4,1.000000
gnp,14,57,3,3,1.000000
gnp,6,2,5,5,1.000000
gnp,7,14,3,3,1.000000
gnp,15,82,3,3,1.000000
gnp,16,29,7,7,1.000000
gnp,11,13,6,6,1.000000
gnp,6,2,5,5,1.000000
gnp,14,59,4,4,1.000000
gnp,8,6,5,5,1.000000
gnp,15,49,5,5,1.000000
gnp,10,27,3,3,1.000000
gnp,13,45,3,4,1.333333
gnp,15,77,3,3,1.000000
gnp,14,74,3,3,1.000000
gnp,11,38,3,3,1.000000
gnp,12,43,3,3,1.000000
gnp,7,6,5,5,1.000000
gnp,6,10,2,2,1.000000
gnp,11,37,4,4,1.000000
gnp,10,30,3,3,1.000000
gnp,10,30,3,3,1.000000
gnp,14,72,3,3,1.000000
gnp,15,51,4,4,1.000000
gnp,8,8,5,5,1.000000
gnp,14,65,3,3,1.000000
gnp,7,5,5,5,1.000000
gnp,13,26,5,5,1.000000
gnp,13,37,4,4,1.000000
gnp,10,11,6,6,1.000000
gnp,9,14,4,4,1.000000
gnp,10,24,3,3,1.000000
gnp,14,41,5,5,1.000000
gnp,11,25,5,5,1.000000
gnp,12,39,4,4,1.000000
gnp,9,27,3,3,1.000000
gnp,8,16,3,3,1.000000
gnp,9,13,4,4,1.000000
gnp,16,39,6,6,1.000000
gnp,13,43,4,4,1.000000
gnp,6,8,3,3,1.000000
gnp,15,45,6,6,1.000000
gnp,12,38,3,3,1.000000
gnp,9,14,5,5,1.000000
gnp,10,35,2,2,1.000000
gnp,12,44,4,4,1.000000
gnp,8,13,4,4,1.000000
gnp,6,6,3,3,1.000000
gnp,6,11,3,3,1.000000
gnp,10,32,3,3,1.000000
gnp,7,13,3,3,1.000000
gnp,13,27,6,6,1.000000
gnp,13,21,6,6,1.000000
gnp,12,27,5,5,1.000000
gnp,10,16,5,5,1.000000
gnp,12,36,5,5,1.000000
gnp,6,13,2,2,1.000000
gnp,8,20,2,2,1.000000
gnp,9,28,3,3,1.000000
gnp,13,63,3,3,1.000000
gnp,8,13,3,3,1.000000
gnp,16,79,4,4,1.000000
gnp,16,52,5,5,1.000000
gnp,13,53,3,3,1.000000
gnp,11,15,5,5,1.000000
gnp,8,8,5,5,1.000000
gnp,10,19,4,4,1.000000
gnp,12,16,6,6,1.000000
gnp,9,10,5,5,1.000000
gnp,15,13,9,9,1.000000
gnp,12,23,5,5,1.000000
gnp,12,14,7,7,1.000000
gnp,10,10,6,6,1.000000
gnp,9,22,4,4,1.000000
gnp,11,18,5,5,1.000000
gnp,10,7,8,8,1.000000
gnp,7,6,4,4,1.000000
gnp,15,26,7,7,1.000000
gnp,12,27,4,4,1.000000
gnp,10,35,2,2,1.000000
gnp,15,38,6,6,1.000000
gnp,16,69,5,5,1.000000
gnp,10,15,5,5,1.000000
gnp,16,68,4,4,1.000000
gnp,11,14,6,6,1.000000
gnp,14,57,4,4,1.000000
gnp,13,20,7,7,1.000000
gnp,9,11,5,5,1.000000
gnp,9,14,4,4,1.000000
gnp,16,94,3,3,1.000000
gnp,6,5,4,4,1.000000
gnp,12,26,5,5,1.000000
gnp,8,13,3,3,1.000000
gnp,10,9,6,6,1.000000
gnp,9,20,4,4,1.000000
gnp,8,7,5,5,1.000000
gnp,11,10,7,7,1.000000
gnp,12,17,6,6,1.000000
gnp,8,8,5,5,1.000000
gnp,13,52,4,4,1.000000
gnp,11,21,5,5,1.000000
gnp,6,10,3,3,1.000000
gnp,16,100,3,3,1.000000
gnp,10,15,5,5,1.000000
gnp,11,19,5,5,1.000000
gnp,7,13,3,3,1.000000
gnp,11,34,3,3,1.000000
gnp,8,8,5,5,1.000000
gnp,13,53,4,4,1.000000
gnp,15,19,8,8,1.000000
gnp,11,44,2,2,1.000000
gnp,9,20,3,3,1.000000
gnp,15,89,3,3,1.000000
gnp,15,67,4,4,1.000000
gnp,7,8,4,4,1.000000
gnp,11,19,5,5,1.000000
gnp,12,26,5,5,1.000000
gnp,8,22,2,2,1.000000
gnp,10,21,4,4,1.000000
gnp,12,18,5,5,1.000000
gnp,8,23,2,2,1.000000
gnp,16,76,4,4,1.000000
gnp,12,25,5,5,1.000000
gnp,6,10,2,2,1.000000
gnp,13,31,6,6,1.000000
gnp,11,4,8,8,1.000000
gnp,6,4,4,4,1.000000
gnp,14,75,3,3,1.000000
gnp,15,57,5,5,1.000000
gnp,10,9,7,7,1.000000
gnp,12,7,9,9,1.000000
gnp,15,24,8,8,1.000000
gnp,7,16,2,2,1.000000
gnp,7,15,2,2,1.000000
gnp,15,23,8,8,1.000000
gnp,14,55,4,4,1.000000
gnp,10,33,4,4,1.000000
gnp,16,22,9,9,1.000000
gnp,14,47,5,5,1.000000
gnp,14,50,4,4,1.000000
gnp,7,12,3,3,1.000000
gnp,12,47,3,3,1.000000
gnp,11,32,3,3,1.000000
gnp,11,47,3,3,1.000000
gnp,12,29,5,5,1.000000
gnp,6,10,3,3,1.000000
gnp,13,17,7,7,1.000000
gnp,16,105,3,3,1.000000
gnp,16,82,4,4,1.000000
gnp,13,18,7,7,1.000000
gnp,13,25,6,6,1.000000
gnp,10,5,7,7,1.000000
gnp,6,12,2,2,1.000000
gnp,6,10,3,3,1.000000
gnp,14,67,3,3,1.000000
gnp,7,9,4,4,1.000000
gnp,10,30,3,3,1.000000
gnp,12,25,5,5,1.000000
gnp,10,20,4,4,1.000000
gnp,15,19,8,8,1.000000
gnp,12,36,3,3,1.000000
gnp,13,37,5,5,1.000000
gnp,13,66,2,2,1.000000
gnp,12,19,5,5,1.000000
gnp,6,6,3,3,1.000000
gnp,12,17,6,6,1.000000
gnp,9,25,4,4,1.000000
gnp,14,24,7,7,1.000000
gnp,9,22,3,3,1.000000
gnp,6,10,2,2,1.000000
gnp,11,32,4,4,1.000000
gnp,12,21,5,5,1.000000
gnp,9,26,3,3,1.000000
gnp,13,55,3,3,1.000000
gnp,16,39,7,7,1.000000
gnp,13,48,3,3,1.000000
gnp,7,12,3,3,1.000000
gnp,12,11,7,7,1.000000
gnp,14,48,5,5,1.000000
gnp,6,12,2,2,1.000000
gnp,10,27,3,3,1.000000
gnp,11,48,2,2,1.000000
gnp,11,30,4,4,1.000000
gnp,11,20,5,5,1.000000
gnp,14,72,3,3,1.000000
gnp,16,74,5,5,1.000000
gnp,15,71,4,4,1.000000
gnp,16,60,4,4,1.000000
gnp,8,10,5,5,1.000000
gnp,12,20,6,6,1.000000
gnp,10,13,5,5,1.000000
gnp,16,21,8,8,1.000000
gnp,15,18,8,8,1.000000
gnp,11,17,4,4,1.000000
gnp,15,87,3,3,1.000000
gnp,13,50,3,3,1.000000
gnp,7,10,3,3,1.000000
gnp,11,46,3,3,1.000000
gnp,12,20,6,6,1.000000
gnp,9,12,4,4,1.000000
gnp,8,6,5,5,1.000000
gnp,13,52,3,3,1.000000
gnp,6,2,5,5,1.000000
gnp,9,2,8,8,1.000000
gnp,10,5,7,7,1.000000
gnp,13,34,5,5,1.000000
gnp,8,11,3,3,1.000000
gnp,14,57,4,4,1.000000
gnp,10,7,7,7,1.000000
gnp,14,80,2,2,1.000000
gnp,11,11,5,5,1.000000
gnp,12,12,7,7,1.000000
gnp,8,5,5,5,1.000000
gnp,13,36,5,5,1.000000
gnp,10,28,3,3,1.000000
gnp,15,59,4,4,1.000000
gnp,12,14,6,6,1.000000
gnp,13,35,4,4,1.000000
gnp,14,65,4,4,1.000000
gnp,10,9,5,5,1.000000
gnp,8,7,5,5,1.000000
gnp,14,25,7,7,1.000000
gnp,9,27,2,2,1.000000
gnp,13,31,5,5,1.000000
gnp,10,15,5,5,1.000000
gnp,7,16,2,2,1.000000
gnp,14,8,9,9,1.000000
gnp,12,44,3,3,1.000000
gnp,10,33,3,3,1.000000
gnp,16,66,5,5,1.000000
gnp,12,11,8,8,1.000000
gnp,13,62,3,3,1.000000
gnp,14,51,4,4,1.000000
gnp,7,19,2,2,1.000000
gnp,11,45,2,2,1.000000
gnp,16,64,4,4,1.000000
gnp,10,27,3,3,1.000000
gnp,14,40,6,6,1.000000
gnp,10,8,6,6,1.000000
gnp,9,10,4,4,1.000000
gnp,7,7,4,4,1.000000
gnp,14,23,7,7,1.000000
gnp,10,9,7,7,1.000000
gnp,7,12,3,3,1.000000
gnp,8,8,5,5,1.000000
gnp,13,61,3,3,1.000000
gnp,10,15,5,5,1.000000
gnp,14,39,5,5,1.000000
gnp,15,67,4,4,1.000000
gnp,12,35,5,5,1.000000
gnp,16,76,4,4,1.000000
gnp,14,25,7,7,1.000000
gnp,9,9,6,6,1.000000
gnp,12,21,5,5,1.000000
gnp,8,20,3,3,1.000000
gnp,13,23,6,6,1.000000
gnp,15,36,6,6,1.000000
gnp,13,48,4,4,1.000000
gnp,9,7,5,5,1.000000
gnp,10,12,6,6,1.000000
gnp,6,8,3,3,1.000000
gnp,9,22,3,3,1.000000
gnp,12,58,3,3,1.000000
gnp,7,7,4,4,1.000000
gnp,10,8,6,6,1.000000
gnp,6,5,3,3,1.000000
gnp,13,37,5,5,1.000000
gnp,16,68,4,4,1.000000
gnp,13,64,3,3,1.000000
gnp,9,10,5,5,1.000000
gnp,7,2,5,5,1.000000
gnp,16,50,6,6,1.000000
gnp,7,5,4,4,1.000000
gnp,12,11,8,8,1.000000
gnp,6,4,3,3,1.000000
gnp,10,42,2,2,1.000000
gnp,13,47,4,4,1.000000
gnp,16,68,4,4,1.000000
gnp,14,30,7,7,1.000000
gnp,13,18,7,7,1.000000
gnp,12,46,4,4,1.000000
gnp,6,11,2,2,1.000000
gnp,13,14,7,7,1.000000
gnp,13,43,4,4,1.000000
gnp,16,48,6,6,1.000000
gnp,15,34,5,5,1.000000
gnp,6,5,4,4,1.000000
gnp,7,19,2,2,1.000000
gnp,13,17,6,6,1.000000
gnp,6,9,3,3,1.000000
gnp,15,18,7,7,1.000000
gnp,10,15,5,5,1.000000
gnp,11,25,4,4,1.000000
gnp,13,28,6,6,1.000000
gnp,9,21,3,3,1.000000
gnp,16,66,5,5,1.000000
gnp,11,20,5,5,1.000000
gnp,9,18,4,4,1.000000
gnp,13,50,4,4,1.000000
gnp,9,22,4,4,1.000000
gnp,9,31,3,3,1.000000
gnp,10,28,3,3,1.000000
gnp,12,45,4,4,1.000000
gnp,9,13,4,4,1.000000
gnp,15,49,5,5,1.000000
gnp,9,7,5,5,1.000000
gnp,9,31,2,2,1.000000
gnp,12,43,3,3,1.000000
gnp,10,16,5,5,1.000000
gnp,9,30,2,2,1.000000
gnp,14,31,6,6,1.000000
gnp,16,36,6,6,1.000000
gnp,13,45,4,4,1.000000
gnp,14,48,4,4,1.000000
gnp,10,21,4,4,1.000000
gnp,10,27,4,4,1.000000
gnp,13,64,2,2,1.000000
gnp,13,65,3,3,1.000000
gnp,6,7,4,4,1.000000
gnp,13,61,3,3,1.000000
gnp,13,45,4,4,1.000000
gnp,7,10,4,4,1.000000
gnp,6,5,3,3,1.000000
gnp,11,37,4,4,1.000000
gnp,10,24,4,4,1.000000
gnp,6,2,5,5,1.000000
gnp,16,104,2,2,1.000000
gnp,11,29,4,4,1.000000
gnp,15,57,4,4,1.000000
gnp,16,20,9,9,1.000000
gnp,14,79,2,2,1.000000
gnp,15,85,3,3,1.000000
gnp,11,14,5,5,1.000000
gnp,11,12,6,6,1.000000
gnp,12,56,2,2,1.000000
gnp,6,6,3,3,1.000000
gnp,16,90,3,3,1.000000
gnp,7,17,2,2,1.000000
gnp,7,10,3,3,1.000000
gnp,9,18,4,4,1.000000
gnp,15,57,5,5,1.000000
gnp,8,22,2,2,1.000000
gnp,6,3,4,4,1.000000
gnp,16,81,4,4,1.000000
gnp,16,101,3,3,1.000000
gnp,16,77,4,4,1.000000
gnp,13,23,6,6,1.000000
gnp,7,1,6,6,1.000000
gnp,14,30,6,6,1.000000
gnp,16,30,7,7,1.000000
gnp,11,44,2,2,1.000000
gnp,7,13,3,3,1.000000
gnp,7,15,3,3,1.000000
gnp,8,6,5,5,1.000000
gnp,7,11,3,3,1.000000
gnp,10,15,4,4,1.000000
gnp,7,17,2,2,1.000000
gnp,6,4,4,4,1.000000
gnp,10,34,2,2,1.000000
gnp,15,35,6,6,1.000000
gnp,11,45,3,3,1.000000
gnp,12,48,3,3,1.000000
gnp,10,5,7,7,1.000000
gnp,8,9,4,4,1.000000
gnp,15,75,3,3,1.000000
gnp,11,17,6,6,1.000000
gnp,16,83,4,4,1.000000
gnp,7,7,4,4,1.000000
gnp,13,46,4,4,1.000000
gnp,8,23,2,2,1.000000
gnp,8,20,2,2,1.000000
gnp,10,15,5,5,1.000000
gnp,9,26,3,3,1.000000
gnp,14,45,4,4,1.000000
gnp,7,3,5,5,1.000000
gnp,9,9,6,6,1.000000
gnp,6,3,3,3,1.000000
gnp,11,29,4,4,1.000000
gnp,7,15,3,3,1.000000
gnp,11,26,4,4,1.000000
gnp,16,105,3,3,1.000000
gnp,13,35,5,5,1.000000
gnp,8,19,3,3,1.000000
gnp,8,5,5,5,1.000000
gnp,12,59,3,3,1.000000
gnp,8,7,5,5,1.000000
gnp,12,21,5,5,1.000000
gnp,9,9,5,5,1.000000
gnp,14,30,5,5,1.000000
gnp,8,13,3,3,1.000000
gnp,16,74,5,5,1.000000
gnp,13,52,3,3,1.000000
gnp,15,36,6,6,1.000000
gnp,13,53,3,3,1.000000
gnp,11,11,6,6,1.000000
gnp,10,28,3,3,1.000000
gnp,16,25,7,7,1.000000
gnp,13,49,4,4,1.000000
gnp,13,15,9,9,1.000000
gnp,8,25,2,2,1.000000
gnp,16,56,6,6,1.000000
gnp,7,8,4,4,1.000000
gnp,14,40,5,5,1.000000
gnp,9,11,4,4,1.000000
gnp,14,16,7,7,1.000000
gnp,9,7,6,6,1.000000
gnp,15,84,3,3,1.000000
gnp,16,64,6,6,1.000000
gnp,9,27,3,3,1.000000
gnp,7,1,6,6,1.000000
gnp,16,80,4,4,1.000000
gnp,7,5,5,5,1.000000
gnp,9,26,3,3,1.000000
gnp,10,20,4,4,1.000000
gnp,8,9,4,4,1.000000
gnp,6,3,5,5,1.000000
gnp,6,6,3,3,1.000000
gnp,14,41,4,4,1.000000
gnp,12,43,4,4,1.000000
gnp,13,40,4,4,1.000000
gnp,9,18,3,3,1.000000
gnp,7,6,4,4,1.000000
gnp,11,23,4,4,1.000000
gnp,6,11,2,2,1.000000
gnp,6,9,3,3,1.000000
gnp,14,62,4,4,1.000000
gnp,8,15,3,3,1.000000
gnp,9,18,3,3,1.000000
gnp,9,14,5,5,1.000000
gnp,8,8,5,5,1.000000
gnp,6,4,4,4,1.000000
gnp,6,10,2,2,1.000000
gnp,16,32,6,6,1.000000
gnp,16,40,6,6,1.000000
gnp,11,38,3,3,1.000000
gnp,12,43,4,4,1.000000
gnp,14,13,9,9,1.000000
gnp,12,41,4,4,1.000000
gnp,7,7,4,4,1.000000
gnp,15,40,5,5,1.000000
gnp,16,37,6,6,1.000000
gnp,9,24,3,3,1.000000
gnp,11,16,6,6,1.000000
gnp,7,13,3,3,1.000000
gnp,7,12,3,3,1.000000
gnp,15,50,5,5,1.000000
gnp,16,60,5,5,1.000000
gnp,11,35,4,4,1.000000
gnp,11,42,3,3,1.000000
gnp,13,35,5,5,1.000000
gnp,15,84,3,3,1.000000
gnp,14,15,7,7,1.000000
gnp,10,11,5,5,1.000000
gnp,6,7,3,3,1.000000
gnp,16,68,4,4,1.000000
gnp,15,70,4,4,1.000000
gnp,7,14,2,2,1.000000
gnp,7,8,4,4,1.000000
gnp,11,23,5,5,1.000000
gnp,8,5,5,5,1.000000
gnp,11,25,4,4,1.000000
gnp,13,49,5,5,1.000000
gnp,9,12,4,4,1.000000
gnp,6,9,3,3,1.000000
gnp,13,60,3,3,1.000000
gnp,11,38,3,3,1.000000
gnp,15,52,4,4,1.000000
gnp,7,5,5,5,1.000000
gnp,8,22,2,2,1.000000
gnp,14,62,4,4,1.000000
gnp,13,40,4,4,1.000000
gnp,12,9,8,8,1.000000
gnp,13,23,6,6,1.000000
gnp,9,4,7,7,1.000000
gnp,14,65,4,4,1.000000
gnp,15,57,5,5,1.000000
gnp,7,14,3,3,1.000000
gnp,8,6,5,5,1.000000
gnp,11,46,3,3,1.000000
gnp,10,33,3,3,1.000000
gnp,15,78,4,4,1.000000
gnp,11,40,3,3,1.000000
gnp,15,41,5,5,1.000000
gnp,13,41,4,4,1.000000
gnp,7,12,3,3,1.000000
gnp,15,78,3,3,1.000000
gnp,6,9,2,2,1.000000
gnp,13,33,4,4,1.000000
gnp,13,69,2,2,1.000000
gnp,16,18,10,10,1.000000
gnp,6,5,4,4,1.000000
gnp,14,43,4,4,1.000000
gnp,7,17,2,2,1.000000
gnp,8,8,5,5,1.000000
gnp,9,16,4,4,1.000000
gnp,6,4,5,5,1.000000
gnp,10,21,4,4,1.000000
gnp,8,16,4,4,1.000000
gnp,6,11,3,3,1.000000
gnp,10,18,4,4,1.000000
gnp,7,12,2,2,1.000000
gnp,15,77,3,3,1.000000
gnp,13,12,9,9,1.000000
gnp,12,53,3,3,1.000000
gnp,9,23,3,3,1.000000
gnp,14,71,3,3,1.000000
gnp,8,15,3,3,1.000000
gnp,14,51,5,5,1.000000
gnp,9,32,2,2,1.000000
gnp,12,42,4,4,1.000000
gnp,15,20,8,8,1.000000
gnp,13,24,5,5,1.000000
gnp,15,59,4,4,1.000000
gnp,10,14,4,4,1.000000
gnp,10,18,5,5,1.000000
gnp,13,35,5,5,1.000000
gnp,12,20,6,6,1.000000
gnp,10,31,3,3,1.000000
gnp,13,64,2,2,1.000000
gnp,12,13,7,7,1.000000
gnp,9,11,5,5,1.000000
gnp,15,54,4,4,1.000000
gnp,13,60,3,3,1.000000
gnp,11,32,4,4,1.000000
gnp,13,25,5,5,1.000000
gnp,16,50,5,5,1.000000
gnp,16,105,3,3,1.000000
gnp,12,31,4,4,1.000000
gnp,9,30,2,2,1.000000
gnp,13,54,3,3,1.000000
gnp,6,14,2,2,1.000000
gnp,16,94,4,4,1.000000
gnp,12,15,7,7,1.000000
gnp,11,36,3,3,1.000000
gnp,13,28,6,6,1.000000
gnp,12,37,4,4,1.000000
gnp,9,9,5,5,1.000000
gnp,10,3,8,8,1.000000
gnp,12,41,3,3,1.000000
gnp,8,24,3,3,1.000000
gnp,16,82,4,4,1.000000
gnp,9,11,4,4,1.000000
gnp,16,84,3,3,1.000000
gnp,9,11,5,5,1.000000
gnp,11,40,3,3,1.000000
gnp,7,5,4,4,1.000000
gnp,8,10,4,4,1.000000
gnp,9,14,5,5,1.000000
gnp,9,18,3,3,1.000000
gnp,7,8,4,4,1.000000
gnp,6,10,3,3,1.000000
gnp,11,17,6,6,1.000000
gnp,6,12,2,2,1.000000
gnp,6,1,5,5,1.000000
gnp,13,19,6,6,1.000000
gnp,12,58,2,2,1.000000
gnp,11,28,4,4,1.000000
gnp,12,21,5,5,1.000000
gnp,7,11,3,3,1.000000
gnp,16,70,4,4,1.000000
gnp,13,55,4,4,1.000000
gnp,12,24,4,4,1.000000
gnp,12,10,7,7,1.000000
gnp,8,19,3,3,1.000000
gnp,16,77,4,4,1.000000
gnp,11,23,5,5,1.000000
gnp,12,34,4,4,1.000000
gnp,9,22,3,3,1.000000
gnp,11,18,5,5,1.000000
gnp,15,38,7,7,1.000000
gnp,12,17,6,6,1.000000
gnp,12,5,8,8,1.000000
gnp,13,57,3,3,1.000000
gnp,9,15,4,4,1.000000
gnp,13,31,5,5,1.000000
gnp,15,76,3,3,1.000000
gnp,10,30,3,3,1.000000
gnp,6,1,5,5,1.000000
gnp,9,11,4,4,1.000000
gnp,16,103,3,3,1.000000
gnp,12,54,3,3,1.000000
gnp,8,24,2,2,1.000000
gnp,8,6,5,5,1.000000
gnp,11,47,3,3,1.000000
gnp,12,11,7,7,1.000000
gnp,12,42,3,3,1.000000
gnp,6,14,2,2,1.000000
gnp,11,33,3,3,1.000000
gnp,6,3,4,4,1.000000
gnp,10,14,5,5,1.000000
gnp,13,37,4,4,1.000000
gnp,8,23,2,2,1.000000
gnp,8,20,2,2,1.000000
gnp,16,41,6,6,1.000000
gnp,15,60,4,4,1.000000
gnp,15,35,5,5,1.000000
gnp,16,66,4,4,1.000000
gnp,6,11,3,3,1.000000
gnp,6,7,3,3,1.000000
gnp,8,21,2,2,1.000000
gnp,6,9,3,3,1.000000
gnp,8,16,3,3,1.000000
gnp,13,51,3,3,1.000000
gnp,13,58,4,4,1.000000
gnp,10,27,3,3,1.000000
gnp,13,57,3,3,1.000000
gnp,8,24,2,2,1.000000
gnp,6,4,4,4,1.000000
gnp,8,19,3,3,1.000000
gnp,7,18,2,2,1.000000
gnp,12,51,3,3,1.000000
gnp,10,17,4,4,1.000000
gnp,11,23,4,4,1.000000
gnp,8,15,3,3,1.000000
gnp,13,44,4,4,1.000000
gnp,6,10,2,2,1.000000
gnp,13,16,6,6,1.000000
gnp,11,17,6,6,1.000000
gnp,9,21,4,4,1.000000
gnp,10,21,4,4,1.000000
gnp,6,8,3,3,1.000000
gnp,12,17,5,5,1.000000
gnp,13,50,4,4,1.000000
gnp,12,20,6,6,1.000000
gnp,8,13,4,4,1.000000
gnp,12,24,5,5,1.000000
gnp,14,65,3,3,1.000000
gnp,12,42,4,4,1.000000
gnp,16,83,3,3,1.000000
gnp,7,12,3,3,1.000000
gnp,11,20,5,5,1.000000
gnp,7,9,3,3,1.000000
gnp,6,7,3,3,1.000000
gnp,14,45,5,5,1.000000
gnp,7,13,3,3,1.000000
gnp,12,24,7,7,1.000000
gnp,15,72,3,3,1.000000
gnp,8,16,3,3,1.000000
gnp,7,17,2,2,1.000000
gnp,8,15,3,3,1.000000
gnp,9,31,2,2,1.000000
gnp,7,13,3,3,1.000000
gnp,7,12,3,3,1.000000
gnp,15,63,4,4,1.000000
gnp,14,13,8,8,1.000000
gnp,6,9,3,3,1.000000
gnp,13,9,9,9,1.000000
gnp,13,54,3,3,1.000000
gnp,11,18,6,6,1.000000
gnp,13,55,3,3,1.000000
gnp,13,58,3,3,1.000000
gnp,10,20,4,4,1.000000
gnp,14,55,4,4,1.000000
gnp,15,47,5,5,1.000000
gnp,16,91,3,3,1.000000
gnp,7,12,3,3,1.000000
gnp,7,5,4,4,1.000000
gnp,6,10,2,2,1.000000
gnp,7,10,3,3,1.000000
gnp,6,9,3,3,1.000000
gnp,11,5,8,8,1.000000
gnp,16,42,6,6,1.000000
gnp,8,17,3,3,1.000000
gnp,16,64,5,5,1.000000
gnp,7,1,6,6,1.000000
gnp,15,82,3,3,1.000000
gnp,11,47,2,2,1.000000
gnp,10,32,3,3,1.000000
gnp,16,28,7,7,1.000000
gnp,11,37,3,3,1.000000
gnp,10,19,4,4,1.000000
gnp,11,18,5,5,1.000000
gnp,16,68,4,4,1.000000
gnp,10,12,5,5,1.000000
gnp,7,11,4,4,1.000000
gnp,13,23,6,6,1.000000
gnp,7,16,3,3,1.000000
gnp,9,20,3,3,1.000000
gnp,13,49,3,3,1.000000
gnp,15,62,5,5,1.000000
gnp,12,40,3,3,1.000000
gnp,6,9,2,2,1.000000
gnp,11,27,4,4,1.000000
gnp,13,27,7,7,1.000000
gnp,11,32,4,4,1.000000
gnp,14,46,4,4,1.000000
gnp,10,21,3,3,1.000000
gnp,14,17,9,9,1.000000
gnp,14,42,5,5,1.000000
gnp,6,10,3,3,1.000000
gnp,10,20,4,4,1.000000
gnp,15,58,4,4,1.000000
gnp,9,9,5,5,1.000000
gnp,9,12,4,4,1.000000
gnp,15,20,8,8,1.000000
gnp,7,15,3,3,1.000000
gnp,14,44,4,4,1.000000
gnp,14,23,7,7,1.000000
gnp,14,60,4,4,1.000000
gnp,15,30,8,8,1.000000
gnp,7,9,4,4,1.000000
gnp,7,9,4,4,1.000000
gnp,6,10,3,3,1.000000
gnp,9,21,3,3,1.000000
gnp,6,7,3,3,1.000000
gnp,16,89,3,3,1.000000
gnp,8,10,4,4,1.000000
gnp,16,93,3,3,1.000000
gnp,11,38,3,3,1.000000
gnp,14,66,3,3,1.000000
gnp,14,72,3,3,1.000000
gnp,7,18,2,2,1.000000
gnp,13,66,3,3,1.000000
gnp,15,63,4,4,1.000000
gnp,13,26,5,5,1.000000
gnp,10,11,5,5,1.000000
gnp,13,63,3,3,1.000000
gnp,14,68,3,3,1.000000
gnp,8,9,4,4,1.000000
gnp,7,5,4,4,1.000000
gnp,11,31,3,3,1.000000
gnp,11,33,4,4,1.000000
gnp,12,29,4,4,1.000000
gnp,15,84,3,3,1.000000
gnp,15,88,3,3,1.000000
gnp,13,30,5,5,1.000000
gnp,11,26,4,4,1.000000
gnp,10,39,2,2,1.000000
gnp,10,6,6,6,1.000000
gnp,15,86,3,3,1.000000
gnp,12,53,3,3,1.000000
gnp,11,45,3,3,1.000000
gnp,8,19,3,3,1.000000
gnp,16,99,3,3,1.000000
gnp,10,18,5,5,1.000000
gnp,14,50,4,4,1.000000
gnp,8,19,2,2,1.000000
gnp,10,22,4,4,1.000000
gnp,12,43,3,3,1.000000
gnp,12,14,7,7,1.000000
gnp,11,20,5,5,1.000000
gnp,8,15,3,3,1.000000
gnp,6,13,2,2,1.000000
gnp,6,9,3,3,1.000000
gnp,15,32,7,7,1.000000
gnp,11,46,2,2,1.000000
gnp,12,8,8,8,1.000000
gnp,13,40,4,4,1.000000
gnp,9,12,5,5,1.000000
gnp,13,66,3,3,1.000000
gnp,16,83,4,4,1.000000
gnp,7,12,3,3,1.000000
gnp,10,14,6,6,1.000000
gnp,12,14,7,7,1.000000
gnp,7,2,6,6,1.000000
gnp,9,17,4,4,1.000000
gnp,13,38,4,4,1.000000
gnp,14,71,3,3,1.000000
gnp,12,31,4,4,1.000000
gnp,10,16,5,5,1.000000
gnp,14,30,7,7,1.000000
gnp,11,24,4,4,1.000000
gnp,7,15,2,2,1.000000
gnp,8,14,4,4,1.000000
gnp,11,16,5,5,1.000000
gnp,16,65,5,5,1.000000
gnp,12,35,4,4,1.000000
gnp,15,31,7,7,1.000000
gnp,8,13,4,4,1.000000
gnp,14,70,3,3,1.000000
gnp,6,9,3,3,1.000000
gnp,9,10,5,5,1.000000
gnp,16,28,7,7,1.000000
gnp,7,15,2,2,1.000000
gnp,9,22,3,3,1.000000
gnp,9,26,3,3,1.000000
gnp,14,36,5,5,1.000000
gnp,8,20,3,3,1.000000
gnp,14,42,5,5,1.000000
gnp,14,57,4,4,1.000000
gnp,8,12,4,4,1.000000
gnp,12,54,3,3,1.000000
gnp,8,4,6,6,1.000000
gnp,13,36,4,4,1.000000
gnp,13,68,2,2,1.000000
gnp,12,16,6,6,1.000000
gnp,9,10,5,5,1.000000
gnp,16,84,4,4,1.000000
gnp,9,18,3,3,1.000000
gnp,8,13,3,3,1.000000
gnp,13,33,5,5,1.000000
gnp,6,6,3,3,1.000000
gnp,11,33,4,4,1.000000
gnp,9,6,6,6,1.000000
gnp,13,33,4,4,1.000000
gnp,8,12,4,4,1.000000
gnp,6,7,3,3,1.000000
gnp,10,7,7,7,1.000000
gnp,11,23,5,5,1.000000
gnp,12,40,4,4,1.000000
gnp,15,75,4,4,1.000000
gnp,16,19,8,8,1.000000
gnp,7,11,3,3,1.000000
gnp,11,39,3,3,1.000000
gnp,16,81,4,4,1.000000
gnp,12,50,3,3,1.000000
gnp,9,22,3,3,1.000000
gnp,12,35,4,4,1.000000
gnp,10,26,3,3,1.000000
gnp,16,50,5,5,1.000000
gnp,9,9,5,5,1.000000
gnp,15,71,4,4,1.000000
gnp,10,24,4,4,1.000000
gnp,11,30,4,4,1.000000
gnp,6,2,5,5,1.000000
gnp,8,10,3,3,1.000000
gnp,11,28,4,4,1.000000
gnp,8,16,3,3,1.000000
gnp,13,32,5,5,1.000000
gnp,9,9,6,6,1.000000
gnp,6,8,3,3,1.000000
gnp,15,48,5,5,1.000000
gnp,9,26,3,3,1.000000
gnp,7,13,3,3,1.000000
gnp,8,19,2,2,1.000000
gnp,11,29,3,3,1.000000
gnp,11,46,2,2,1.000000
gnp,6,5,3,3,1.000000
gnp,7,6,4,4,1.000000
gnp,9,18,4,4,1.000000
gnp,11,26,4,4,1.000000
gnp,8,18,3,3,1.000000
gnp,13,17,7,7,1.000000
gnp,7,18,2,2,1.000000
gnp,11,33,3,3,1.000000
gnp,13,48,4,4,1.000000
gnp,11,48,2,2,1.000000
gnp,15,50,4,4,1.000000
gnp,11,12,6,6,1.000000
gnp,11,42,3,3,1.000000
gnp,16,48,6,6,1.000000
gnp,13,23,7,7,1.000000
gnp,10,32,3,3,1.000000
gnp,15,48,4,4,1.000000
gnp,11,11,6,6,1.000000
gnp,8,20,2,2,1.000000
gnp,13,57,4,4,1.000000
gnp,7,6,4,4,1.000000
gnp,7,20,2,2,1.000000
gnp,7,8,5,5,1.000000
gnp,13,32,5,5,1.000000
gnp,11,16,5,5,1.000000
gnp,6,11,2,2,1.000000
gnp,13,42,4,4,1.000000
gnp,13,27,5,5,1.000000
gnp,10,34,2,2,1.000000
gnp,11,33,4,4,1.000000
gnp,8,19,4,4,1.000000
gnp,8,16,3,3,1.000000
gnp,10,11,6,6,1.000000
gnp,15,36,6,6,1.000000
gnp,9,15,4,4,1.000000
gnp,15,40,5,5,1.000000
gnp,7,14,3,3,1.000000
gnp,11,39,3,3,1.000000
gnp,11,28,4,4,1.000000
gnp,15,58,4,4,1.000000
gnp,10,37,3,3,1.000000
gnp,15,82,3,3,1.000000
gnp,8,21,2,2,1.000000
gnp,8,13,4,4,1.000000
gnp,6,6,4,4,1.000000
gnp,7,7,4,4,1.000000
gnp,9,17,3,3,1.000000
gnp,13,21,7,7,1.000000
gnp,15,66,4,4,1.000000
gnp,8,19,2,2,1.000000
gnp,14,52,4,4,1.000000
gnp,13,22,6,6,1.000000
gnp,7,18,3,3,1.000000
gnp,6,10,2,2,1.000000
gnp,9,13,4,4,1.000000
gnp,6,3,4,4,1.000000
gnp,14,12,8,8,1.000000
gnp,14,48,4,4,1.000000
gnp,15,40,6,6,1.000000
gnp,10,30,3,3,1.000000
gnp,9,2,7,7,1.000000
gnp,16,69,4,4,1.000000
gnp,14,29,6,6,1.000000
gnp,9,14,4,4,1.000000
gnp,7,8,5,5,1.000000
gnp,9,21,4,4,1.000000
gnp,13,15,7,7,1.000000
gnp,7,17,2,2,1.000000
gnp,6,12,2,2,1.000000
gnp,14,71,3,3,1.000000
gnp,15,25,6,6,1.000000
gnp,10,12,4,4,1.000000
gnp,7,11,3,3,1.000000
gnp,8,3,6,6,1.000000
gnp,10,33,3,3,1.000000
gnp,15,42,6,6,1.000000
gnp,13,15,7,7,1.000000
gnp,12,30,5,5,1.000000
gnp,13,47,4,4,1.000000
gnp,11,32,3,3,1.000000
gnp,8,10,4,4,1.000000
gnp,9,9,5,5,1.000000
gnp,9,18,3,3,1.000000
gnp,7,9,3,3,1.000000
gnp,11,38,3,3,1.000000
gnp,6,13,2,2,1.000000
gnp,9,7,6,6,1.000000
gnp,13,13,8,8,1.000000
gnp,15,54,5,5,1.000000
gnp,15,81,3,3,1.000000
gnp,12,45,3,3,1.000000
gnp,8,24,2,2,1.000000
gnp,9,26,3,3,1.000000
gnp,6,9,3,3,1.000000
gnp,14,61,4,4,1.000000
gnp,15,51,5,5,1.000000
gnp,10,27,3,3,1.000000
gnp,9,14,4,4,1.000000
gnp,10,18,5,5,1.000000
gnp,12,27,4,4,1.000000
gnp,10,17,5,5,1.000000
gnp,15,80,3,3,1.000000
gnp,9,15,4,4,1.000000
gnp,15,52,4,4,1.000000
gnp,14,65,3,3,1.000000
gnp,14,73,2,2,1.000000
gnp,16,42,6,6,1.000000
gnp,10,21,4,4,1.000000
gnp,9,19,3,3,1.000000
gnp,15,83,3,3,1.000000
gnp,9,28,3,3,1.000000
gnp,9,16,4,4,1.000000
gnp,14,53,4,4,1.000000
gnp,12,51,3,3,1.000000
gnp,8,22,2,2,1.000000
gnp,6,2,5,5,1.000000
gnp,12,17,6,6,1.000000
gnp,14,20,8,8,1.000000
gnp,10,20,4,4,1.000000
gnp,10,5,8,8,1.000000
gnp,13,51,4,4,1.000000
gnp,6,6,3,3,1.000000
gnp,13,25,6,6,1.000000
gnp,15,48,6,6,1.000000
gnp,6,4,4,4,1.000000
gnp,14,27,6,6,1.000000
gnp,7,16,2,2,1.000000
gnp,10,34,3,3,1.000000
gnp,13,20,6,6,1.000000
gnp,10,30,3,3,1.000000
gnp,7,5,4,4,1.000000
gnp,7,7,5,5,1.000000
gnp,6,8,3,3,1.000000
gnp,7,4,5,5,1.000000
gnp,12,46,3,3,1.000000
gnp,11,26,4,4,1.000000
gnp,12,57,2,2,1.000000
gnp,8,23,2,2,1.000000
gnp,12,39,4,4,1.000000
gnp,9,18,3,3,1.000000
gnp,10,33,3,3,1.000000
gnp,10,39,2,2,1.000000
gnp,16,75,4,4,1.000000
gnp,11,45,2,2,1.000000
gnp,16,54,5,5,1.000000
gnp,6,1,5,5,1.000000
gnp,7,7,4,4,1.000000
gnp,16,103,3,3,1.000000
gnp,13,57,3,3,1.000000
gnp,14,27,7,7,1.000000
gnp,10,26,4,4,1.000000
gnp,16,98,3,3,1.000000
gnp,9,21,3,3,1.000000
gnp,14,47,4,4,1.000000
gnp,15,41,5,5,1.000000
gnp,6,12,2,2,1.000000
gnp,10,9,6,6,1.000000
gnp,12,40,4,4,1.000000
gnp,6,11,2,2,1.000000
gnp,9,18,3,3,1.000000
gnp,6,3,4,4,1.000000
gnp,14,42,6,6,1.000000
gnp,13,13,7,7,1.000000
gnp,8,20,3,3,1.000000
gnp,16,63,5,5,1.000000
gnp,10,36,2,2,1.000000
gnp,10,16,5,5,1.000000
gnp,12,27,4,4,1.000000
gnp,8,16,3,3,1.000000
gnp,11,45,3,3,1.000000
gnp,13,28,5,5,1.000000
gnp,6,7,3,3,1.000000
gnp,16,102,3,3,1.000000
gnp,10,18,5,5,1.000000
gnp,11,30,4,4,1.000000
gnp,11,29,4,4,1.000000
gnp,9,19,3,3,1.000000
gnp,12,18,7,7,1.000000
gnp,7,9,3,3,1.000000
gnp,6,2,4,4,1.000000
gnp,13,40,4,4,1.000000
gnp,8,16,3,3,1.000000
gnp,16,77,4,4,1.000000
gnp,12,51,3,3,1.000000
gnp,6,10,2,2,1.000000
gnp,14,34,5,5,1.000000
gnp,8,16,4,4,1.000000
gnp,11,40,3,3,1.000000
gnp,14,29,6,6,1.000000
gnp,13,23,6,6,1.000000
gnp,11,42,2,2,1.000000
gnp,15,94,2,2,1.000000
gnp,16,36,6,6,1.000000
gnp,12,53,3,3,1.000000
gnp,10,23,4,4,1.000000
gnp,7,15,2,2,1.000000
gnp,14,54,4,4,1.000000
gnp,14,68,3,3,1.000000
gnp,6,8,3,3,1.000000
gnp,7,16,2,2,1.000000
gnp,13,52,3,3,1.000000
gnp,7,17,3,3,1.000000
gnp,7,13,3,3,1.000000
gnp,10,14,5,5,1.000000
gnp,7,16,2,2,1.000000
gnp,6,10,2,2,1.000000
gnp,11,40,3,3,1.000000
gnp,10,39,2,2,1.000000
gnp,9,32,2,2,1.000000
gnp,8,11,4,4,1.000000
gnp,10,19,4,4,1.000000
gnp,13,15,7,7,1.000000
gnp,14,50,4,4,1.000000
gnp,16,30,7,7,1.000000
gnp,8,8,5,5,1.000000
gnp,8,7,5,5,1.000000
gnp,14,73,3,3,1.000000
gnp,12,34,4,4,1.000000
gnp,15,42,6,6,1.000000
gnp,12,39,4,4,1.000000
gnp,14,32,6,6,1.000000
gnp,14,77,3,3,1.000000
gnp,13,16,8,8,1.000000
gnp,12,41,4,4,1.000000
gnp,7,18,2,2,1.000000
gnp,6,5,4,4,1.000000
gnp,6,12,2,2,1.000000
gnp,13,9,9,9,1.000000
gnp,13,45,4,4,1.000000
gnp,14,56,4,4,1.000000
gnp,12,42,4,4,1.000000
gnp,8,4,6,6,1.000000
gnp,15,91,2,2,1.000000
gnp,10,24,4,4,1.000000
gnp,16,83,4,4,1.000000
gnp,13,56,4,4,1.000000
gnp,12,52,3,3,1.000000
gnp,15,45,5,5,1.000000
gnp,13,59,3,3,1.000000
gnp,11,22,4,4,1.000000
gnp,8,11,4,4,1.000000
gnp,11,33,4,4,1.000000
gnp,15,59,4,4,1.000000
gnp,13,63,3,3,1.000000
gnp,13,36,5,5,1.000000
gnp,6,10,3,3,1.000000
gnp,9,9,6,6,1.000000
gnp,8,7,6,6,1.000000
gnp,8,11,4,4,1.000000
gnp,6,2,5,5,1.000000
gnp,16,97,3,3,1.000000
gnp,11,14,5,5,1.000000
gnp,13,20,6,6,1.000000
gnp,15,89,3,3,1.000000
gnp,13,52,4,4,1.000000
gnp,6,9,3,3,1.000000
gnp,11,7,7,7,1.000000
gnp,8,18,3,3,1.000000
gnp,13,36,5,5,1.000000
gnp,11,11,7,7,1.000000
gnp,14,31,6,6,1.000000
gnp,6,10,3,3,1.000000
gnp,9,15,4,4,1.000000
gnp,15,87,2,2,1.000000
gnp,8,17,3,3,1.000000
gnp,9,30,3,3,1.000000
gnp,8,15,4,4,1.000000
gnp,12,14,6,6,1.000000
gnp,13,16,7,7,1.000000
gnp,13,44,5,5,1.000000
gnp,11,36,4,4,1.000000
gnp,7,3,5,5,1.000000
gnp,13,53,3,3,1.000000
gnp,6,8,3,3,1.000000
gnp,8,13,4,4,1.000000
gnp,6,4,3,3,1.000000
gnp,6,3,4,4,1.000000
gnp,9,31,3,3,1.000000
gnp,16,27,8,8,1.000000
gnp,14,37,5,5,1.000000
gnp,16,80,5,5,1.000000
gnp,8,8,5,5,1.000000
gnp,14,53,4,4,1.000000
gnp,10,16,4,4,1.000000
gnp,7,12,3,3,1.000000
gnp,16,69,4,4,1.000000
gnp,12,32,4,4,1.000000
gnp,14,16,7,7,1.000000
gnp,10,26,3,3,1.000000
gnp,10,12,5,5,1.000000
gnp,7,10,3,3,1.000000
gnp,13,50,3,3,1.000000
gnp,12,20,6,6,1.000000
gnp,9,27,2,2,1.000000
gnp,9,26,3,3,1.000000
gnp,14,44,5,5,1.000000
gnp,10,38,2,2,1.000000
gnp,14,78,3,3,1.000000
gnp,16,77,4,4,1.000000
gnp,9,21,3,3,1.000000
gnp,16,80,3,3,1.000000
gnp,16,35,7,7,1.000000
gnp,6,3,4,4,1.000000
gnp,15,54,4,4,1.000000
gnp,11,41,3,3,1.000000
gnp,16,73,4,4,1.000000
gnp,8,8,5,5,1.000000
gnp,12,34,4,4,1.000000
gnp,16,62,5,5,1.000000
gnp,12,40,4,4,1.000000
gnp,10,18,4,4,1.000000
gnp,7,15,3,3,1.000000
gnp,9,7,6,6,1.000000
gnp,15,27,7,7,1.000000
gnp,9,23,3,3,1.000000
gnp,10,12,5,5,1.000000
gnp,12,16,6,6,1.000000
gnp,11,24,5,5,1.000000
gnp,9,27,3,3,1.000000
gnp,10,12,6,6,1.000000
gnp,9,24,3,3,1.000000
gnp,15,48,4,4,1.000000
gnp,6,4,4,4,1.000000
gnp,11,42,3,3,1.000000
gnp,12,25,4,4,1.000000
gnp,9,10,5,5,1.000000
gnp,14,49,4,4,1.000000
gnp,6,6,3,3,1.000000
gnp,6,11,2,2,1.000000
gnp,9,16,5,5,1.000000
gnp,9,19,3,3,1.000000
gnp,11,38,3,3,1.000000
gnp,9,25,2,2,1.000000
gnp,8,22,2,2,1.000000
gnp,10,37,3,3,1.000000
gnp,10,24,4,4,1.000000
gnp,12,40,3,3,1.000000
gnp,7,12,3,3,1.000000
gnp,15,16,8,8,1.000000
gnp,12,42,3,3,1.000000
gnp,13,25,6,6,1.000000
gnp,12,29,5,5,1.000000
gnp,14,71,3,3,1.000000
gnp,16,64,5,5,1.000000
gnp,15,37,5,5,1.000000
gnp,7,10,4,4,1.000000
gnp,6,10,2,2,1.000000
gnp,15,28,7,7,1.000000
gnp,12,29,4,4,1.000000
gnp,16,97,3,3,1.000000
gnp,6,4,5,5,1.000000
gnp,9,24,3,3,1.000000
gnp,12,56,3,3,1.000000
gnp,10,33,3,3,1.000000
gnp,9,24,3,3,1.000000
gnp,11,9,7,7,1.000000
gnp,16,51,5,5,1.000000
gnp,11,44,3,3,1.000000
gnp,14,23,6,6,1.000000
gnp,13,40,4,4,1.000000
gnp,13,28,5,5,1.000000
gnp,11,9,8,8,1.000000
gnp,14,34,6,6,1.000000
gnp,14,15,8,8,1.000000
gnp,11,7,6,6,1.000000
gnp,6,6,3,3,1.000000
gnp,10,15,4,4,1.000000
gnp,10,36,3,3,1.000000
gnp,9,10,5,5,1.000000
gnp,15,39,5,5,1.000000
gnp,8,21,3,3,1.000000
gnp,12,15,7,7,1.000000
gnp,14,46,4,4,1.000000
gnp,14,44,5,5,1.000000
gnp,11,39,3,3,1.000000
gnp,15,41,5,5,1.000000
gnp,6,12,2,2,1.000000
gnp,9,19,4,4,1.000000
gnp,13,24,6,6,1.000000
gnp,15,26,6,6,1.000000
gnp,12,10,6,6,1.000000
gnp,7,15,3,3,1.000000
gnp,9,31,2,2,1.000000
gnp,11,44,2,2,1.000000
gnp,14,50,4,4,1.000000
gnp,16,57,5,5,1.000000
gnp,6,11,2,2,1.000000
gnp,7,9,4,4,1.000000
gnp,9,6,6,6,1.000000
gnp,14,45,6,6,1.000000
gnp,6,3,4,4,1.000000
gnp,14,41,5,5,1.000000
gnp,6,3,4,4,1.000000
gnp,13,15,6,6,1.000000
gnp,7,18,2,2,1.000000
gnp,7,6,4,4,1.000000
gnp,11,43,3,3,1.000000
gnp,14,22,8,8,1.000000
gnp,14,22,6,6,1.000000
gnp,15,29,8,8,1.000000
gnp,9,32,2,2,1.000000
gnp,6,12,2,2,1.000000
gnp,7,12,3,3,1.000000
gnp,15,48,5,5,1.000000
gnp,7,9,3,3,1.000000
gnp,7,10,3,3,1.000000
gnp,16,45,6,6,1.000000
gnp,15,83,3,3,1.000000
gnp,14,69,3,3,1.000000
gnp,6,7,3,3,1.000000
gnp,15,48,4,4,1.000000
gnp,15,26,7,7,1.000000
gnp,7,13,2,2,1.000000
gnp,15,43,6,6,1.000000
gnp,6,8,3,3,1.000000
gnp,6,7,4,4,1.000000
gnp,13,56,3,3,1.000000
gnp,13,28,6,6,1.000000
gnp,12,16,6,6,1.000000
gnp,10,22,3,3,1.000000
gnp,12,13,6,6,1.000000
gnp,12,39,4,4,1.000000
gnp,6,9,2,2,1.000000
gnp,12,33,4,4,1.000000
gnp,7,10,3,3,1.000000
gnp,16,23,9,9,1.000000
gnp,7,12,3,3,1.000000
gnp,16,31,7,7,1.000000
gnp,7,16,2,2,1.000000
gnp,16,73,4,4,1.000000
gnp,16,76,4,4,1.000000
gnp,9,7,6,6,1.000000
gnp,11,28,4,4,1.000000
gnp,15,75,4,4,1.000000
gnp,6,10,3,3,1.000000
gnp,9,10,4,4,1.000000
gnp,16,43,5,5,1.000000
gnp,14,63,3,3,1.000000
gnp,6,11,2,2,1.000000
gnp,16,21,8,8,1.000000
gnp,14,20,7,7,1.000000
gnp,11,8,7,7,1.000000
gnp,7,4,5,5,1.000000
gnp,9,23,3,3,1.000000
gnp,14,20,6,6,1.000000
gnp,7,14,3,3,1.000000
gnp,10,13,5,5,1.000000
gnp,6,11,2,2,1.000000
gnp,15,55,5,5,1.000000
gnp,10,8,7,7,1.000000
gnp,10,24,4,4,1.000000
gnp,10,13,5,5,1.000000
gnp,6,12,2,2,1.000000
gnp,15,66,5,5,1.000000
gnp,14,16,7,7,1.000000
gnp,13,22,6,6,1.000000
gnp,12,41,4,4,1.000000
gnp,16,70,5,5,1.000000
gnp,15,65,4,4,1.000000
gnp,10,13,5,5,1.000000
gnp,7,8,4,4,1.000000
gnp,10,23,3,3,1.000000
gnp,16,53,6,6,1.000000
gnp,8,7,5,5,1.000000
gnp,16,82,3,3,1.000000
gnp,13,30,5,5,1.000000
gnp,15,21,8,8,1.000000
gnp,9,1,8,8,1.000000
gnp,10,23,4,4,1.000000
gnp,7,12,3,3,1.000000
gnp,16,73,4,4,1.000000
gnp,15,88,3,3,1.000000
gnp,16,50,6,6,1.000000
gnp,12,9,7,7,1.000000
gnp,12,17,5,5,1.000000
gnp,12,15,6,6,1.000000
gnp,10,27,3,3,1.000000
gnp,10,35,2,2,1.000000
gnp,14,48,4,4,1.000000
gnp,13,53,3,3,1.000000
gnp,12,21,5,5,1.000000
gnp,13,49,3,3,1.000000
gnp,6,2,4,4,1.000000
gnp,13,73,2,2,1.000000
gnp,7,16,2,2,1.000000
gnp,11,18,6,6,1.000000
gnp,9,15,4,4,1.000000
gnp,12,46,4,4,1.000000
gnp,14,33,6,6,1.000000
gnp,15,43,5,5,1.000000
gnp,13,24,7,7,1.000000
gnp,6,7,3,3,1.000000
gnp,6,10,3,3,1.000000
gnp,11,21,4,4,1.000000
gnp,9,23,3,3,1.000000
gnp,11,41,3,3,1.000000
gnp,11,26,4,4,1.000000
gnp,10,31,3,3,1.000000
gnp,8,9,5,5,1.000000
gnp,6,8,3,3,1.000000
gnp,15,36,6,6,1.000000
gnp,9,24,3,3,1.000000
gnp,16,83,4,4,1.000000
gnp,6,11,2,2,1.000000
gnp,14,37,5,5,1.000000
gnp,16,91,3,3,1.000000
gnp,13,43,4,4,1.000000
gnp,10,11,5,5,1.000000
gnp,7,17,2,2,1.000000
gnp,14,23,7,7,1.000000
gnp,9,21,3,3,1.000000
gnp,14,24,7,7,1.000000
gnp,6,10,2,2,1.000000
gnp,8,21,3,3,1.000000
gnp,12,28,5,5,1.000000
gnp,14,63,3,3,1.000000
gnp,9,24,3,3,1.000000
gnp,14,39,5,5,1.000000
gnp,11,43,3,3,1.000000
gnp,9,24,3,3,1.000000
gnp,14,51,4,4,1.000000
gnp,9,25,3,3,1.000000
gnp,16,30,8,8,1.000000
gnp,10,27,3,3,1.000000
gnp,16,44,7,7,1.000000
gnp,7,1,6,6,1.000000
gnp,14,52,4,4,1.000000
gnp,14,12,8,8,1.000000
gnp,9,16,4,4,1.000000
gnp,9,21,4,4,1.000000
gnp,14,81,2,2,1.000000
gnp,6,13,2,2,1.000000
gnp,12,28,5,5,1.000000
gnp,12,32,5,5,1.000000
gnp,14,54,5,5,1.000000
gnp,10,22,4,4,1.000000
gnp,7,16,2,2,1.000000
gnp,6,11,2,2,1.000000
gnp,9,8,5,5,1.000000
gnp,12,33,4,4,1.000000
gnp,7,9,4,4,1.000000
gnp,12,19,5,5,1.000000
gnp,13,58,3,3,1.000000
gnp,10,34,3,3,1.000000
gnp,9,3,7,7,1.000000
gnp,6,10,3,3,1.000000
gnp,10,29,3,3,1.000000
gnp,8,15,3,3,1.000000
gnp,10,17,5,5,1.000000
gnp,10,15,6,6,1.000000
gnp,9,6,6,6,1.000000
gnp,7,20,2,2,1.000000
gnp,9,12,4,4,1.000000
gnp,10,29,3,3,1.000000
gnp,8,16,3,3,1.000000
gnp,6,0,6,6,1.000000
gnp,9,29,2,2,1.000000
gnp,9,12,4,4,1.000000
gnp,11,43,3,3,1.000000
gnp,14,59,4,4,1.000000
gnp,14,51,4,4,1.000000
gnp,13,33,5,5,1.000000
gnp,8,6,5,5,1.000000
gnp,13,44,4,4,1.000000
gnp,13,50,3,3,1.000000
gnp,14,17,7,7,1.000000
gnp,15,80,3,3,1.000000
gnp,9,7,6,6,1.000000
gnp,8,9,4,4,1.000000
gnp,10,28,3,3,1.000000
gnp,6,11,2,2,1.000000
gnp,16,29,7,7,1.000000
gnp,14,27,6,6,1.000000
gnp,14,37,5,5,1.000000
gnp,13,52,4,4,1.000000
gnp,10,9,7,7,1.000000
gnp,9,13,4,4,1.000000
gnp,11,23,4,4,1.000000
gnp,16,99,2,2,1.000000
gnp,8,6,5,5,1.000000
gnp,7,19,2,2,1.000000
gnp,16,68,4,4,1.000000
gnp,7,10,3,3,1.000000
gnp,14,41,5,5,1.000000
gnp,13,43,4,4,1.000000
gnp,13,21,6,6,1.000000
gnp,9,23,4,4,1.000000
gnp,6,13,2,2,1.000000
gnp,16,61,4,4,1.000000
gnp,15,22,8,8,1.000000
gnp,12,31,5,5,1.000000
gnp,6,13,2,2,1.000000
gnp,9,8,6,6,1.000000
gnp,10,26,4,4,1.000000
gnp,9,29,2,2,1.000000
gnp,15,86,4,4,1.000000
gnp,7,17,2,2,1.000000
gnp,12,23,5,5,1.000000
gnp,10,9,7,7,1.000000
gnp,12,41,4,4,1.000000
gnp,14,48,4,4,1.000000
gnp,6,2,5,5,1.000000
gnp,12,25,6,6,1.000000
gnp,7,17,2,2,1.000000
gnp,15,41,5,5,1.000000
gnp,14,69,4,4,1.000000
gnp,15,86,3,3,1.000000
gnp,7,13,3,3,1.000000
gnp,15,69,4,4,1.000000
gnp,9,27,3,3,1.000000
gnp,9,30,2,2,1.000000
gnp,11,24,4,4,1.000000
gnp,13,29,5,5,1.000000
gnp,14,45,5,5,1.000000
gnp,11,30,3,3,1.000000
gnp,14,37,5,5,1.000000
gnp,10,13,4,4,1.000000
gnp,15,23,7,7,1.000000
gnp,9,24,3,3,1.000000
gnp,14,58,4,4,1.000000
gnp,8,8,4,4,1.000000
gnp,8,4,6,6,1.000000
gnp,16,82,3,3,1.000000
gnp,7,8,4,4,1.000000
gnp,6,3,5,5,1.000000
gnp,9,15,4,4,1.000000
gnp,10,23,4,4,1.000000
gnp,10,20,4,4,1.000000
gnp,12,52,3,3,1.000000
gnp,15,24,7,7,1.000000
gnp,10,39,2,2,1.000000
gnp,7,3,5,5,1.000000
gnp,7,15,2,2,1.000000
gnp,10,33,3,3,1.000000
gnp,10,28,3,3,1.000000
gnp,11,44,3,3,1.000000
gnp,9,21,3,3,1.000000
gnp,12,35,4,4,1.000000
gnp,13,49,4,4,1.000000
gnp,13,22,7,7,1.000000
gnp,15,63,4,4,1.000000
gnp,6,11,3,3,1.000000
gnp,13,23,5,5,1.000000
gnp,9,22,3,3,1.000000
gnp,11,26,5,5,1.000000
gnp,15,66,4,4,1.000000
gnp,10,33,3,3,1.000000
gnp,7,9,4,4,1.000000
gnp,11,42,2,2,1.000000
gnp,15,26,7,7,1.000000
gnp,13,9,8,8,1.000000
gnp,16,43,6,6,1.000000
gnp,13,47,4,4,1.000000
gnp,16,83,4,4,1.000000
gnp,6,13,2,2,1.000000
gnp,14,30,5,5,1.000000
gnp,7,6,4,4,1.000000
gnp,16,63,4,4,1.000000
gnp,11,26,5,5,1.000000
gnp,15,42,5,5,1.000000
gnp,9,30,2,2,1.000000
gnp,10,22,4,4,1.000000
gnp,6,8,3,3,1.000000
gnp,8,14,3,3,1.000000
gnp,16,50,5,5,1.000000
gnp,15,39,5,5,1.000000
gnp,11,22,4,4,1.000000
gnp,12,42,3,3,1.000000
gnp,13,62,2,2,1.000000
gnp,11,39,3,3,1.000000
gnp,10,36,3,3,1.000000
gnp,11,37,3,3,1.000000
gnp,10,6,6,6,1.000000
gnp,9,19,3,3,1.000000
gnp,15,60,5,5,1.000000
gnp,16,77,4,4,1.000000
gnp,11,44,3,3,1.000000
gnp,11,43,3,3,1.000000
gnp,13,54,4,4,1.000000
gnp,10,22,4,4,1.000000
gnp,13,42,4,4,1.000000
gnp,9,21,3,3,1.000000
gnp,14,31,6,6,1.000000
gnp,15,30,6,6,1.000000
gnp,9,19,4,4,1.000000
gnp,10,41,3,3,1.000000
gnp,10,32,3,3,1.000000
gnp,13,22,7,7,1.000000
gnp,6,13,2,2,1.000000
gnp,7,10,4,4,1.000000
gnp,9,12,4,4,1.000000
gnp,6,3,4,4,1.000000
gnp,8,8,4,4,1.000000
gnp,14,37,6,6,1.000000
gnp,9,7,6,6,1.000000
gnp,12,31,4,4,1.000000
gnp,10,28,3,3,1.000000
gnp,12,49,3,3,1.000000
gnp,9,29,3,3,1.000000
gnp,13,24,6,6,1.000000
gnp,10,7,6,6,1.000000
gnp,6,13,2,2,1.000000
gnp,7,5,5,5,1.000000
gnp,6,1,5,5,1.000000
gnp,12,17,7,7,1.000000
gnp,16,95,2,2,1.000000
gnp,7,11,3,3,1.000000
gnp,15,85,3,3,1.000000
gnp,15,62,4,4,1.000000
gnp,14,28,6,6,1.000000
gnp,6,4,4,4,1.000000
gnp,10,12,5,5,1.000000
gnp,13,55,3,3,1.000000
gnp,10,34,3,3,1.000000
gnp,14,53,4,4,1.000000
gnp,6,11,2,2,1.000000
gnp,16,76,4,4,1.000000
gnp,12,13,7,7,1.000000
gnp,6,11,3,3,1.000000
gnp,11,22,5,5,1.000000
gnp,6,4,4,4,1.000000
gnp,8,19,3,3,1.000000
gnp,12,56,3,3,1.000000
gnp,15,20,8,8,1.000000
gnp,13,37,4,4,1.000000
gnp,15,61,4,4,1.000000
gnp,16,29,8,8,1.000000
gnp,9,21,3,3,1.000000
gnp,6,4,3,3,1.000000
gnp,13,42,4,4,1.000000
gnp,16,85,3,3,1.000000
gnp,16,46,6,6,1.000000
gnp,12,19,6,6,1.000000
gnp,6,15,1,1,1.000000
gnp,14,63,4,4,1.000000
gnp,13,38,5,5,1.000000
gnp,14,72,3,3,1.000000
gnp,9,10,5,5,1.000000
gnp,13,21,6,6,1.000000
gnp,16,35,7,7,1.000000
gnp,10,32,3,3,1.000000
gnp,13,19,7,7,1.000000
gnp,15,16,8,8,1.000000
gnp,13,41,4,4,1.000000
gnp,16,92,3,3,1.000000
gnp,9,27,3,3,1.000000
gnp,12,32,4,4,1.000000
gnp,15,59,4,4,1.000000
gnp,10,37,2,2,1.000000
gnp,14,57,4,4,1.000000
gnp,15,39,5,5,1.000000
gnp,8,23,2,2,1.000000
gnp,13,46,5,5,1.000000
gnp,12,11,8,8,1.000000
gnp,8,10,4,4,1.000000
gnp,7,15,3,3,1.000000
gnp,9,27,3,3,1.000000
gnp,8,14,3,3,1.000000
gnp,12,19,6,6,1.000000
gnp,15,83,3,3,1.000000
gnp,9,13,5,5,1.000000
gnp,11,25,4,4,1.000000
gnp,9,3,7,7,1.000000
gnp,11,17,5,5,1.000000
gnp,8,18,3,3,1.000000
gnp,8,8,6,6,1.000000
gnp,16,67,5,5,1.000000
gnp,7,10,3,3,1.000000
gnp,6,1,5,5,1.000000
gnp,9,8,6,6,1.000000
gnp,6,10,3,3,1.000000
gnp,14,25,5,5,1.000000
gnp,10,25,3,3,1.000000
gnp,6,8,3,3,1.000000
gnp,11,22,5,5,1.000000
gnp,13,23,7,7,1.000000
gnp,13,54,4,4,1.000000
gnp,15,38,6,6,1.000000
gnp,15,82,3,3,1.000000
gnp,10,31,3,3,1.000000
gnp,16,70,3,3,1.000000
gnp,14,67,3,3,1.000000
gnp,7,14,3,3,1.000000
gnp,8,21,3,3,1.000000
gnp,14,71,3,3,1.000000
gnp,10,30,3,3,1.000000
gnp,7,12,3,3,1.000000
gnp,11,23,5,5,1.000000
gnp,16,56,6,6,1.000000
gnp,11,39,3,3,1.000000
gnp,9,11,5,5,1.000000
gnp,15,55,4,4,1.000000
gnp,10,13,5,5,1.000000
gnp,12,15,6,6,1.000000
gnp,6,12,2,2,1.000000
gnp,14,52,4,4,1.000000
gnp,11,39,3,3,1.000000
gnp,16,48,6,6,1.000000
gnp,10,11,6,6,1.000000
gnp,6,10,3,3,1.000000
gnp,15,92,2,2,1.000000
gnp,11,29,4,4,1.000000
gnp,11,45,2,2,1.000000
gnp,6,4,4,4,1.000000
gnp,16,28,7,7,1.000000
gnp,11,25,4,4,1.000000
gnp,16,65,5,5,1.000000
gnp,10,21,4,4,1.000000
gnp,11,20,5,5,1.000000
gnp,8,9,4,4,1.000000
gnp,8,22,2,2,1.000000
gnp,13,43,4,4,1.000000
gnp,6,9,3,3,1.000000
gnp,11,45,3,3,1.000000
gnp,14,76,3,3,1.000000
gnp,13,66,2,2,1.000000
gnp,12,29,5,5,1.000000
gnp,16,69,4,4,1.000000
gnp,16,89,3,3,1.000000
gnp,8,12,4,4,1.000000
gnp,11,38,3,3,1.000000
gnp,13,38,6,6,1.000000
gnp,15,70,4,4,1.000000
gnp,12,26,4,4,1.000000
gnp,8,13,4,4,1.000000
gnp,12,28,5,5,1.000000
gnp,10,34,3,3,1.000000
gnp,16,29,8,8,1.000000
gnp,13,61,3,3,1.000000
gnp,6,6,3,3,1.000000
gnp,11,30,3,3,1.000000
gnp,11,23,5,5,1.000000
gnp,11,49,2,2,1.000000
gnp,7,5,4,4,1.000000
gnp,9,16,4,4,1.000000
gnp,12,36,3,3,1.000000
gnp,14,65,3,3,1.000000
gnp,6,5,4,4,1.000000
gnp,6,10,2,2,1.000000
gnp,10,16,5,5,1.000000
gnp,7,4,5,5,1.000000
gnp,16,66,4,4,1.000000
gnp,8,9,4,4,1.000000
gnp,15,36,6,6,1.000000
gnp,14,36,5,5,1.000000
gnp,15,55,5,5,1.000000
gnp,7,13,3,3,1.000000
gnp,6,9,3,3,1.000000
gnp,16,70,4,4,1.000000
gnp,6,4,4,4,1.000000
gnp,15,25,8,8,1.000000
gnp,11,43,3,3,1.000000
gnp,6,2,4,4,1.000000
gnp,6,5,3,3,1.000000
gnp,16,72,4,4,1.000000
gnp,9,23,3,3,1.000000
gnp,9,17,4,4,1.000000
gnp,8,24,2,2,1.000000
gnp,14,47,4,4,1.000000
gnp,14,20,7,7,1.000000
gnp,14,45,5,5,1.000000
gnp,14,36,6,6,1.000000
gnp,14,18,8,8,1.000000
gnp,13,33,4,4,1.000000
gnp,10,35,2,2,1.000000
gnp,6,10,2,2,1.000000
gnp,14,60,4,4,1.000000
gnp,10,9,6,6,1.000000
gnp,12,29,5,5,1.000000
gnp,8,20,3,3,1.000000
gnp,10,14,5,5,1.000000
gnp,10,22,4,4,1.000000
gnp,16,85,3,3,1.000000
gnp,15,74,4,4,1.000000
gnp,9,21,3,3,1.000000
gnp,14,16,7,7,1.000000
gnp,13,53,3,3,1.000000
gnp,10,26,4,4,1.000000
gnp,10,16,5,5,1.000000
gnp,16,27,8,8,1.000000
gnp,12,47,3,3,1.000000
gnp,15,62,4,4,1.000000
gnp,9,8,5,5,1.000000
gnp,11,41,3,3,1.000000
gnp,10,35,3,3,1.000000
gnp,15,39,6,6,1.000000
gnp,16,45,6,6,1.000000
gnp,14,75,3,3,1.000000
gnp,10,36,3,3,1.000000
gnp,12,29,4,4,1.000000
gnp,7,18,2,2,1.000000
gnp,8,19,3,3,1.000000
gnp,9,26,3,3,1.000000
gnp,10,18,5,5,1.000000
gnp,8,11,4,4,1.000000
gnp,9,21,3,3,1.000000
gnp,13,54,3,3,1.000000
gnp,6,13,2,2,1.000000
gnp,9,17,4,4,1.000000
gnp,10,29,3,3,1.000000
gnp,13,39,4,4,1.000000
gnp,10,37,2,2,1.000000
gnp,15,46,5,5,1.000000
gnp,16,70,4,4,1.000000
gnp,16,87,3,3,1.000000
gnp,13,41,5,5,1.000000
gnp,6,14,2,2,1.000000
gnp,7,12,3,3,1.000000
gnp,12,35,4,4,1.000000
gnp,16,49,6,6,1.000000
gnp,15,44,6,6,1.000000
gnp,9,8,5,5,1.000000
gnp,11,24,4,4,1.000000
gnp,12,22,5,5,1.000000
gnp,10,9,5,5,1.000000
gnp,10,7,7,7,1.000000
gnp,13,26,6,6,1.000000
gnp,11,14,6,6,1.000000
gnp,11,9,7,7,1.000000
gnp,15,86,3,3,1.000000
gnp,16,101,3,3,1.000000
gnp,11,23,4,4,1.000000
gnp,9,6,6,6,1.000000
gnp,6,6,3,3,1.000000
gnp,9,28,3,3,1.000000
gnp,15,49,6,6,1.000000
gnp,12,35,4,4,1.000000
gnp,8,21,3,3,1.000000
gnp,10,10,5,5,1.000000
gnp,14,19,7,7,1.000000
gnp,6,13,2,2,1.000000
gnp,13,12,8,8,1.000000
gnp,8,10,4,4,1.000000
gnp,14,31,5,5,1.000000
gnp,16,88,4,4,1.000000
gnp,15,71,4,4,1.000000
gnp,11,38,3,3,1.000000
gnp,11,42,3,3,1.000000
gnp,6,9,3,3,1.000000
gnp,15,63,4,4,1.000000
gnp,7,11,3,3,1.000000
gnp,11,47,2,2,1.000000
gnp,6,6,4,4,1.000000
gnp,16,58,5,5,1.000000
gnp,7,6,4,4,1.000000
gnp,7,5,5,5,1.000000
gnp,8,8,5,5,1.000000
gnp,10,15,5,5,1.000000
gnp,13,19,6,6,1.000000
gnp,9,27,2,2,1.000000
gnp,6,5,4,4,1.000000
gnp,15,28,7,7,1.000000
gnp,9,23,4,4,1.000000
gnp,12,24,5,5,1.000000
gnp,12,51,3,3,1.000000
gnp,9,5,6,6,1.000000
gnp,12,55,2,2,1.000000
gnp,14,18,7,7,1.000000
gnp,10,19,4,4,1.000000
gnp,11,15,6,6,1.000000
gnp,8,21,3,3,1.000000
gnp,12,42,4,4,1.000000
gnp,6,4,4,4,1.000000
gnp,7,2,6,6,1.000000
gnp,16,98,2,2,1.000000
gnp,6,10,3,3,1.000000
gnp,11,28,3,3,1.000000
gnp,7,18,2,2,1.000000
gnp,14,23,7,7,1.000000
gnp,13,57,3,3,1.000000
gnp,8,23,2,2,1.000000
gnp,9,18,4,4,1.000000
gnp,9,8,5,5,1.000000
gnp,10,25,3,3,1.000000
gnp,7,15,3,3,1.000000
gnp,11,32,4,4,1.000000
gnp,13,40,6,6,1.000000
gnp,8,17,3,3,1.000000
gnp,6,4,4,4,1.000000
gnp,12,35,4,4,1.000000
gnp,14,60,4,4,1.000000
gnp,7,7,4,4,1.000000
gnp,6,5,3,3,1.000000
gnp,11,37,3,3,1.000000
gnp,11,9,6,6,1.000000
gnp,9,6,5,5,1.000000
gnp,9,6,6,6,1.000000
gnp,9,29,2,2,1.000000
gnp,11,26,4,4,1.000000
gnp,10,16,5,5,1.000000
gnp,6,7,3,3,1.000000
gnp,7,8,3,3,1.000000
gnp,9,13,5,5,1.000000
gnp,6,11,2,2,1.000000
gnp,7,14,2,2,1.000000
gnp,10,28,3,3,1.000000
gnp,8,11,4,4,1.000000
gnp,14,62,4,4,1.000000
gnp,9,31,2,2,1.000000
gnp,7,8,3,3,1.000000
gnp,12,35,4,4,1.000000
gnp,12,43,3,3,1.000000
gnp,6,9,2,2,1.000000
gnp,13,65,3,3,1.000000
gnp,15,40,6,6,1.000000
gnp,6,9,3,3,1.000000
gnp,15,20,8,8,1.000000
gnp,15,75,4,4,1.000000
gnp,9,25,3,3,1.000000
gnp,13,40,4,4,1.000000
gnp,10,28,4,4,1.000000
gnp,14,54,4,4,1.000000
gnp,10,7,7,7,1.000000
gnp,16,43,6,6,1.000000
gnp,8,22,2,2,1.000000
gnp,15,25,6,6,1.000000
gnp,13,13,8,8,1.000000
gnp,12,47,3,3,1.000000
gnp,15,38,6,6,1.000000
gnp,6,9,2,2,1.000000
gnp,12,16,7,7,1.000000
gnp,13,16,6,6,1.000000
gnp,12,10,7,7,1.000000
gnp,16,73,4,4,1.000000
gnp,7,12,3,3,1.000000
gnp,7,6,4,4,1.000000
gnp,12,47,3,3,1.000000
gnp,15,42,6,6,1.000000
gnp,14,22,7,7,1.000000
gnp,6,1,5,5,1.000000
gnp,8,18,3,3,1.000000
gnp,16,31,9,9,1.000000
gnp,11,38,3,3,1.000000
gnp,13,58,4,4,1.000000
gnp,6,2,5,5,1.000000
gnp,8,15,3,3,1.000000
gnp,7,4,5,5,1.000000
gnp,12,37,4,4,1.000000
gnp,10,23,4,4,1.000000
gnp,13,21,6,6,1.000000
gnp,15,34,6,6,1.000000
gnp,15,77,3,3,1.000000
gnp,6,3,4,4,1.000000
gnp,9,15,4,4,1.000000
gnp,15,85,3,3,1.000000
gnp,10,30,3,3,1.000000
gnp,11,9,7,7,1.000000
gnp,11,14,6,6,1.000000
gnp,10,33,3,3,1.000000
gnp,16,56,6,6,1.000000
gnp,14,18,8,8,1.000000
gnp,7,8,3,3,1.000000
gnp,10,24,3,3,1.000000
gnp,13,34,4,4,1.000000
gnp,11,41,3,3,1.000000
gnp,16,64,4,4,1.000000
gnp,14,32,6,6,1.000000
gnp,15,55,4,4,1.000000
gnp,7,5,5,5,1.000000
gnp,6,11,2,2,1.000000
gnp,6,8,3,3,1.000000
gnp,12,40,3,3,1.000000
gnp,8,7,5,5,1.000000
gnp,7,11,3,3,1.000000
gnp,15,61,4,4,1.000000
gnp,11,17,5,5,1.000000
gnp,9,21,3,3,1.000000
gnp,14,46,5,5,1.000000
gnp,6,7,3,3,1.000000
gnp,14,27,6,6,1.000000
gnp,11,19,5,5,1.000000
gnp,11,12,6,6,1.000000
gnp,6,1,5,5,1.000000
gnp,14,73,3,3,1.000000
gnp,13,40,4,4,1.000000
gnp,8,15,4,4,1.000000
gnp,15,80,4,4,1.000000
gnp,10,34,3,3,1.000000
gnp,13,25,6,6,1.000000
gnp,8,6,5,5,1.000000
gnp,7,14,3,3,1.000000
gnp,14,35,5,5,1.000000
gnp,9,22,3,3,1.000000
gnp,16,82,4,4,1.000000
gnp,11,49,2,2,1.000000
gnp,11,26,4,4,1.000000
gnp,16,57,6,6,1.000000
gnp,15,22,8,8,1.000000
gnp,9,6,6,6,1.000000
gnp,16,39,6,6,1.000000
gnp,16,46,6,6,1.000000
gnp,9,17,4,4,1.000000
gnp,7,13,3,3,1.000000
gnp,11,9,7,7,1.000000
gnp,13,14,7,7,1.000000
gnp,14,16,8,8,1.000000
gnp,12,41,4,4,1.000000
gnp,13,49,3,3,1.000000
gnp,8,19,3,3,1.000000
gnp,9,7,5,5,1.000000
gnp,12,45,3,3,1.000000
gnp,6,11,3,3,1.000000
gnp,11,6,7,7,1.000000
gnp,9,29,2,2,1.000000
gnp,10,30,3,3,1.000000
gnp,7,3,4,4,1.000000
gnp,13,52,4,4,1.000000
gnp,10,27,3,3,1.000000
gnp,10,31,3,3,1.000000
gnp,7,16,2,2,1.000000
gnp,7,16,2,2,1.000000
gnp,14,48,5,5,1.000000
gnp,15,81,3,3,1.000000
gnp,9,27,3,3,1.000000
gnp,11,22,6,6,1.000000
gnp,9,16,4,4,1.000000
gnp,7,2,6,6,1.000000
gnp,6,9,3,3,1.000000
gnp,13,31,6,6,1.000000
gnp,16,19,9,9,1.000000
gnp,10,34,2,2,1.000000
gnp,12,15,6,6,1.000000
gnp,11,20,5,5,1.000000
gnp,6,14,2,2,1.000000
gnp,9,11,5,5,1.000000
gnp,12,45,3,3,1.000000
gnp,8,22,2,2,1.000000
gnp,6,5,4,4,1.000000
gnp,13,29,5,5,1.000000
gnp,9,10,5,5,1.000000
gnp,6,10,3,3,1.000000
gnp,10,20,5,5,1.000000
gnp,16,23,9,9,1.000000
gnp,9,29,2,2,1.000000
gnp,6,6,4,4,1.000000
gnp,7,11,3,3,1.000000
gnp,8,11,4,4,1.000000
gnp,8,3,6,6,1.000000
gnp,8,12,5,5,1.000000
gnp,13,25,7,7,1.000000
gnp,12,35,4,4,1.000000
gnp,12,26,5,5,1.000000
gnp,14,64,4,4,1.000000
gnp,10,9,6,6,1.000000
gnp,16,41,6,6,1.000000
gnp,11,39,3,3,1.000000
gnp,8,15,4,4,1.000000
gnp,11,49,2,2,1.000000
gnp,14,21,7,7,1.000000
gnp,16,50,6,6,1.000000
gnp,14,21,6,6,1.000000
gnp,11,15,6,6,1.000000
gnp,15,27,6,6,1.000000
gnp,15,78,3,3,1.000000
gnp,16,42,6,6,1.000000
gnp,14,24,6,6,1.000000
gnp,10,6,6,6,1.000000
gnp,9,29,2,2,1.000000
gnp,12,49,3,3,1.000000
gnp,15,19,9,9,1.000000
gnp,12,20,6,6,1.000000
gnp,7,10,3,3,1.000000
gnp,7,14,3,3,1.000000
gnp,8,2,6,6,1.000000
gnp,10,22,5,5,1.000000
gnp,12,29,5,5,1.000000
gnp,14,14,8,8,1.000000
gnp,13,35,6,6,1.000000
gnp,9,18,3,3,1.000000
gnp,16,50,6,6,1.000000
gnp,12,26,5,5,1.000000
gnp,16,61,4,5,1.250000
gnp,9,24,3,3,1.000000
gnp,14,48,4,4,1.000000
gnp,7,4,4,4,1.000000
gnp,8,11,3,3,1.000000
gnp,12,45,3,3,1.000000
gnp,9,13,4,4,1.000000
gnp,6,8,3,3,1.000000
gnp,10,24,4,4,1.000000
gnp,13,56,4,4,1.000000
gnp,8,6,5,5,1.000000
gnp,11,12,6,6,1.000000
gnp,8,9,4,4,1.000000
gnp,13,47,4,4,1.000000
gnp,13,33,4,4,1.000000
gnp,8,15,3,3,1.000000
gnp,16,100,3,3,1.000000
gnp,16,76,4,4,1.000000
gnp,12,50,3,3,1.000000
gnp,6,12,2,2,1.000000
gnp,13,60,3,3,1.000000
gnp,6,6,3,3,1.000000
gnp,8,14,3,3,1.000000
gnp,6,5,3,3,1.000000
gnp,6,14,2,2,1.000000
gnp,7,0,7,7,1.000000
gnp,8,6,4,4,1.000000
gnp,8,5,5,5,1.000000
gnp,12,29,5,5,1.000000
gnp,12,42,5,5,1.000000
gnp,15,27,7,7,1.000000
gnp,9,17,3,3,1.000000
gnp,8,4,6,6,1.000000
gnp,14,21,7,7,1.000000
gnp,12,41,3,3,1.000000
gnp,13,39,4,4,1.000000
gnp,14,17,8,8,1.000000
gnp,10,11,5,5,1.000000
gnp,11,44,3,3,1.000000
gnp,16,32,9,9,1.000000
gnp,15,35,6,6,1.000000
gnp,12,43,4,4,1.000000
gnp,16,27,8,8,1.000000
gnp,11,14,6,6,1.000000
gnp,6,11,2,2,1.000000
gnp,16,17,9,9,1.000000
gnp,11,7,7,7,1.000000
gnp,15,47,6,6,1.000000
gnp,9,23,3,3,1.000000
gnp,12,38,4,4,1.000000
gnp,8,19,3,3,1.000000
gnp,14,64,4,4,1.000000
gnp,15,40,6,6,1.000000
gnp,14,33,6,6,1.000000
gnp,10,33,2,2,1.000000
gnp,11,35,3,3,1.000000
gnp,7,5,4,4,1.000000
gnp,6,9,3,3,1.000000
gnp,11,19,5,5,1.000000
gnp,9,24,3,3,1.000000
gnp,7,18,2,2,1.000000
gnp,6,11,2,2,1.000000
gnp,10,16,4,4,1.000000
gnp,12,19,6,6,1.000000
gnp,15,19,7,7,1.000000
gnp,6,9,2,2,1.000000
gnp,9,21,3,3,1.000000
gnp,8,7,4,4,1.000000
gnp,12,49,3,3,1.000000
gnp,14,59,4,4,1.000000
gnp,6,14,2,2,1.000000
gnp,16,41,6,6,1.000000
gnp,8,14,3,3,1.000000
gnp,7,16,2,2,1.000000
gnp,11,45,2,2,1.000000
gnp,16,55,6,6,1.000000
gnp,8,25,2,2,1.000000
gnp,7,20,2,2,1.000000
gnp,11,47,3,3,1.000000
gnp,9,22,3,3,1.000000
gnp,9,4,7,7,1.000000
gnp,15,80,3,3,1.000000
gnp,9,33,2,2,1.000000
gnp,6,12,2,2,1.000000
gnp,8,23,2,2,1.000000
gnp,12,49,3,3,1.000000
gnp,15,81,3,3,1.000000
gnp,6,1,5,5,1.000000
gnp,14,70,3,3,1.000000
gnp,12,29,5,5,1.000000
gnp,7,15,2,2,1.000000
gnp,8,4,6,6,1.000000
gnp,10,10,6,6,1.000000
gnp,6,10,2,2,1.000000
gnp,6,3,4,4,1.000000
gnp,12,15,6,6,1.000000
gnp,14,39,5,5,1.000000
gnp,8,19,3,3,1.000000
gnp,15,48,5,5,1.000000
gnp,6,1,5,5,1.000000
gnp,6,5,3,3,1.000000
gnp,16,55,6,6,1.000000
gnp,9,11,5,5,1.000000
gnp,7,3,5,5,1.000000
gnp,7,16,2,2,1.000000
gnp,10,35,3,3,1.000000
gnp,7,2,5,5,1.000000
gnp,7,4,5,5,1.000000
gnp,11,25,4,4,1.000000
gnp,15,33,6,6,1.000000
gnp,13,54,3,3,1.000000
gnp,16,71,4,4,1.000000
gnp,15,82,3,3,1.000000
gnp,13,25,5,5,1.000000
gnp,13,26,6,6,1.000000
gnp,14,64,4,4,1.000000
gnp,14,73,3,3,1.000000
gnp,13,35,5,5,1.000000
gnp,11,43,3,3,1.000000
gnp,14,42,6,6,1.000000
gnp,8,18,3,3,1.000000
gnp,14,74,3,3,1.000000
gnp,15,48,5,5,1.000000
gnp,6,7,3,3,1.000000
gnp,9,4,7,7,1.000000
gnp,7,11,3,3,1.000000
gnp,11,36,3,3,1.000000
gnp,14,60,3,3,1.000000
gnp,16,89,3,3,1.000000
gnp,9,14,4,4,1.000000
gnp,13,65,3,3,1.000000
gnp,10,30,3,3,1.000000
gnp,9,19,3,3,1.000000
gnp,11,44,3,3,1.000000
gnp,14,29,6,6,1.000000
gnp,15,30,6,6,1.000000
gnp,9,23,3,3,1.000000
gnp,6,3,5,5,1.000000
gnp,10,22,4,4,1.000000
gnp,15,38,6,6,1.000000
gnp,16,71,5,5,1.000000
gnp,6,12,3,3,1.000000
gnp,14,34,5,5,1.000000
gnp,13,7,9,9,1.000000
gnp,13,64,3,3,1.000000
gnp,11,17,5,5,1.000000
gnp,8,7,5,5,1.000000
gnp,11,33,4,4,1.000000
gnp,11,36,3,3,1.000000
gnp,10,20,4,4,1.000000
gnp,13,45,4,4,1.000000
gnp,13,36,4,4,1.000000
gnp,16,79,4,4,1.000000
gnp,7,14,3,3,1.000000
gnp,6,5,4,4,1.000000
gnp,16,74,4,4,1.000000
gnp,6,12,2,2,1.000000
gnp,13,57,3,3,1.000000
gnp,7,14,3,3,1.000000
gnp,12,10,7,7,1.000000
gnp,11,41,2,2,1.000000
gnp,10,9,6,6,1.000000
gnp,10,25,4,4,1.000000
gnp,13,15,8,8,1.000000
gnp,10,34,4,4,1.000000
gnp,12,18,7,7,1.000000
gnp,10,37,2,2,1.000000
gnp,6,11,2,2,1.000000
gnp,13,22,6,6,1.000000
gnp,7,11,3,3,1.000000
gnp,6,3,4,4,1.000000
gnp,11,27,4,4,1.000000
gnp,10,25,4,4,1.000000
gnp,6,9,3,3,1.000000
gnp,10,32,3,3,1.000000
gnp,14,45,5,5,1.000000
gnp,16,93,3,3,1.000000
gnp,9,18,4,4,1.000000
gnp,10,33,3,3,1.000000
gnp,14,84,2,2,1.000000
gnp,13,45,4,4,1.000000
gnp,10,18,4,4,1.000000
gnp,10,21,4,4,1.000000
gnp,14,22,7,7,1.000000
gnp,6,3,4,4,1.000000
gnp,10,9,5,5,1.000000
gnp,7,17,2,2,1.000000
gnp,12,40,3,3,1.000000
gnp,14,68,4,4,1.000000
gnp,13,29,6,6,1.000000
gnp,13,20,6,6,1.000000
gnp,10,10,5,5,1.000000
gnp,10,15,5,5,1.000000
gnp,11,42,3,3,1.000000
gnp,10,9,6,6,1.000000
gnp,9,17,4,4,1.000000
gnp,7,17,2,2,1.000000
gnp,9,7,6,6,1.000000
gnp,10,11,6,6,1.000000
gnp,7,13,2,2,1.000000
gnp,16,27,7,7,1.000000
gnp,6,7,3,3,1.000000
gnp,12,40,4,4,1.000000
gnp,6,11,2,2,1.000000
gnp,8,8,4,4,1.000000
gnp,10,14,4,4,1.000000
gnp,13,36,5,5,1.000000
gnp,11,38,3,3,1.000000
gnp,16,34,7,7,1.000000
gnp,7,8,4,4,1.000000
gnp,7,16,2,2,1.000000
gnp,16,82,4,4,1.000000
gnp,10,27,3,3,1.000000
gnp,7,12,3,3,1.000000
gnp,11,16,5,5,1.000000
gnp,14,67,3,3,1.000000
gnp,14,23,7,7,1.000000
gnp,6,7,3,3,1.000000
gnp,15,50,4,4,1.000000
gnp,6,6,3,3,1.000000
gnp,8,7,4,4,1.000000
gnp,15,29,7,7,1.000000
gnp,14,24,6,6,1.000000
gnp,16,75,4,4,1.000000
gnp,16,31,6,6,1.000000
gnp,11,13,7,7,1.000000
gnp,11,6,7,7,1.000000
gnp,16,67,4,4,1.000000
gnp,9,18,4,4,1.000000
gnp,8,9,4,4,1.000000
gnp,13,36,5,5,1.000000
gnp,10,22,4,4,1.000000
gnp,15,48,6,6,1.000000
gnp,6,7,3,3,1.000000
gnp,6,5,3,3,1.000000
gnp,12,38,4,4,1.000000
gnp,12,20,5,5,1.000000
gnp,8,21,3,3,1.000000
gnp,11,41,3,3,1.000000
gnp,13,37,4,4,1.000000
gnp,14,27,7,7,1.000000
gnp,16,82,4,4,1.000000
gnp,15,27,7,7,1.000000
gnp,6,11,2,2,1.000000
gnp,6,10,3,3,1.000000
gnp,10,30,3,3,1.000000
gnp,9,19,4,4,1.000000
gnp,7,12,3,3,1.000000
gnp,15,70,4,4,1.000000
gnp,8,22,2,2,1.000000
gnp,13,17,7,7,1.000000
gnp,12,54,3,3,1.000000
gnp,16,102,2,2,1.000000
gnp,13,28,6,6,1.000000
gnp,16,51,5,5,1.000000
gnp,9,11,4,4,1.000000
gnp,16,84,4,4,1.000000
gnp,9,19,4,4,1.000000
gnp,10,36,2,2,1.000000
gnp,14,53,4,4,1.000000
gnp,16,92,4,4,1.000000
gnp,7,15,2,2,1.000000
gnp,15,82,3,3,1.000000
gnp,10,19,4,4,1.000000
gnp,15,66,5,5,1.000000
gnp,15,35,6,6,1.000000
gnp,14,72,3,3,1.000000
gnp,13,53,3,3,1.000000
gnp,13,51,3,3,1.000000
gnp,16,79,4,4,1.000000
gnp,13,52,3,3,1.000000
gnp,8,20,3,3,1.000000
gnp,6,6,3,3,1.000000
gnp,12,50,3,3,1.000000
gnp,13,34,5,5,1.000000
gnp,12,49,3,3,1.000000
gnp,6,14,2,2,1.000000
gnp,6,6,3,3,1.000000
gnp,11,29,4,4,1.000000
gnp,7,6,4,4,1.000000
gnp,9,23,4,4,1.000000
gnp,6,10,2,2,1.000000
gnp,8,19,3,3,1.000000
gnp,6,8,3,3,1.000000
gnp,16,70,4,4,1.000000
gnp,8,21,3,3,1.000000
gnp,13,48,4,4,1.000000
gnp,13,38,4,4,1.000000
gnp,8,6,5,5,1.000000
gnp,11,37,3,3,1.000000
gnp,9,24,3,3,1.000000
gnp,9,21,3,3,1.000000
gnp,13,37,5,5,1.000000
gnp,15,43,6,6,1.000000
gnp,7,18,2,2,1.000000
gnp,7,2,6,6,1.000000
gnp,12,12,7,7,1.000000
gnp,8,2,6,6,1.000000
gnp,16,71,5,5,1.000000
gnp,15,67,5,5,1.000000
gnp,11,17,5,5,1.000000
gnp,7,9,4,4,1.000000
gnp,13,28,6,6,1.000000
gnp,11,12,7,7,1.000000
gnp,7,9,3,3,1.000000
gnp,6,8,3,3,1.000000
gnp,6,7,3,3,1.000000
gnp,9,18,4,4,1.000000
gnp,7,17,2,2,1.000000
gnp,9,33,2,2,1.000000
gnp,7,15,2,2,1.000000
gnp,6,12,2,2,1.000000
gnp,16,74,4,4,1.000000
gnp,15,63,4,4,1.000000
gnp,14,21,7,7,1.000000
gnp,6,5,3,3,1.000000
gnp,8,5,6,6,1.000000
gnp,7,15,2,2,1.000000
gnp,14,46,5,5,1.000000
gnp,11,18,5,5,1.000000
gnp,15,50,5,5,1.000000
gnp,8,5,6,6,1.000000
gnp,11,42,3,3,1.000000
gnp,11,11,7,7,1.000000
gnp,13,61,3,3,1.000000
gnp,9,10,5,5,1.000000
gnp,14,46,4,4,1.000000
gnp,12,50,4,4,1.000000
gnp,7,7,4,4,1.000000
gnp,8,25,2,2,1.000000
gnp,7,19,2,2,1.000000
gnp,6,5,4,4,1.000000
gnp,13,51,4,4,1.000000
gnp,11,23,4,4,1.000000
gnp,6,8,3,3,1.000000
gnp,10,19,5,5,1.000000
gnp,15,78,3,3,1.000000
gnp,8,17,3,3,1.000000
gnp,12,45,3,3,1.000000
gnp,8,10,4,4,1.000000
gnp,11,15,5,5,1.000000
gnp,10,29,3,3,1.000000
gnp,6,8,2,2,1.000000
gnp,16,59,5,5,1.000000
gnp,6,9,3,3,1.000000
gnp,12,3,9,9,1.000000
gnp,12,18,6,6,1.000000
gnp,10,31,3,3,1.000000
gnp,15,82,4,4,1.000000
gnp,12,51,3,3,1.000000
gnp,13,29,6,6,1.000000
gnp,13,34,4,4,1.000000
gnp,15,52,4,4,1.000000
gnp,14,32,6,6,1.000000
gnp,15,19,8,8,1.000000
gnp,6,3,5,5,1.000000
gnp,13,47,4,4,1.000000
gnp,10,34,3,3,1.000000
gnp,15,39,6,6,1.000000
gnp,14,57,4,4,1.000000
gnp,9,22,4,4,1.000000
gnp,7,16,2,2,1.000000
gnp,15,28,7,7,1.000000
gnp,12,36,4,4,1.000000
gnp,16,79,5,5,1.000000
gnp,10,40,2,2,1.000000
gnp,14,16,9,9,1.000000
gnp,6,6,4,4,1.000000
gnp,16,70,4,4,1.000000
gnp,11,15,6,6,1.000000
gnp,11,26,4,4,1.000000
gnp,12,47,3,3,1.000000
gnp,6,12,2,2,1.000000
gnp,16,102,3,3,1.000000
gnp,13,66,2,2,1.000000
gnp,13,17,6,6,1.000000
gnp,12,55,2,2,1.000000
gnp,7,6,4,4,1.000000
gnp,6,3,4,4,1.000000
gnp,13,45,4,4,1.000000
gnp,15,23,7,7,1.000000
gnp,8,15,3,3,1.000000
gnp,11,39,3,3,1.000000
gnp,6,0,6,6,1.000000
gnp,11,48,2,2,1.000000
gnp,12,38,4,4,1.000000
gnp,9,5,6,6,1.000000
gnp,7,15,3,3,1.000000
gnp,16,47,6,6,1.000000
gnp,8,20,2,2,1.000000
gnp,12,44,4,4,1.000000
gnp,15,78,3,3,1.000000
gnp,13,53,3,3,1.000000
gnp,13,59,3,3,1.000000
gnp,6,0,6,6,1.000000
gnp,12,8,7,7,1.000000
gnp,9,11,5,5,1.000000
gnp,6,15,1,1,1.000000
gnp,15,16,9,9,1.000000
gnp,10,34,2,2,1.000000
gnp,9,16,4,4,1.000000
gnp,7,13,3,3,1.000000
gnp,9,15,4,4,1.000000
gnp,12,24,5,5,1.000000
gnp,11,42,3,3,1.000000
gnp,10,31,3,3,1.000000
gnp,10,43,2,2,1.000000
gnp,12,16,6,6,1.000000
gnp,10,30,3,3,1.000000
gnp,10,5,7,7,1.000000
gnp,13,40,4,4,1.000000
gnp,16,21,8,8,1.000000
gnp,15,48,4,4,1.000000
gnp,8,12,4,4,1.000000
gnp,16,59,5,5,1.000000
gnp,16,35,7,7,1.000000
gnp,9,20,4,4,1.000000
gnp,7,7,5,5,1.000000
gnp,6,5,4,4,1.000000
gnp,9,32,2,2,1.000000
gnp,16,79,3,3,1.000000
gnp,10,37,3,3,1.000000
gnp,11,24,5,5,1.000000
gnp,7,11,3,3,1.000000
gnp,7,16,2,2,1.000000
gnp,16,78,4,4,1.000000
gnp,6,7,3,3,1.000000
gnp,14,51,4,4,1.000000
gnp,15,29,7,7,1.000000
gnp,12,42,4,4,1.000000
gnp,11,21,5,5,1.000000
gnp,13,62,3,3,1.000000
gnp,12,50,2,2,1.000000
gnp,12,25,5,5,1.000000
gnp,13,67,2,2,1.000000
gnp,14,39,5,5,1.000000
gnp,14,55,4,4,1.000000
gnp,16,25,8,8,1.000000
gnp,10,14,5,5,1.000000
gnp,8,8,4,4,1.000000
gnp,6,4,4,4,1.000000
gnp,14,20,7,7,1.000000
gnp,8,11,4,4,1.000000
gnp,10,10,5,5,1.000000
gnp,12,17,6,6,1.000000
gnp,6,10,2,2,1.000000
gnp,15,79,3,3,1.000000
gnp,16,42,6,6,1.000000
gnp,16,42,5,6,1.200000
gnp,12,44,3,3,1.000000
gnp,10,17,5,5,1.000000
gnp,9,21,4,4,1.000000
gnp,8,15,3,3,1.000000
gnp,10,15,5,5,1.000000
gnp,7,14,3,3,1.000000
gnp,15,76,3,3,1.000000
gnp,9,30,2,2,1.000000
gnp,7,18,2,2,1.000000
gnp,16,23,9,9,1.000000
gnp,10,21,4,4,1.000000
gnp,11,26,4,4,1.000000
gnp,11,22,4,4,1.000000
gnp,11,12,6,6,1.000000
gnp,7,11,3,3,1.000000
gnp,9,13,5,5,1.000000
gnp,10,16,4,4,1.000000
gnp,11,10,7,7,1.000000
gnp,15,83,3,3,1.000000
gnp,16,64,6,6,1.000000
gnp,16,47,7,7,1.000000
gnp,12,59,2,2,1.000000
gnp,9,21,3,3,1.000000
gnp,14,62,3,3,1.000000
gnp,14,36,6,6,1.000000
gnp,7,9,4,4,1.000000
gnp,11,43,3,3,1.000000
gnp,6,10,2,2,1.000000
gnp,12,14,6,6,1.000000
gnp,15,34,6,6,1.000000
gnp,12,46,4,4,1.000000
gnp,15,26,6,6,1.000000
gnp,8,10,4,4,1.000000
gnp,7,14,3,3,1.000000
gnp,9,15,5,5,1.000000
gnp,7,10,3,3,1.000000
gnp,8,21,2,2,1.000000
gnp,7,9,4,4,1.000000
gnp,16,90,3,3,1.000000
gnp,16,88,4,4,1.000000
gnp,9,22,3,3,1.000000
gnp,8,7,5,5,1.000000
gnp,7,12,3,3,1.000000
gnp,16,19,10,10,1.000000
gnp,16,33,7,7,1.000000
gnp,12,17,6,6,1.000000
gnp,10,23,4,4,1.000000
gnp,8,6,4,4,1.000000
gnp,11,23,4,4,1.000000
gnp,16,84,3,3,1.000000
gnp,16,48,5,5,1.000000
gnp,10,11,6,6,1.000000
gnp,12,18,6,6,1.000000
gnp,16,62,5,5,1.000000
gnp,6,4,4,4,1.000000
gnp,11,26,4,4,1.000000
gnp,7,15,3,3,1.000000
gnp,6,4,4,4,1.000000
gnp,14,33,6,6,1.000000
gnp,6,4,4,4,1.000000
gnp,6,13,2,2,1.000000
gnp,9,32,2,2,1.000000
gnp,15,62,4,4,1.000000
gnp,6,5,4,4,1.000000
gnp,6,7,3,3,1.000000
gnp,7,2,6,6,1.000000
gnp,13,48,3,3,1.000000
gnp,9,23,4,4,1.000000
gnp,8,24,2,2,1.000000
gnp,13,49,4,4,1.000000
gnp,13,35,5,5,1.000000
gnp,10,18,4,4,1.000000
gnp,13,13,7,7,1.000000
gnp,13,64,3,3,1.000000
gnp,11,20,5,5,1.000000
gnp,10,21,4,4,1.000000
gnp,8,19,2,2,1.000000
gnp,12,15,6,6,1.000000
gnp,15,37,5,5,1.000000
gnp,15,42,6,6,1.000000
gnp,6,12,2,2,1.000000
gnp,11,5,8,8,1.000000
gnp,9,16,4,4,1.000000
gnp,16,40,6,6,1.000000
gnp,12,18,5,5,1.000000
gnp,14,22,6,6,1.000000
gnp,13,38,4,4,1.000000
gnp,15,24,7,7,1.000000
gnp,15,79,3,3,1.000000
gnp,9,14,5,5,1.000000
gnp,15,21,9,9,1.000000
gnp,11,35,3,3,1.000000
gnp,11,22,5,5,1.000000
gnp,10,36,3,3,1.000000
gnp,7,10,3,3,1.000000
gnp,8,4,6,6,1.000000
gnp,16,75,3,3,1.000000
gnp,15,24,8,8,1.000000
gnp,10,35,2,2,1.000000
gnp,12,25,5,5,1.000000
gnp,12,19,6,6,1.000000
gnp,9,28,3,3,1.000000
gnp,15,23,8,8,1.000000
gnp,8,17,3,3,1.000000
gnp,16,22,8,8,1.000000
gnp,8,24,2,2,1.000000
gnp,12,40,4,4,1.000000
gnp,11,19,5,5,1.000000
gnp,16,55,5,5,1.000000
gnp,14,31,6,6,1.000000
gnp,7,3,5,5,1.000000
gnp,9,14,5,5,1.000000
gnp,9,6,5,5,1.000000
gnp,15,19,8,8,1.000000
gnp,16,45,6,6,1.000000
gnp,11,29,4,4,1.000000
gnp,16,97,4,4,1.000000
gnp,11,23,5,5,1.000000
gnp,14,41,4,4,1.000000
gnp,8,14,3,3,1.000000
gnp,13,37,5,5,1.000000
gnp,10,16,4,4,1.000000
gnp,16,42,6,6,1.000000
gnp,10,36,2,2,1.000000
gnp,16,87,3,3,1.000000
gnp,14,28,6,6,1.000000
gnp,11,20,5,5,1.000000
gnp,9,20,3,3,1.000000
gnp,11,25,5,5,1.000000
gnp,7,9,3,3,1.000000
gnp,7,14,2,2,1.000000
gnp,12,34,4,4,1.000000
gnp,11,35,3,3,1.000000
gnp,15,50,5,5,1.000000
gnp,6,3,4,4,1.000000
gnp,9,25,3,3,1.000000
gnp,8,11,4,4,1.000000
gnp,10,28,3,3,1.000000
gnp,7,2,5,5,1.000000
gnp,8,23,2,2,1.000000
gnp,11,9,6,6,1.000000
gnp,11,27,4,4,1.000000
gnp,9,12,4,4,1.000000
gnp,9,14,5,5,1.000000
gnp,6,3,4,4,1.000000
gnp,8,24,2,2,1.000000
gnp,9,9,4,4,1.000000
gnp,6,6,4,4,1.000000
gnp,13,21,6,6,1.000000
gnp,7,1,6,6,1.000000
gnp,11,30,4,4,1.000000
gnp,10,39,3,3,1.000000
gnp,15,27,6,6,1.000000
gnp,6,2,5,5,1.000000
gnp,15,49,5,5,1.000000
gnp,14,32,5,5,1.000000
gnp,12,42,4,4,1.000000
gnp,9,17,4,4,1.000000
gnp,14,74,2,2,1.000000
gnp,13,32,5,5,1.000000
gnp,6,13,2,2,1.000000
gnp,14,23,8,8,1.000000
gnp,12,41,4,4,1.000000
gnp,12,39,4,4,1.000000
gnp,12,54,3,3,1.000000
gnp,16,101,3,3,1.000000
gnp,9,20,4,4,1.000000
gnp,16,85,4,4,1.000000
gnp,14,39,5,5,1.000000
gnp,11,36,3,3,1.000000
gnp,8,17,3,3,1.000000
gnp,12,23,5,5,1.000000
gnp,9,26,3,3,1.000000
gnp,11,26,5,5,1.000000
gnp,13,21,7,7,1.000000
gnp,12,52,3,3,1.000000
gnp,13,62,3,3,1.000000
gnp,13,20,6,6,1.000000
gnp,10,22,4,4,1.000000
gnp,12,32,4,4,1.000000
gnp,11,12,6,6,1.000000
gnp,15,72,3,3,1.000000
gnp,7,9,4,4,1.000000
gnp,14,35,5,5,1.000000
gnp,14,63,4,4,1.000000
gnp,15,84,3,3,1.000000
gnp,10,18,4,4,1.000000
gnp,6,13,2,2,1.000000
gnp,7,11,3,3,1.000000
gnp,15,66,4,4,1.000000
gnp,7,5,4,4,1.000000
gnp,10,10,7,7,1.000000
gnp,16,41,7,7,1.000000
gnp,14,24,7,7,1.000000
gnp,7,12,3,3,1.000000
gnp,10,22,3,3,1.000000
gnp,8,19,4,4,1.000000
gnp,13,58,3,3,1.000000
gnp,16,103,2,2,1.000000
gnp,7,18,2,2,1.000000
gnp,8,22,3,3,1.000000
gnp,7,9,3,3,1.000000
gnp,14,69,3,3,1.000000
gnp,6,0,6,6,1.000000
gnp,9,22,3,3,1.000000
gnp,8,11,4,4,1.000000
gnp,9,27,2,2,1.000000
gnp,16,82,4,4,1.000000
gnp,16,23,7,7,1.000000
gnp,15,67,4,4,1.000000
gnp,8,11,4,4,1.000000
gnp,9,10,5,5,1.000000
gnp,13,26,5,5,1.000000
gnp,8,15,3,3,1.000000
gnp,9,10,6,6,1.000000
gnp,13,41,4,4,1.000000
gnp,15,65,4,4,1.000000
gnp,6,10,3,3,1.000000
gnp,16,67,4,4,1.000000
gnp,13,31,6,6,1.000000
gnp,9,24,2,2,1.000000
gnp,10,29,3,3,1.000000
gnp,10,37,2,2,1.000000
gnp,7,10,3,3,1.000000
gnp,11,19,5,5,1.000000
gnp,10,19,5,5,1.000000
gnp,7,6,4,4,1.000000
gnp,14,43,5,5,1.000000
gnp,13,16,6,6,1.000000
gnp,6,11,2,2,1.000000
gnp,6,8,3,3,1.000000
gnp,14,77,3,3,1.000000
gnp,10,30,4,4,1.000000
gnp,8,19,3,3,1.000000
gnp,7,7,4,4,1.000000
gnp,6,6,3,3,1.000000
gnp,8,9,4,4,1.000000
gnp,14,27,6,6,1.000000
gnp,8,16,3,3,1.000000
gnp,8,7,5,5,1.000000
gnp,8,8,5,5,1.000000
gnp,7,9,3,3,1.000000
gnp,10,13,6,6,1.000000
gnp,8,22,2,2,1.000000
gnp,16,21,8,8,1.000000
gnp,12,31,4,4,1.000000
gnp,7,15,2,2,1.000000
gnp,14,41,5,5,1.000000
gnp,15,16,9,9,1.000000
gnp,7,8,3,3,1.000000
gnp,10,33,3,3,1.000000
gnp,13,28,5,5,1.000000
gnp,8,6,5,5,1.000000
gnp,7,7,4,4,1.000000
gnp,9,23,3,3,1.000000
gnp,10,37,2,2,1.000000
gnp,11,40,3,3,1.000000
gnp,15,54,5,5,1.000000
gnp,6,12,2,2,1.000000
gnp,13,30,6,6,1.000000
gnp,6,9,3,3,1.000000
gnp,8,14,3,3,1.000000
gnp,13,38,4,4,1.000000
gnp,13,40,4,4,1.000000
gnp,13,40,4,4,1.000000
gnp,6,10,2,2,1.000000
gnp,6,9,3,3,1.000000
gnp,10,23,4,4,1.000000
gnp,11,42,3,3,1.000000
gnp,11,23,6,6,1.000000
gnp,7,11,3,3,1.000000
gnp,13,26,6,6,1.000000
gnp,9,28,3,3,1.000000
gnp,14,28,6,6,1.000000
gnp,7,13,4,4,1.000000
gnp,8,4,6,6,1.000000
gnp,7,12,3,3,1.000000
gnp,9,11,4,4,1.000000
gnp,9,19,3,3,1.000000
gnp,7,19,2,2,1.000000
gnp,11,8,7,7,1.000000
gnp,6,4,4,4,1.000000
gnp,7,14,2,2,1.000000
gnp,13,53,3,3,1.000000
gnp,13,19,7,7,1.000000
gnp,10,28,3,3,1.000000
gnp,15,46,5,5,1.000000
gnp,9,19,4,4,1.000000
gnp,8,23,2,2,1.000000
gnp,6,8,3,3,1.000000
gnp,10,30,3,3,1.000000
gnp,9,18,4,4,1.000000
gnp,15,20,8,8,1.000000
gnp,7,17,2,2,1.000000
gnp,11,37,3,3,1.000000
gnp,12,34,4,4,1.000000
gnp,7,12,3,3,1.000000
gnp,8,10,4,4,1.000000
gnp,6,7,3,3,1.000000
gnp,15,30,6,6,1.000000
gnp,13,31,4,4,1.000000
gnp,7,15,2,2,1.000000
gnp,13,49,3,3,1.000000
gnp,8,22,3,3,1.000000
gnp,14,19,7,7,1.000000
gnp,9,12,4,4,1.000000
gnp,13,39,4,4,1.000000
gnp,11,43,3,3,1.000000
gnp,6,11,2,2,1.000000
gnp,16,69,5,5,1.000000
gnp,14,24,6,6,1.000000
gnp,9,13,4,4,1.000000
gnp,8,26,2,2,1.000000
gnp,15,62,4,4,1.000000
gnp,9,22,3,3,1.000000
gnp,13,64,2,2,1.000000
gnp,8,22,2,2,1.000000
gnp,6,8,3,3,1.000000
gnp,15,54,4,4,1.000000
gnp,9,25,3,3,1.000000
gnp,12,24,4,4,1.000000
gnp,10,7,6,6,1.000000
gnp,9,23,3,3,1.000000
gnp,11,39,3,3,1.000000
gnp,16,51,6,6,1.000000
gnp,15,16,9,9,1.000000
gnp,16,52,5,5,1.000000
gnp,8,14,3,3,1.000000
gnp,9,24,3,3,1.000000
gnp,6,14,2,2,1.000000
gnp,6,14,2,2,1.000000
gnp,12,16,7,7,1.000000
gnp,6,5,4,4,1.000000
gnp,7,10,4,4,1.000000
gnp,10,35,3,3,1.000000
gnp,8,23,2,2,1.000000
gnp,9,21,3,3,1.000000
gnp,8,24,2,2,1.000000
gnp,11,23,4,4,1.000000
gnp,10,11,7,7,1.000000
gnp,7,17,2,2,1.000000
gnp,9,14,4,4,1.000000
gnp,8,3,5,5,1.000000
gnp,13,25,5,5,1.000000
gnp,10,39,2,2,1.000000
gnp,13,43,4,4,1.000000
gnp,7,15,2,2,1.000000
gnp,8,20,3,3,1.000000
gnp,12,25,5,5,1.000000
gnp,11,11,6,6,1.000000
gnp,7,19,2,2,1.000000
gnp,10,34,3,3,1.000000
gnp,10,32,3,3,1.000000
gnp,8,20,3,3,1.000000
gnp,8,6,5,5,1.000000
gnp,11,13,6,6,1.000000
gnp,11,41,3,3,1.000000
gnp,11,19,5,5,1.000000
gnp,6,7,3,3,1.000000
gnp,10,20,4,4,1.000000
gnp,14,21,6,6,1.000000
gnp,13,64,3,3,1.000000
gnp,16,88,3,3,1.000000
gnp,11,44,3,3,1.000000
gnp,10,13,6,6,1.000000
gnp,7,2,6,6,1.000000
gnp,8,10,5,5,1.000000
gnp,9,24,3,3,1.000000
gnp,8,10,4,4,1.000000
gnp,16,28,7,7,1.000000
gnp,16,61,5,5,1.000000
gnp,12,39,4,4,1.000000
gnp,7,15,2,2,1.000000
gnp,15,58,4,4,1.000000
gnp,13,61,3,3,1.000000
gnp,8,20,2,2,1.000000
gnp,14,68,4,4,1.000000
gnp,12,26,5,5,1.000000
gnp,7,13,3,3,1.000000
gnp,13,16,7,7,1.000000
gnp,7,3,5,5,1.000000
gnp,11,8,7,7,1.000000
gnp,7,9,4,4,1.000000
gnp,10,30,3,3,1.000000
gnp,13,20,6,6,1.000000
gnp,14,74,3,3,1.000000
gnp,7,13,3,3,1.000000
gnp,14,41,4,5,1.250000
gnp,10,26,4,4,1.000000
gnp,8,12,4,4,1.000000
gnp,15,54,5,5,1.000000
gnp,15,66,3,3,1.000000
gnp,14,71,3,3,1.000000
gnp,6,10,2,2,1.000000
gnp,10,8,6,6,1.000000
gnp,8,5,5,5,1.000000
gnp,16,59,5,5,1.000000
gnp,8,7,5,5,1.000000
gnp,7,12,3,3,1.000000
gnp,15,47,5,5,1.000000
gnp,15,59,5,5,1.000000
gnp,13,63,3,3,1.000000
gnp,12,19,5,5,1.000000
gnp,15,65,4,4,1.000000
gnp,6,10,3,3,1.000000
gnp,13,38,4,4,1.000000
gnp,12,35,4,4,1.000000
gnp,13,23,5,5,1.000000
gnp,6,5,4,4,1.000000
gnp,15,38,5,5,1.000000
gnp,11,7,8,8,1.000000
gnp,9,19,4,4,1.000000
gnp,11,43,3,3,1.000000
gnp,6,14,2,2,1.000000
gnp,14,48,4,4,1.000000
gnp,12,39,3,3,1.000000
gnp,9,20,3,3,1.000000
gnp,12,13,6,6,1.000000
gnp,11,46,2,2,1.000000
gnp,7,4,5,5,1.000000
gnp,8,11,4,4,1.000000
gnp,12,17,6,6,1.000000
gnp,7,10,3,3,1.000000
gnp,10,14,5,5,1.000000
gnp,6,6,3,3,1.000000
gnp,11,17,5,5,1.000000
gnp,11,18,5,5,1.000000
gnp,16,38,6,6,1.000000
gnp,15,47,5,5,1.000000
gnp,12,51,3,3,1.000000
gnp,11,21,5,5,1.000000
gnp,13,55,4,4,1.000000
gnp,14,66,4,4,1.000000
gnp,8,9,5,5,1.000000
gnp,8,22,2,2,1.000000
gnp,12,29,5,5,1.000000
gnp,7,12,3,3,1.000000
gnp,8,23,2,2,1.000000
gnp,15,71,3,3,1.000000
gnp,15,41,6,6,1.000000
gnp,11,42,3,3,1.000000
gnp,15,42,5,5,1.000000
gnp,16,88,4,4,1.000000
gnp,8,5,5,5,1.000000
gnp,16,60,5,5,1.000000
gnp,6,4,4,4,1.000000
gnp,14,27,6,6,1.000000
gnp,11,30,3,3,1.000000
gnp,8,10,4,4,1.000000
gnp,15,73,3,3,1.000000
gnp,11,13,5,5,1.000000
gnp,7,15,2,2,1.000000
gnp,16,97,3,3,1.000000
gnp,12,46,3,3,1.000000
gnp,8,16,3,3,1.000000
gnp,7,11,3,3,1.000000
gnp,8,5,5,5,1.000000
gnp,14,39,4,4,1.000000
gnp,12,50,3,3,1.000000
gnp,10,31,3,3,1.000000
gnp,7,12,3,3,1.000000
gnp,14,40,5,5,1.000000
gnp,8,11,4,4,1.000000
gnp,11,44,3,3,1.000000
gnp,16,27,7,7,1.000000
gnp,10,12,6,6,1.000000
gnp,13,16,7,7,1.000000
gnp,6,13,2,2,1.000000
gnp,16,32,7,7,1.000000
gnp,10,17,4,4,1.000000
gnp,9,14,4,4,1.000000
gnp,6,11,3,3,1.000000
gnp,16,70,4,4,1.000000
gnp,7,9,3,3,1.000000
gnp,8,20,3,3,1.000000
gnp,6,8,3,3,1.000000
gnp,13,52,3,3,1.000000
gnp,13,65,3,3,1.000000
gnp,13,28,5,5,1.000000
gnp,11,30,3,3,1.000000
gnp,12,24,5,5,1.000000
gnp,10,15,5,5,1.000000
gnp,9,12,5,5,1.000000
gnp,15,41,5,5,1.000000
gnp,9,16,4,4,1.000000
gnp,7,15,2,2,1.000000
gnp,12,42,3,3,1.000000
gnp,11,18,6,6,1.000000
gnp,14,49,4,4,1.000000
gnp,9,23,3,3,1.000000
gnp,16,96,3,3,1.000000
gnp,9,15,4,4,1.000000
gnp,10,37,3,3,1.000000
gnp,11,37,4,4,1.000000
gnp,13,8,8,8,1.000000
gnp,10,6,8,8,1.000000
gnp,12,8,8,8,1.000000
gnp,10,22,4,4,1.000000
gnp,16,98,3,3,1.000000
gnp,10,30,3,3,1.000000
gnp,12,16,5,5,1.000000
gnp,10,28,3,3,1.000000
gnp,10,30,3,3,1.000000
gnp,15,45,5,5,1.000000
gnp,8,13,3,3,1.000000
gnp,12,37,3,3,1.000000
gnp,8,8,5,5,1.000000
gnp,8,10,4,4,1.000000
gnp,14,59,4,4,1.000000
gnp,13,48,4,4,1.000000
gnp,11,24,4,4,1.000000
gnp,14,81,3,3,1.000000
gnp,15,63,4,4,1.000000
gnp,15,30,7,7,1.000000
gnp,12,31,4,4,1.000000
gnp,15,64,5,5,1.000000
gnp,11,48,2,2,1.000000
gnp,16,102,3,3,1.000000
gnp,12,20,5,5,1.000000
gnp,8,11,4,4,1.000000
gnp,6,7,3,3,1.000000
gnp,8,13,3,3,1.000000
gnp,14,31,5,5,1.000000
gnp,11,18,5,5,1.000000
gnp,7,13,3,3,1.000000
gnp,13,44,4,4,1.000000
gnp,6,4,4,4,1.000000
gnp,12,38,4,4,1.000000
gnp,15,62,4,4,1.000000
gnp,12,31,4,4,1.000000
gnp,6,12,2,2,1.000000
gnp,6,12,2,2,1.000000
gnp,16,30,7,7,1.000000
gnp,6,10,2,2,1.000000
gnp,9,14,4,4,1.000000
gnp,6,7,3,3,1.000000
gnp,12,13,7,7,1.000000
gnp,6,11,2,2,1.000000
gnp,16,81,4,4,1.000000
gnp,10,21,4,4,1.000000
gnp,8,9,4,4,1.000000
gnp,16,38,7,7,1.000000
gnp,8,17,3,3,1.000000
gnp,13,49,4,4,1.000000
gnp,7,17,2,2,1.000000
gnp,12,58,2,2,1.000000
gnp,14,69,3,3,1.000000
gnp,11,18,5,5,1.000000
gnp,7,16,2,2,1.000000
gnp,12,43,4,4,1.000000
gnp,12,21,6,6,1.000000
gnp,6,11,2,2,1.000000
gnp,9,17,4,4,1.000000
gnp,16,20,9,9,1.000000
gnp,11,12,6,6,1.000000
gnp,7,19,2,2,1.000000
gnp,9,8,6,6,1.000000
gnp,12,54,2,2,1.000000
gnp,8,5,6,6,1.000000
gnp,7,9,3,3,1.000000
gnp,12,34,4,4,1.000000
gnp,15,29,6,6,1.000000
gnp,16,66,4,4,1.000000
gnp,10,24,3,3,1.000000
gnp,15,50,4,4,1.000000
gnp,14,46,5,5,1.000000
gnp,9,9,5,5,1.000000
gnp,9,8,5,5,1.000000
gnp,13,58,3,3,1.000000
gnp,9,21,4,4,1.000000
gnp,8,21,3,3,1.000000
gnp,12,19,6,6,1.000000
gnp,6,13,2,2,1.000000
gnp,13,29,5,5,1.000000
gnp,7,9,4,4,1.000000
gnp,7,12,3,3,1.000000
gnp,15,83,3,3,1.000000
gnp,9,21,3,3,1.000000
gnp,14,38,5,5,1.000000
gnp,9,22,3,3,1.000000
gnp,12,43,4,4,1.000000
gnp,9,4,7,7,1.000000
gnp,11,22,4,4,1.000000
gnp,16,86,3,3,1.000000
gnp,13,36,4,4,1.000000
gnp,8,17,3,3,1.000000
gnp,7,6,4,4,1.000000
gnp,6,9,3,3,1.000000
gnp,9,22,3,3,1.000000
gnp,13,19,6,6,1.000000
gnp,8,10,4,4,1.000000
gnp,13,18,6,6,1.000000
gnp,9,25,3,3,1.000000
gnp,8,15,4,4,1.000000
gnp,11,39,3,3,1.000000
gnp,7,9,3,3,1.000000
gnp,6,15,1,1,1.000000
gnp,16,90,3,3,1.000000
gnp,14,68,3,3,1.000000
gnp,8,16,3,3,1.000000
gnp,9,27,3,3,1.000000
gnp,7,7,4,4,1.000000
gnp,14,66,4,4,1.000000
gnp,13,52,4,4,1.000000
gnp,9,20,3,3,1.000000
gnp,12,25,5,5,1.000000
gnp,16,75,5,5,1.000000
gnp,13,22,5,5,1.000000
gnp,16,48,6,6,1.000000
gnp,11,28,4,4,1.000000
gnp,11,9,6,6,1.000000
gnp,16,57,5,5,1.000000
gnp,8,14,3,3,1.000000
gnp,6,10,2,2,1.000000
gnp,11,20,5,5,1.000000
gnp,16,80,4,4,1.000000
gnp,8,19,3,3,1.000000
gnp,8,20,2,2,1.000000
gnp,11,27,4,4,1.000000
gnp,15,63,4,4,1.000000
gnp,9,9,5,5,1.000000
gnp,14,37,5,5,1.000000
gnp,13,53,3,3,1.000000
gnp,12,25,6,6,1.000000
gnp,15,33,6,6,1.000000
gnp,14,32,5,5,1.000000
gnp,14,49,5,5,1.000000
gnp,6,13,2,2,1.000000
gnp,11,22,4,4,1.000000
gnp,13,35,5,5,1.000000
gnp,15,20,8,8,1.000000
gnp,7,7,4,4,1.000000
gnp,13,31,5,5,1.000000
gnp,8,12,3,3,1.000000
gnp,8,20,2,2,1.000000
gnp,7,12,3,3,1.000000
gnp,16,38,6,6,1.000000
gnp,8,16,3,3,1.000000
gnp,15,67,4,4,1.000000
gnp,16,89,4,4,1.000000
gnp,11,28,4,4,1.000000
gnp,12,14,7,7,1.000000
gnp,14,47,4,4,1.000000
gnp,11,26,4,4,1.000000
gnp,6,12,2,2,1.000000
gnp,11,32,4,4,1.000000
gnp,13,38,5,5,1.000000
gnp,9,17,4,4,1.000000
gnp,15,70,5,5,1.000000
gnp,6,10,2,2,1.000000
gnp,7,4,5,5,1.000000
gnp,6,6,4,4,1.000000
gnp,14,62,4,4,1.000000
gnp,12,10,7,7,1.000000
gnp,14,16,7,7,1.000000
gnp,8,1,7,7,1.000000
gnp,6,11,2,2,1.000000
gnp,16,76,4,4,1.000000
gnp,7,4,5,5,1.000000
gnp,12,47,3,3,1.000000
gnp,9,17,3,3,1.000000
gnp,9,26,3,3,1.000000
gnp,10,29,3,3,1.000000
gnp,12,26,5,5,1.000000
gnp,6,5,3,3,1.000000
gnp,15,63,4,4,1.000000
gnp,11,30,4,4,1.000000
gnp,13,65,3,3,1.000000
gnp,15,36,6,6,1.000000
gnp,6,5,3,3,1.000000
gnp,13,19,6,6,1.000000
gnp,7,8,4,4,1.000000
gnp,15,83,3,3,1.000000
gnp,10,39,2,2,1.000000
gnp,9,23,4,4,1.000000
gnp,11,23,5,5,1.000000
gnp,14,20,7,7,1.000000
gnp,11,18,5,5,1.000000
gnp,8,25,2,2,1.000000
gnp,12,49,3,3,1.000000
gnp,8,8,4,4,1.000000
gnp,14,71,3,3,1.000000
gnp,15,39,6,6,1.000000
gnp,10,6,6,6,1.000000
gnp,10,18,5,5,1.000000
gnp,15,72,4,4,1.000000
gnp,6,4,4,4,1.000000
gnp,6,7,3,3,1.000000
gnp,10,20,4,4,1.000000
gnp,16,36,6,6,1.000000
gnp,10,14,5,5,1.000000
gnp,15,34,6,6,1.000000
gnp,14,59,4,4,1.000000
gnp,9,5,6,6,1.000000
gnp,15,38,6,6,1.000000
gnp,14,23,6,6,1.000000
gnp,9,28,3,3,1.000000
gnp,10,10,6,6,1.000000
gnp,16,85,3,3,1.000000
gnp,11,33,4,4,1.000000
gnp,7,17,2,2,1.000000
gnp,9,29,2,2,1.000000
gnp,6,6,3,3,1.000000
gnp,16,66,4,4,1.000000
gnp,8,9,4,4,1.000000
gnp,15,64,4,4,1.000000
gnp,16,37,7,7,1.000000
gnp,9,20,4,4,1.000000
gnp,16,47,6,6,1.000000
gnp,12,52,3,3,1.000000
gnp,16,54,5,5,1.000000
gnp,14,54,4,4,1.000000
gnp,7,14,3,3,1.000000
gnp,6,10,2,2,1.000000
gnp,14,30,6,6,1.000000
gnp,10,14,5,5,1.000000
gnp,6,7,3,3,1.000000
gnp,12,15,7,7,1.000000
gnp,16,73,4,4,1.000000
gnp,6,3,4,4,1.000000
gnp,9,16,4,4,1.000000
gnp,13,23,5,5,1.000000
gnp,14,18,7,7,1.000000
gnp,7,5,4,4,1.000000
gnp,7,15,2,2,1.000000
gnp,6,6,3,3,1.000000
gnp,12,52,3,3,1.000000
gnp,7,12,3,3,1.000000
gnp,6,12,2,2,1.000000
gnp,8,16,3,3,1.000000
gnp,11,40,3,3,1.000000
gnp,6,6,4,4,1.000000
gnp,9,24,3,3,1.000000
gnp,9,13,5,5,1.000000
gnp,13,35,4,4,1.000000
gnp,7,12,3,3,1.000000
gnp,10,34,3,3,1.000000
gnp,16,92,3,3,1.000000
gnp,11,19,5,5,1.000000
gnp,7,4,5,5,1.000000
gnp,10,32,3,3,1.000000
gnp,13,63,3,3,1.000000
gnp,7,16,2,2,1.000000
gnp,11,15,5,5,1.000000
gnp,8,15,3,3,1.000000
gnp,10,22,4,4,1.000000
gnp,11,9,7,7,1.000000
gnp,16,89,3,3,1.000000
gnp,7,18,2,2,1.000000
gnp,7,16,3,3,1.000000
gnp,7,8,4,4,1.000000
gnp,13,63,3,3,1.000000
gnp,14,79,3,3,1.000000
gnp,11,28,5,5,1.000000
gnp,12,40,4,4,1.000000
gnp,16,50,6,6,1.000000
gnp,14,10,9,9,1.000000
gnp,14,54,5,5,1.000000
gnp,15,36,7,7,1.000000
gnp,11,37,3,3,1.000000
gnp,13,37,5,5,1.000000
gnp,6,6,3,3,1.000000
gnp,11,23,5,5,1.000000
gnp,9,18,4,4,1.000000
gnp,9,14,4,4,1.000000
gnp,8,8,5,5,1.000000
gnp,13,16,7,7,1.000000
gnp,11,43,3,3,1.000000
gnp,13,63,3,3,1.000000
gnp,12,16,6,6,1.000000
gnp,16,28,8,8,1.000000
gnp,10,37,2,2,1.000000
gnp,13,14,7,7,1.000000
gnp,16,63,5,5,1.000000
gnp,8,19,3,3,1.000000
gnp,15,85,3,3,1.000000
gnp,13,39,4,4,1.000000
gnp,9,25,3,3,1.000000
gnp,9,25,2,2,1.000000
gnp,16,105,2,2,1.000000
gnp,14,67,3,3,1.000000
gnp,12,38,4,4,1.000000
gnp,7,16,2,2,1.000000
gnp,8,15,3,3,1.000000
gnp,7,9,3,3,1.000000
gnp,9,8,5,5,1.000000
gnp,12,19,5,5,1.000000
gnp,16,66,5,5,1.000000
gnp,14,31,7,7,1.000000
gnp,11,16,6,6,1.000000
gnp,11,37,3,3,1.000000
gnp,7,10,3,3,1.000000
gnp,6,13,2,2,1.000000
gnp,12,24,5,5,1.000000
gnp,8,16,4,4,1.000000
gnp,13,18,7,7,1.000000
gnp,15,16,9,9,1.000000
gnp,15,73,4,4,1.000000
gnp,11,26,4,4,1.000000
gnp,14,51,4,4,1.000000
gnp,16,32,7,7,1.000000
gnp,8,19,3,3,1.000000
gnp,6,8,3,3,1.000000
gnp,14,41,5,5,1.000000
gnp,12,31,4,4,1.000000
gnp,10,24,3,3,1.000000
gnp,16,82,3,3,1.000000
gnp,9,5,7,7,1.000000
gnp,11,32,4,4,1.000000
gnp,14,42,5,5,1.000000
gnp,12,30,5,5,1.000000
gnp,12,29,5,5,1.000000
gnp,9,12,4,4,1.000000
gnp,12,14,7,7,1.000000
gnp,8,20,2,2,1.000000
gnp,14,64,3,3,1.000000
gnp,9,25,3,3,1.000000
gnp,10,24,4,4,1.000000
gnp,16,56,6,6,1.000000
gnp,16,29,8,8,1.000000
gnp,10,38,2,2,1.000000
gnp,16,24,8,8,1.000000
gnp,6,8,2,2,1.000000
gnp,12,31,4,4,1.000000
gnp,12,17,6,6,1.000000
gnp,14,24,7,7,1.000000
gnp,10,12,4,4,1.000000
gnp,14,56,4,4,1.000000
gnp,15,92,2,2,1.000000
gnp,8,8,5,5,1.000000
gnp,7,15,3,3,1.000000
gnp,16,21,8,8,1.000000
gnp,14,43,5,5,1.000000
gnp,12,37,3,3,1.000000
gnp,6,11,3,3,1.000000
gnp,8,21,2,2,1.000000
gnp,10,23,4,4,1.000000
gnp,16,29,7,7,1.000000
gnp,15,65,4,4,1.000000
gnp,14,65,3,3,1.000000
gnp,12,54,3,3,1.000000
gnp,10,21,4,4,1.000000
gnp,12,24,6,6,1.000000
gnp,14,40,6,6,1.000000
gnp,13,63,3,3,1.000000
gnp,8,22,2,2,1.000000
gnp,11,6,8,8,1.000000
gnp,16,40,6,6,1.000000
gnp,14,53,4,4,1.000000
gnp,10,24,4,4,1.000000
gnp,13,18,7,7,1.000000
gnp,16,101,3,3,1.000000
gnp,8,15,3,3,1.000000
gnp,6,6,3,3,1.000000
gnp,11,31,4,4,1.000000
gnp,12,32,4,4,1.000000
gnp,10,23,4,4,1.000000
gnp,9,20,3,3,1.000000
gnp,13,57,3,3,1.000000
gnp,13,44,3,3,1.000000
gnp,11,17,5,5,1.000000
gnp,8,16,3,3,1.000000
gnp,10,26,4,4,1.000000
gnp,8,4,5,5,1.000000
gnp,14,69,3,3,1.000000
gnp,11,39,3,3,1.000000
gnp,6,7,3,3,1.000000
gnp,8,4,6,6,1.000000
gnp,12,28,5,5,1.000000
gnp,8,12,4,4,1.000000
gnp,8,10,4,4,1.000000
gnp,11,33,4,4,1.000000
gnp,9,32,2,2,1.000000
gnp,10,32,3,3,1.000000
gnp,9,28,3,3,1.000000
gnp,9,7,5,5,1.000000
gnp,11,7,7,7,1.000000
gnp,13,21,6,6,1.000000
gnp,8,19,3,3,1.000000
gnp,14,22,7,7,1.000000
gnp,10,11,6,6,1.000000
gnp,13,55,3,3,1.000000
gnp,10,13,6,6,1.000000
gnp,8,21,2,2,1.000000
gnp,14,13,8,8,1.000000
gnp,6,7,3,3,1.000000
gnp,7,11,3,3,1.000000
gnp,16,45,6,6,1.000000
gnp,15,64,3,3,1.000000
gnp,6,6,4,4,1.000000
gnp,10,35,2,2,1.000000
gnp,16,21,9,9,1.000000
gnp,11,24,4,4,1.000000
gnp,9,19,3,3,1.000000
gnp,7,3,5,5,1.000000
gnp,13,28,5,5,1.000000
gnp,13,49,4,4,1.000000
gnp,15,30,6,6,1.000000
gnp,13,18,7,7,1.000000
gnp,6,2,5,5,1.000000
gnp,11,26,4,4,1.000000
gnp,14,36,5,5,1.000000
gnp,9,17,3,3,1.000000
gnp,15,43,6,6,1.000000
gnp,6,8,2,2,1.000000
gnp,12,26,5,5,1.000000
gnp,10,29,3,3,1.000000
gnp,10,7,6,6,1.000000
gnp,14,21,9,9,1.000000
gnp,9,15,5,5,1.000000
gnp,14,50,4,4,1.000000
gnp,8,18,3,3,1.000000
gnp,6,7,3,3,1.000000
gnp,11,12,6,6,1.000000
gnp,8,17,3,3,1.000000
gnp,13,67,2,2,1.000000
gnp,8,16,3,3,1.000000
gnp,12,36,3,4,1.333333
gnp,9,26,3,3,1.000000
gnp,12,20,5,5,1.000000
gnp,14,21,7,7,1.000000
gnp,8,10,4,4,1.000000
gnp,9,14,3,3,1.000000
gnp,12,43,4,4,1.000000
gnp,15,85,3,3,1.000000
gnp,15,31,6,6,1.000000
gnp,15,69,4,4,1.000000
gnp,9,22,4,4,1.000000
gnp,12,8,8,8,1.000000
gnp,9,8,5,5,1.000000
gnp,9,17,4,4,1.000000
gnp,7,5,4,4,1.000000
gnp,10,11,5,5,1.000000
gnp,10,26,4,4,1.000000
gnp,16,88,3,3,1.000000
gnp,13,16,6,6,1.000000
gnp,15,87,2,2,1.000000
gnp,14,17,7,7,1.000000
gnp,11,40,3,3,1.000000
gnp,11,34,4,4,1.000000
gnp,9,22,3,3,1.000000
gnp,6,8,3,3,1.000000
gnp,6,10,3,3,1.000000
gnp,12,34,4,4,1.000000
gnp,6,8,3,3,1.000000
gnp,10,35,3,3,1.000000
gnp,11,27,4,4,1.000000
gnp,9,4,6,6,1.000000
gnp,7,13,3,3,1.000000
gnp,16,53,5,5,1.000000
gnp,16,79,4,4,1.000000
gnp,12,23,5,5,1.000000
gnp,8,11,4,4,1.000000
gnp,10,32,3,3,1.000000
gnp,6,6,3,3,1.000000
gnp,13,63,2,2,1.000000
gnp,13,64,3,3,1.000000
gnp,8,13,4,4,1.000000
gnp,8,14,4,4,1.000000
gnp,14,78,3,3,1.000000
gnp,8,20,3,3,1.000000
gnp,16,29,8,8,1.000000
gnp,15,81,3,3,1.000000
gnp,16,64,5,5,1.000000
gnp,11,37,3,3,1.000000
gnp,11,19,6,6,1.000000
gnp,6,9,3,3,1.000000
gnp,9,16,4,4,1.000000
gnp,9,12,4,4,1.000000
gnp,11,27,4,4,1.000000
gnp,6,8,3,3,1.000000
gnp,12,40,4,4,1.000000
gnp,10,26,3,3,1.000000
gnp,10,30,3,3,1.000000
gnp,6,0,6,6,1.000000
gnp,6,12,2,2,1.000000
gnp,12,9,7,7,1.000000
gnp,7,2,5,5,1.000000
gnp,10,39,2,2,1.000000
gnp,13,45,5,5,1.000000
gnp,8,14,4,4,1.000000
gnp,8,14,3,3,1.000000
gnp,10,11,6,6,1.000000
gnp,10,14,5,5,1.000000
gnp,15,76,3,3,1.000000
gnp,11,18,5,5,1.000000
gnp,9,28,2,2,1.000000
gnp,16,89,3,3,1.000000
gnp,10,17,5,5,1.000000
gnp,14,72,3,3,1.000000
gnp,14,59,4,4,1.000000
gnp,16,64,5,5,1.000000
gnp,6,13,2,2,1.000000
gnp,9,33,2,2,1.000000
gnp,11,35,3,3,1.000000
gnp,12,42,3,3,1.000000
gnp,13,25,6,6,1.000000
gnp,9,23,3,3,1.000000
gnp,16,15,10,10,1.000000
gnp,9,26,2,2,1.000000
gnp,6,11,2,2,1.000000
gnp,11,20,5,5,1.000000
gnp,6,5,3,3,1.000000
gnp,7,8,4,4,1.000000
gnp,13,30,5,5,1.000000
gnp,13,56,3,3,1.000000
gnp,13,20,7,7,1.000000
gnp,13,44,4,4,1.000000
gnp,7,6,4,4,1.000000
gnp,11,11,7,7,1.000000
gnp,8,24,2,2,1.000000
gnp,8,18,3,3,1.000000
gnp,10,13,5,5,1.000000
gnp,13,67,2,2,1.000000
gnp,13,28,5,5,1.000000
gnp,13,15,7,7,1.000000
gnp,10,16,4,4,1.000000
gnp,12,36,4,4,1.000000
gnp,15,18,9,9,1.000000
gnp,12,22,5,5,1.000000
gnp,8,12,4,4,1.000000
gnp,10,18,4,4,1.000000
gnp,14,22,6,6,1.000000
gnp,16,26,8,8,1.000000
gnp,12,44,3,3,1.000000
gnp,11,30,3,3,1.000000
gnp,6,9,2,2,1.000000
gnp,12,55,3,3,1.000000
gnp,10,6,6,6,1.000000
gnp,9,6,6,6,1.000000
gnp,8,21,2,2,1.000000
gnp,12,32,5,5,1.000000
gnp,12,50,3,3,1.000000
gnp,16,15,9,9,1.000000
gnp,16,29,7,7,1.000000
gnp,16,101,3,3,1.000000
gnp,12,50,3,3,1.000000
gnp,9,15,4,4,1.000000
gnp,14,65,4,4,1.000000
gnp,13,40,4,4,1.000000
gnp,11,31,4,4,1.000000
gnp,9,30,2,2,1.000000
gnp,11,25,4,4,1.000000
gnp,7,4,5,5,1.000000
gnp,14,58,4,4,1.000000
gnp,10,19,4,4,1.000000
gnp,8,13,4,4,1.000000
gnp,7,4,5,5,1.000000
gnp,11,29,4,4,1.000000
gnp,6,7,3,3,1.000000
gnp,15,89,3,3,1.000000
gnp,14,46,5,5,1.000000
gnp,10,10,6,6,1.000000
gnp,9,15,5,5,1.000000
gnp,16,34,7,7,1.000000
gnp,14,39,5,5,1.000000
gnp,12,27,5,5,1.000000
gnp,6,2,4,4,1.000000
gnp,11,27,4,4,1.000000
gnp,11,13,6,6,1.000000
gnp,11,7,8,8,1.000000
gnp,13,58,3,3,1.000000
gnp,15,41,5,5,1.000000
gnp,8,16,3,3,1.000000
gnp,10,34,3,3,1.000000
gnp,11,26,4,4,1.000000
gnp,16,26,8,8,1.000000
gnp,12,40,4,4,1.000000
gnp,9,31,2,2,1.000000
gnp,7,8,4,4,1.000000
gnp,7,13,3,3,1.000000
gnp,11,20,5,5,1.000000
gnp,8,22,2,2,1.000000
gnp,13,9,9,9,1.000000
gnp,6,5,3,3,1.000000
gnp,8,21,3,3,1.000000
gnp,7,16,2,2,1.000000
gnp,6,12,2,2,1.000000
gnp,9,14,4,4,1.000000
gnp,14,50,4,4,1.000000
gnp,8,20,2,2,1.000000
gnp,13,48,4,4,1.000000
gnp,6,9,3,3,1.000000
gnp,11,26,4,4,1.000000
gnp,11,40,4,4,1.000000
gnp,14,21,7,7,1.000000
gnp,9,8,5,5,1.000000
gnp,11,49,2,2,1.000000
gnp,6,10,2,2,1.000000
gnp,11,50,2,2,1.000000
gnp,15,57,5,5,1.000000
gnp,7,14,3,3,1.000000
gnp,7,8,4,4,1.000000
gnp,15,44,5,5,1.000000
gnp,8,26,2,2,1.000000
gnp,8,19,3,3,1.000000
gnp,12,53,3,3,1.000000
gnp,10,10,5,5,1.000000
gnp,8,17,4,4,1.000000
gnp,15,57,3,3,1.000000
gnp,12,41,4,4,1.000000
gnp,13,57,3,3,1.000000
gnp,15,53,5,5,1.000000
gnp,15,83,3,3,1.000000
gnp,15,20,8,8,1.000000
gnp,12,9,9,9,1.000000
gnp,6,6,3,3,1.000000
gnp,10,29,3,3,1.000000
gnp,12,53,3,3,1.000000
gnp,13,54,3,3,1.000000
gnp,12,27,4,4,1.000000
gnp,14,53,4,4,1.000000
gnp,6,5,4,4,1.000000
gnp,6,2,5,5,1.000000
gnp,10,27,3,3,1.000000
gnp,10,24,4,4,1.000000
gnp,8,21,3,3,1.000000
gnp,9,22,4,4,1.000000
gnp,8,22,2,2,1.000000
gnp,13,62,3,3,1.000000
gnp,14,75,3,3,1.000000
gnp,10,16,4,4,1.000000
gnp,12,23,5,5,1.000000
gnp,16,92,3,3,1.000000
gnp,11,27,5,5,1.000000
gnp,14,41,6,6,1.000000
gnp,11,38,3,3,1.000000
gnp,15,37,6,6,1.000000
gnp,14,24,6,6,1.000000
gnp,16,87,4,4,1.000000
gnp,8,16,3,3,1.000000
gnp,14,48,4,4,1.000000
gnp,15,37,5,5,1.000000
gnp,15,42,5,5,1.000000
gnp,15,32,6,6,1.000000
gnp,16,87,4,4,1.000000
gnp,8,24,2,2,1.000000
gnp,8,10,4,4,1.000000
gnp,14,30,7,7,1.000000
gnp,13,31,5,5,1.000000
gnp,7,9,3,3,1.000000
gnp,11,30,4,4,1.000000
gnp,14,67,3,3,1.000000
gnp,8,22,2,2,1.000000
gnp,14,16,8,8,1.000000
gnp,13,14,7,7,1.000000
gnp,12,13,7,7,1.000000
gnp,11,36,4,4,1.000000
gnp,8,18,3,3,1.000000
gnp,10,21,4,4,1.000000
gnp,16,40,6,6,1.000000
gnp,16,35,6,6,1.000000
gnp,15,18,8,8,1.000000
gnp,8,22,3,3,1.000000
gnp,14,38,5,5,1.000000
gnp,13,55,3,3,1.000000
gnp,12,35,4,4,1.000000
gnp,10,23,4,4,1.000000
gnp,6,9,3,3,1.000000
gnp,7,13,3,3,1.000000
gnp,10,10,5,5,1.000000
gnp,14,32,5,5,1.000000
gnp,14,20,8,8,1.000000
gnp,7,14,3,3,1.000000
gnp,13,53,3,3,1.000000
gnp,16,36,6,6,1.000000
gnp,8,7,4,4,1.000000
gnp,15,38,6,6,1.000000
gnp,8,10,5,5,1.000000
gnp,13,41,4,4,1.000000
gnp,13,39,4,4,1.000000
gnp,13,51,3,3,1.000000
gnp,8,27,2,2,1.000000
gnp,8,10,5,5,1.000000
gnp,14,34,6,6,1.000000
gnp,9,27,2,2,1.000000
gnp,14,31,7,7,1.000000
gnp,14,43,5,5,1.000000
gnp,8,19,3,3,1.000000
gnp,16,43,6,6,1.000000
gnp,16,83,4,4,1.000000
gnp,11,38,3,3,1.000000
gnp,13,58,3,3,1.000000
gnp,12,38,4,4,1.000000
gnp,16,73,5,5,1.000000
gnp,9,7,6,6,1.000000
gnp,8,25,2,2,1.000000
gnp,10,19,4,4,1.000000
gnp,16,73,4,4,1.000000
gnp,15,90,3,3,1.000000
gnp,13,45,4,4,1.000000
gnp,14,79,3,3,1.000000
gnp,9,24,2,2,1.000000
gnp,9,30,2,2,1.000000
gnp,15,70,4,4,1.000000
gnp,15,19,8,8,1.000000
gnp,7,18,2,2,1.000000
gnp,13,16,7,7,1.000000
gnp,16,27,7,7,1.000000
gnp,13,26,6,6,1.000000
gnp,15,43,5,5,1.000000
gnp,16,37,6,6,1.000000
gnp,11,23,5,5,1.000000
gnp,16,47,6,6,1.000000
gnp,13,35,5,5,1.000000
gnp,8,4,5,5,1.000000
gnp,6,10,2,2,1.000000
gnp,10,16,4,4,1.000000
gnp,16,54,5,5,1.000000
gnp,12,14,7,7,1.000000
gnp,11,31,4,4,1.000000
gnp,7,10,3,3,1.000000
gnp,15,70,4,4,1.000000
gnp,7,12,3,3,1.000000
gnp,16,62,5,5,1.000000
gnp,10,24,4,4,1.000000
gnp,14,47,4,4,1.000000
gnp,10,7,8,8,1.000000
gnp,13,62,3,3,1.000000
gnp,15,85,3,3,1.000000
gnp,11,42,3,3,1.000000
gnp,15,49,5,5,1.000000
gnp,6,13,2,2,1.000000
gnp,7,8,4,4,1.000000
gnp,8,20,2,2,1.000000
gnp,8,22,2,2,1.000000
gnp,9,27,3,3,1.000000
gnp,11,17,5,5,1.000000
gnp,13,28,6,6,1.000000
gnp,16,52,5,5,1.000000
gnp,9,9,5,5,1.000000
gnp,12,48,3,3,1.000000
gnp,14,70,3,3,1.000000
gnp,6,5,4,4,1.000000
gnp,6,4,4,4,1.000000
gnp,15,27,8,8,1.000000
gnp,13,57,3,3,1.000000
gnp,16,98,3,3,1.000000
gnp,14,19,7,7,1.000000
gnp,7,21,1,1,1.000000
gnp,13,53,3,3,1.000000
gnp,12,48,3,3,1.000000
gnp,15,67,4,4,1.000000
gnp,13,18,6,6,1.000000
gnp,13,15,7,7,1.000000
gnp,10,29,3,3,1.000000
gnp,12,30,4,4,1.000000
gnp,6,3,4,4,1.000000
gnp,9,11,6,6,1.000000
gnp,8,22,2,2,1.000000
gnp,14,38,5,5,1.000000
gnp,13,19,7,7,1.000000
gnp,13,61,2,2,1.000000
gnp,6,8,3,3,1.000000
gnp,14,58,3,3,1.000000
gnp,13,60,3,3,1.000000
gnp,12,46,3,3,1.000000
gnp,8,17,3,3,1.000000
gnp,10,27,3,3,1.000000
gnp,16,43,6,6,1.000000
gnp,7,18,2,2,1.000000
gnp,8,25,2,2,1.000000
gnp,11,15,6,6,1.000000
gnp,10,16,5,5,1.000000
gnp,15,40,5,5,1.000000
gnp,12,49,3,3,1.000000
gnp,9,31,2,2,1.000000
gnp,16,53,6,6,1.000000
gnp,8,22,2,2,1.000000
gnp,6,10,3,3,1.000000
gnp,12,17,6,6,1.000000
gnp,14,42,4,4,1.000000
gnp,10,35,3,3,1.000000
gnp,7,8,4,4,1.000000
gnp,9,26,3,3,1.000000
gnp,16,100,3,3,1.000000
gnp,15,42,5,5,1.000000
gnp,13,60,3,3,1.000000
gnp,15,35,6,6,1.000000
gnp,13,41,5,5,1.000000
gnp,11,27,4,4,1.000000
gnp,13,26,6,6,1.000000
gnp,15,76,3,3,1.000000
gnp,15,67,4,4,1.000000
gnp,11,24,4,4,1.000000
gnp,13,11,8,8,1.000000
gnp,15,28,6,6,1.000000
gnp,9,32,2,2,1.000000
gnp,14,49,4,4,1.000000
gnp,10,22,4,4,1.000000
gnp,7,8,4,4,1.000000
gnp,7,11,3,3,1.000000
gnp,7,14,3,3,1.000000
gnp,14,25,7,7,1.000000
gnp,7,16,2,2,1.000000
gnp,12,44,3,3,1.000000
gnp,12,40,4,4,1.000000
gnp,11,28,4,4,1.000000
gnp,8,4,6,6,1.000000
gnp,11,43,3,3,1.000000
gnp,14,36,5,5,1.000000
gnp,12,16,7,7,1.000000
gnp,8,18,3,3,1.000000
gnp,15,83,3,3,1.000000
gnp,11,46,3,3,1.000000
gnp,14,51,4,4,1.000000
gnp,11,36,3,3,1.000000
gnp,11,36,4,4,1.000000
gnp,10,21,5,5,1.000000
gnp,12,34,4,4,1.000000
gnp,13,22,6,6,1.000000
gnp,16,49,7,7,1.000000
gnp,13,51,3,3,1.000000
gnp,7,14,3,3,1.000000
gnp,14,75,2,2,1.000000
gnp,14,43,5,5,1.000000
gnp,11,28,5,5,1.000000
gnp,11,40,3,3,1.000000
gnp,14,18,8,8,1.000000
gnp,11,30,3,3,1.000000
gnp,6,10,3,3,1.000000
gnp,13,39,5,5,1.000000
gnp,10,14,5,5,1.000000
gnp,15,29,7,7,1.000000
gnp,12,20,5,5,1.000000
gnp,16,40,6,6,1.000000
gnp,9,25,3,3,1.000000
gnp,10,35,4,4,1.000000
gnp,10,27,3,3,1.000000
gnp,9,14,4,4,1.000000
gnp,15,85,3,3,1.000000
gnp,8,17,3,3,1.000000
gnp,8,13,3,3,1.000000
gnp,11,7,7,7,1.000000
gnp,13,25,7,7,1.000000
gnp,9,14,4,4,1.000000
gnp,6,8,3,3,1.000000
gnp,7,11,4,4,1.000000
gnp,11,40,3,3,1.000000
gnp,10,17,4,4,1.000000
gnp,6,6,3,3,1.000000
gnp,8,17,3,3,1.000000
gnp,11,47,3,3,1.000000
gnp,13,30,5,5,1.000000
gnp,12,10,9,9,1.000000
gnp,15,29,6,6,1.000000
gnp,13,46,4,4,1.000000
gnp,9,11,6,6,1.000000
gnp,9,18,4,4,1.000000
gnp,14,38,5,5,1.000000
gnp,14,53,4,4,1.000000
gnp,16,98,3,3,1.000000
gnp,7,6,4,4,1.000000
gnp,10,18,4,4,1.000000
gnp,7,17,2,2,1.000000
gnp,15,42,5,5,1.000000
gnp,13,29,6,6,1.000000
gnp,13,26,6,6,1.000000
gnp,16,36,6,6,1.000000
gnp,9,11,5,5,1.000000
gnp,13,23,6,6,1.000000
gnp,15,23,7,7,1.000000
gnp,11,21,5,5,1.000000
gnp,8,22,2,2,1.000000
gnp,16,85,4,4,1.000000
gnp,11,27,5,5,1.000000
gnp,10,15,4,4,1.000000
gnp,13,24,7,7,1.000000
gnp,14,43,5,5,1.000000
gnp,11,38,3,3,1.000000
gnp,15,23,7,7,1.000000
gnp,8,13,3,3,1.000000
gnp,16,91,4,4,1.000000
gnp,7,19,2,2,1.000000
gnp,15,29,6,6,1.000000
gnp,12,23,6,6,1.000000
gnp,11,39,3,3,1.000000
gnp,11,31,3,3,1.000000
gnp,11,46,2,2,1.000000
gnp,15,46,6,6,1.000000
gnp,14,31,6,6,1.000000
gnp,15,47,5,5,1.000000
gnp,14,50,4,4,1.000000
gnp,16,47,5,5,1.000000
gnp,14,58,3,3,1.000000
gnp,13,66,2,2,1.000000
gnp,12,28,5,5,1.000000
gnp,13,22,7,7,1.000000
gnp,12,49,4,4,1.000000
gnp,6,9,3,3,1.000000
gnp,14,67,3,3,1.000000
gnp,6,6,3,3,1.000000
gnp,16,79,4,4,1.000000
gnp,11,37,3,3,1.000000
gnp,8,16,3,3,1.000000
gnp,15,85,4,4,1.000000
gnp,16,25,8,8,1.000000
gnp,15,32,7,7,1.000000
gnp,8,14,3,3,1.000000
gnp,13,37,5,5,1.000000
gnp,10,16,5,5,1.000000
gnp,11,39,3,3,1.000000
gnp,11,23,5,5,1.000000
gnp,7,11,3,3,1.000000
gnp,9,19,4,4,1.000000
gnp,8,11,4,4,1.000000
gnp,14,18,8,8,1.000000
gnp,16,22,8,8,1.000000
gnp,6,10,3,3,1.000000
gnp,9,27,3,3,1.000000
gnp,11,15,5,5,1.000000
gnp,11,35,3,3,1.000000
gnp,8,11,4,4,1.000000
gnp,15,83,3,3,1.000000
gnp,13,48,3,3,1.000000
gnp,11,8,7,7,1.000000
gnp,6,4,4,4,1.000000
gnp,13,19,7,7,1.000000
gnp,14,17,9,9,1.000000
gnp,14,22,7,7,1.000000
gnp,6,11,2,2,1.000000
gnp,13,64,3,3,1.000000
gnp,9,14,5,5,1.000000
gnp,7,8,3,3,1.000000
gnp,10,12,5,5,1.000000
gnp,7,9,4,4,1.000000
gnp,12,36,4,4,1.000000
gnp,14,28,6,6,1.000000
gnp,6,8,3,3,1.000000
gnp,16,97,3,3,1.000000
gnp,12,45,3,3,1.000000
gnp,12,25,5,5,1.000000
gnp,14,28,6,6,1.000000
gnp,16,56,5,5,1.000000
gnp,13,40,4,4,1.000000
gnp,15,45,5,5,1.000000
gnp,11,16,6,6,1.000000
gnp,11,50,2,2,1.000000
gnp,13,68,3,3,1.000000
gnp,11,50,2,2,1.000000
gnp,6,6,3,3,1.000000
gnp,6,9,3,3,1.000000
gnp,11,32,4,4,1.000000
gnp,9,10,5,5,1.000000
gnp,11,34,4,4,1.000000
gnp,6,6,3,3,1.000000
gnp,10,38,2,2,1.000000
gnp,10,13,5,5,1.000000
gnp,13,55,3,3,1.000000
gnp,15,33,6,6,1.000000
gnp,12,13,6,6,1.000000
gnp,12,44,4,4,1.000000
gnp,7,7,3,3,1.000000
gnp,16,53,5,5,1.000000
gnp,7,5,4,4,1.000000
gnp,6,10,2,2,1.000000
gnp,16,70,4,4,1.000000
gnp,6,2,5,5,1.000000
gnp,11,29,4,4,1.000000
gnp,16,67,4,4,1.000000
gnp,8,17,3,3,1.000000
gnp,12,53,3,3,1.000000
gnp,16,54,5,5,1.000000
gnp,15,34,6,6,1.000000
gnp,16,47,6,6,1.000000
gnp,16,37,6,6,1.000000
gnp,9,20,4,4,1.000000
gnp,10,24,4,4,1.000000
gnp,10,19,4,4,1.000000
gnp,13,14,7,7,1.000000
gnp,9,11,5,5,1.000000
gnp,16,78,4,4,1.000000
gnp,10,32,3,3,1.000000
gnp,12,48,3,3,1.000000
gnp,6,12,2,2,1.000000
gnp,11,21,5,5,1.000000
gnp,10,36,2,2,1.000000
gnp,13,44,5,5,1.000000
gnp,7,7,4,4,1.000000
gnp,7,15,2,2,1.000000
gnp,15,60,4,4,1.000000
gnp,9,9,6,6,1.000000
gnp,15,54,5,5,1.000000
gnp,12,51,3,3,1.000000
gnp,9,24,3,3,1.000000
gnp,16,70,4,4,1.000000
gnp,15,22,8,8,1.000000
gnp,14,19,7,7,1.000000
gnp,7,9,3,3,1.000000
gnp,10,39,2,2,1.000000
gnp,8,12,4,4,1.000000
gnp,7,5,5,5,1.000000
gnp,9,12,4,4,1.000000
gnp,13,29,6,6,1.000000
gnp,12,19,6,6,1.000000
gnp,15,45,5,5,1.000000
gnp,16,78,4,4,1.000000
gnp,13,27,5,5,1.000000
gnp,14,16,7,7,1.000000
gnp,7,8,4,4,1.000000
gnp,16,40,7,7,1.000000
gnp,13,20,6,6,1.000000
gnp,6,13,2,2,1.000000
gnp,12,58,2,2,1.000000
gnp,10,36,2,2,1.000000
gnp,13,10,8,8,1.000000
gnp,11,9,6,6,1.000000
gnp,10,27,3,3,1.000000
gnp,8,12,3,3,1.000000
gnp,11,32,4,4,1.000000
gnp,15,83,3,3,1.000000
gnp,15,38,6,6,1.000000
gnp,10,8,7,7,1.000000
gnp,9,30,2,2,1.000000
gnp,14,19,6,6,1.000000
gnp,12,17,6,6,1.000000
gnp,14,69,3,3,1.000000
gnp,9,30,2,2,1.000000
gnp,8,8,5,5,1.000000
gnp,13,52,3,3,1.000000
gnp,13,33,5,5,1.000000
gnp,10,25,3,3,1.000000
gnp,6,13,2,2,1.000000
gnp,7,7,4,4,1.000000
gnp,10,14,5,5,1.000000
gnp,11,26,4,4,1.000000
gnp,8,17,3,3,1.000000
gnp,8,22,2,2,1.000000
gnp,14,26,6,6,1.000000
gnp,11,18,6,6,1.000000
gnp,15,66,3,3,1.000000
gnp,8,21,2,2,1.000000
gnp,8,25,2,2,1.000000
gnp,6,5,3,3,1.000000
gnp,14,76,3,3,1.000000
gnp,6,7,3,3,1.000000
gnp,7,7,5,5,1.000000
gnp,9,15,4,4,1.000000
gnp,16,73,5,5,1.000000
gnp,14,75,3,3,1.000000
gnp,8,14,3,3,1.000000
gnp,13,21,6,6,1.000000
gnp,12,19,5,5,1.000000
gnp,12,27,5,5,1.000000
gnp,15,44,5,5,1.000000
gnp,15,64,4,4,1.000000
gnp,12,34,5,5,1.000000
gnp,16,82,4,4,1.000000
gnp,15,67,5,5,1.000000
gnp,10,28,3,3,1.000000
gnp,7,8,4,4,1.000000
gnp,11,24,5,5,1.000000
gnp,8,25,2,2,1.000000
gnp,12,34,4,4,1.000000
gnp,16,43,6,6,1.000000
gnp,16,51,6,6,1.000000
gnp,16,54,5,5,1.000000
gnp,6,10,3,3,1.000000
gnp,7,17,2,2,1.000000
gnp,7,12,3,3,1.000000
gnp,11,11,7,7,1.000000
gnp,9,16,4,4,1.000000
gnp,9,11,5,5,1.000000
gnp,16,100,3,3,1.000000
gnp,14,19,6,6,1.000000
gnp,12,31,4,4,1.000000
gnp,8,7,4,4,1.000000
gnp,14,21,7,7,1.000000
gnp,15,35,6,6,1.000000
gnp,9,6,5,5,1.000000
gnp,10,28,4,4,1.000000
gnp,15,47,5,5,1.000000
gnp,11,26,5,5,1.000000
gnp,7,14,2,2,1.000000
gnp,6,6,4,4,1.000000
gnp,6,9,3,3,1.000000
gnp,9,22,3,3,1.000000
gnp,6,3,4,4,1.000000
gnp,8,15,3,3,1.000000
gnp,8,11,4,4,1.000000
gnp,14,51,4,4,1.000000
gnp,8,24,2,2,1.000000
gnp,7,13,3,3,1.000000
gnp,12,56,3,3,1.000000
gnp,9,14,4,4,1.000000
gnp,8,4,6,6,1.000000
gnp,6,1,5,5,1.000000
gnp,15,81,3,3,1.000000
gnp,16,23,8,8,1.000000
gnp,15,82,3,3,1.000000
gnp,6,6,3,3,1.000000
gnp,16,50,6,6,1.000000
gnp,14,43,5,5,1.000000
gnp,6,11,2,2,1.000000
gnp,12,31,5,5,1.000000
gnp,14,78,2,2,1.000000
gnp,7,9,3,3,1.000000
gnp,9,19,4,4,1.000000
gnp,6,5,3,3,1.000000
gnp,7,17,2,2,1.000000
gnp,15,21,7,7,1.000000
gnp,15,81,3,3,1.000000
gnp,6,12,2,2,1.000000
gnp,16,48,6,6,1.000000
gnp,6,4,4,4,1.000000
gnp,16,100,3,3,1.000000
gnp,10,23,3,3,1.000000
gnp,16,42,6,6,1.000000
gnp,7,8,4,4,1.000000
gnp,9,15,4,4,1.000000
gnp,8,4,5,5,1.000000
gnp,8,7,5,5,1.000000
gnp,16,72,4,4,1.000000
gnp,10,12,5,5,1.000000
gnp,15,61,4,4,1.000000
gnp,14,49,4,4,1.000000
gnp,13,49,3,3,1.000000
gnp,10,14,5,5,1.000000
gnp,14,51,5,5,1.000000
gnp,11,33,4,4,1.000000
gnp,14,17,8,8,1.000000
gnp,16,88,3,3,1.000000
gnp,10,31,3,3,1.000000
gnp,12,23,5,5,1.000000
gnp,13,60,3,3,1.000000
gnp,16,73,4,4,1.000000
gnp,10,36,3,3,1.000000
gnp,14,27,6,6,1.000000
gnp,11,11,6,6,1.000000
gnp,13,61,3,3,1.000000
gnp,9,11,4,4,1.000000
gnp,7,16,2,2,1.000000
gnp,9,29,3,3,1.000000
gnp,10,13,6,6,1.000000
gnp,7,16,2,2,1.000000
gnp,16,47,6,6,1.000000
gnp,10,7,6,6,1.000000
gnp,7,7,4,4,1.000000
gnp,7,15,3,3,1.000000
gnp,9,15,4,4,1.000000
gnp,12,25,5,5,1.000000
gnp,12,9,8,8,1.000000
gnp,7,16,3,3,1.000000
gnp,8,22,2,2,1.000000
gnp,9,8,6,6,1.000000
gnp,7,6,4,4,1.000000
gnp,9,12,4,4,1.000000
gnp,13,14,8,8,1.000000
gnp,7,12,3,3,1.000000
gnp,11,22,4,4,1.000000
gnp,6,4,4,4,1.000000
gnp,15,64,3,3,1.000000
gnp,6,10,2,2,1.000000
gnp,6,10,2,2,1.000000
gnp,12,40,4,4,1.000000
gnp,16,39,7,7,1.000000
gnp,9,13,4,4,1.000000
gnp,7,7,4,4,1.000000
gnp,9,16,4,4,1.000000
gnp,7,9,3,3,1.000000
gnp,8,16,3,3,1.000000
gnp,13,67,3,3,1.000000
gnp,12,31,4,4,1.000000
gnp,6,3,3,3,1.000000
gnp,9,13,4,4,1.000000
gnp,13,32,5,5,1.000000
gnp,16,40,6,6,1.000000
gnp,11,27,4,4,1.000000
gnp,11,21,5,5,1.000000
gnp,13,60,3,3,1.000000
gnp,16,79,3,3,1.000000
gnp,12,56,3,3,1.000000
gnp,14,36,5,5,1.000000
gnp,12,50,3,3,1.000000
gnp,7,10,3,3,1.000000
gnp,11,35,3,3,1.000000
gnp,7,4,5,5,1.000000
gnp,10,9,6,6,1.000000
gnp,14,39,6,6,1.000000
gnp,10,37,2,2,1.000000
gnp,9,9,5,5,1.000000
gnp,13,14,7,7,1.000000
gnp,10,11,5,5,1.000000
gnp,16,53,5,5,1.000000
gnp,10,32,3,3,1.000000
gnp,16,22,8,8,1.000000
gnp,13,47,4,4,1.000000
gnp,9,11,5,5,1.000000
gnp,16,104,3,3,1.000000
gnp,13,30,5,5,1.000000
gnp,13,13,9,9,1.000000
gnp,9,23,3,3,1.000000
gnp,7,7,3,3,1.000000
gnp,13,25,6,6,1.000000
gnp,7,10,3,3,1.000000
gnp,13,15,7,7,1.000000
gnp,11,23,4,4,1.000000
gnp,11,43,2,2,1.000000
gnp,10,6,7,7,1.000000
gnp,15,17,9,9,1.000000
gnp,10,35,2,2,1.000000
gnp,6,12,3,3,1.000000
gnp,14,68,3,3,1.000000
gnp,10,10,5,5,1.000000
gnp,10,15,5,5,1.000000
gnp,10,36,2,2,1.000000
gnp,7,3,5,5,1.000000
gnp,11,40,3,3,1.000000
gnp,12,15,6,6,1.000000
gnp,8,10,5,5,1.000000
gnp,16,53,6,6,1.000000
gnp,8,19,3,3,1.000000
gnp,12,54,2,2,1.000000
gnp,12,14,6,6,1.000000
gnp,7,14,3,3,1.000000
gnp,15,33,6,6,1.000000
gnp,12,27,5,5,1.000000
gnp,7,17,2,2,1.000000
gnp,10,21,4,4,1.000000
gnp,9,26,3,3,1.000000
gnp,7,17,2,2,1.000000
gnp,15,76,4,4,1.000000
gnp,12,11,7,7,1.000000
gnp,16,96,3,3,1.000000
gnp,7,13,3,3,1.000000
gnp,13,65,3,3,1.000000
gnp,9,19,4,4,1.000000
gnp,16,58,5,5,1.000000
gnp,16,30,8,8,1.000000
gnp,13,40,5,5,1.000000
gnp,16,52,5,5,1.000000
gnp,15,85,3,3,1.000000
gnp,13,56,3,3,1.000000
gnp,7,11,3,3,1.000000
gnp,6,7,3,3,1.000000
gnp,16,93,3,3,1.000000
gnp,16,46,6,6,1.000000
gnp,13,25,6,6,1.000000
gnp,9,16,3,3,1.000000
gnp,9,19,4,4,1.000000
gnp,6,4,4,4,1.000000
gnp,14,63,3,3,1.000000
gnp,11,44,3,3,1.000000
gnp,16,85,3,3,1.000000
gnp,11,8,8,8,1.000000
gnp,15,39,5,6,1.200000
gnp,7,16,2,2,1.000000
gnp,14,43,4,4,1.000000
gnp,14,50,4,4,1.000000
gnp,10,29,3,3,1.000000
gnp,8,19,3,3,1.000000
gnp,16,100,4,4,1.000000
gnp,15,36,6,6,1.000000
gnp,14,20,6,6,1.000000
gnp,13,51,3,3,1.000000
gnp,12,32,4,4,1.000000
gnp,9,21,3,3,1.000000
gnp,10,9,5,5,1.000000
gnp,7,11,3,3,1.000000
gnp,6,12,2,2,1.000000
gnp,8,16,3,3,1.000000
gnp,14,75,3,3,1.000000
gnp,12,29,4,4,1.000000
gnp,7,9,3,3,1.000000
gnp,16,84,3,3,1.000000
gnp,15,46,5,5,1.000000
gnp,14,22,6,6,1.000000
gnp,9,12,5,5,1.000000
gnp,8,6,5,5,1.000000
gnp,13,32,6,6,1.000000
gnp,9,16,4,4,1.000000
gnp,12,9,8,8,1.000000
gnp,13,50,3,3,1.000000
gnp,7,4,4,4,1.000000
gnp,13,50,4,4,1.000000
gnp,9,15,4,4,1.000000
gnp,16,51,5,5,1.000000
gnp,10,9,6,6,1.000000
gnp,16,88,3,3,1.000000
gnp,6,11,2,2,1.000000
gnp,6,7,3,3,1.000000
gnp,13,22,6,6,1.000000
gnp,16,61,4,4,1.000000
gnp,15,70,3,4,1.333333
gnp,8,7,5,5,1.000000
gnp,15,17,8,8,1.000000
gnp,9,26,2,2,1.000000
gnp,15,37,6,6,1.000000
gnp,13,48,3,3,1.000000
gnp,12,21,5,5,1.000000
gnp,13,24,7,7,1.000000
gnp,13,25,6,6,1.000000
gnp,12,54,3,3,1.000000
gnp,8,15,4,4,1.000000
gnp,9,11,5,5,1.000000
gnp,16,95,4,4,1.000000
gnp,9,26,3,3,1.000000
gnp,7,6,4,4,1.000000
gnp,9,17,3,3,1.000000
gnp,8,24,2,2,1.000000
gnp,15,36,6,6,1.000000
gnp,7,7,4,4,1.000000
gnp,8,6,5,5,1.000000
gnp,6,7,4,4,1.000000
gnp,14,66,4,4,1.000000
gnp,6,13,2,2,1.000000
gnp,9,24,3,3,1.000000
gnp,9,18,4,4,1.000000
gnp,14,71,3,3,1.000000
gnp,13,46,4,4,1.000000
gnp,9,28,3,3,1.000000
gnp,12,50,3,3,1.000000
gnp,8,9,5,5,1.000000
gnp,14,12,9,9,1.000000
gnp,13,13,7,7,1.000000
gnp,15,37,5,5,1.000000
gnp,14,39,5,5,1.000000
gnp,14,11,8,8,1.000000
gnp,16,35,7,7,1.000000
gnp,9,25,3,3,1.000000
gnp,9,26,3,3,1.000000
gnp,6,10,3,3,1.000000
gnp,12,16,7,7,1.000000
gnp,11,23,5,5,1.000000
gnp,13,59,3,3,1.000000
gnp,6,4,4,4,1.000000
gnp,11,27,4,4,1.000000
gnp,9,31,2,2,1.000000
gnp,16,32,7,7,1.000000
gnp,16,61,5,5,1.000000
gnp,15,66,4,4,1.000000
gnp,14,73,3,3,1.000000
gnp,8,18,3,3,1.000000
gnp,13,41,4,4,1.000000
gnp,11,23,5,5,1.000000
gnp,9,19,4,4,1.000000
gnp,12,46,3,3,1.000000
gnp,11,43,3,3,1.000000
gnp,9,22,3,3,1.000000
gnp,6,6,3,3,1.000000
gnp,16,93,3,3,1.000000
gnp,16,94,3,3,1.000000
gnp,9,24,3,3,1.000000
gnp,7,1,6,6,1.000000
gnp,12,40,3,3,1.000000
gnp,15,45,6,6,1.000000
gnp,6,7,3,3,1.000000
gnp,9,25,3,3,1.000000
gnp,10,27,3,3,1.000000
gnp,13,43,4,4,1.000000
gnp,13,16,7,7,1.000000
gnp,13,44,4,4,1.000000
gnp,6,5,3,3,1.000000
gnp,6,10,3,3,1.000000
gnp,11,25,4,4,1.000000
gnp,13,16,8,8,1.000000
gnp,12,16,6,6,1.000000
gnp,13,69,3,3,1.000000
gnp,8,11,4,4,1.000000
gnp,13,33,4,4,1.000000
gnp,11,15,6,6,1.000000
gnp,11,47,2,2,1.000000
gnp,11,32,4,4,1.000000
gnp,12,50,3,3,1.000000
gnp,15,58,4,4,1.000000
gnp,6,12,2,2,1.000000
gnp,6,10,3,3,1.000000
gnp,14,62,3,3,1.000000
gnp,9,7,5,5,1.000000
gnp,6,14,2,2,1.000000
gnp,15,56,5,5,1.000000
gnp,14,77,3,3,1.000000
gnp,10,21,5,5,1.000000
gnp,13,61,3,3,1.000000
gnp,13,30,5,5,1.000000
gnp,6,15,1,1,1.000000
gnp,6,12,2,2,1.000000
gnp,7,18,2,2,1.000000
gnp,16,38,6,6,1.000000
gnp,10,8,7,7,1.000000
gnp,6,1,5,5,1.000000
gnp,16,71,4,4,1.000000
gnp,15,71,3,3,1.000000
gnp,6,12,2,2,1.000000
gnp,7,6,3,3,1.000000
gnp,16,13,10,10,1.000000
gnp,11,38,3,3,1.000000
gnp,12,35,4,4,1.000000
gnp,15,20,8,8,1.000000
gnp,10,34,3,3,1.000000
gnp,10,22,4,4,1.000000
gnp,6,4,3,3,1.000000
gnp,6,2,5,5,1.000000
gnp,10,30,3,3,1.000000
gnp,15,55,4,4,1.000000
gnp,10,26,3,3,1.000000
gnp,11,15,6,6,1.000000
gnp,6,7,3,3,1.000000
gnp,10,18,4,4,1.000000
gnp,11,27,5,5,1.000000
gnp,7,20,2,2,1.000000
gnp,13,41,4,4,1.000000
gnp,7,19,2,2,1.000000
gnp,8,20,3,3,1.000000
gnp,12,23,6,6,1.000000
gnp,6,8,3,3,1.000000
gnp,11,28,4,4,1.000000
gnp,10,12,5,5,1.000000
gnp,6,6,3,3,1.000000
gnp,13,21,5,5,1.000000
gnp,16,44,6,6,1.000000
gnp,16,52,5,5,1.000000
gnp,7,12,3,3,1.000000
gnp,8,16,3,3,1.000000
gnp,15,47,5,5,1.000000
gnp,6,4,4,4,1.000000
gnp,12,9,8,8,1.000000
gnp,10,14,6,6,1.000000
gnp,10,20,4,4,1.000000
gnp,10,28,3,3,1.000000
gnp,16,62,5,5,1.000000
gnp,14,64,4,4,1.000000
gnp,7,17,2,2,1.000000
gnp,13,49,4,4,1.000000
gnp,16,82,3,3,1.000000
gnp,15,80,3,3,1.000000
gnp,15,47,5,5,1.000000
gnp,15,21,8,8,1.000000
gnp,10,39,2,2,1.000000
gnp,6,13,2,2,1.000000
gnp,12,21,4,4,1.000000
gnp,12,23,4,4,1.000000
gnp,16,79,4,4,1.000000
gnp,14,20,7,7,1.000000
gnp,9,25,3,3,1.000000
gnp,12,53,2,2,1.000000
gnp,9,15,4,4,1.000000
gnp,11,16,5,5,1.000000
gnp,11,8,8,8,1.000000
gnp,14,54,4,4,1.000000
gnp,8,22,2,2,1.000000
gnp,10,18,4,4,1.000000
gnp,12,26,5,5,1.000000
gnp,6,10,3,3,1.000000
gnp,15,26,7,7,1.000000
gnp,11,16,5,5,1.000000
gnp,8,12,3,3,1.000000
gnp,7,7,4,4,1.000000
gnp,6,11,2,2,1.000000
gnp,12,41,3,3,1.000000
gnp,11,24,4,4,1.000000
gnp,16,56,5,5,1.000000
gnp,9,29,3,3,1.000000
gnp,13,11,7,7,1.000000
gnp,10,27,3,3,1.000000
gnp,13,61,3,3,1.000000
gnp,10,9,7,7,1.000000
gnp,13,60,3,3,1.000000
gnp,8,22,2,2,1.000000
gnp,7,5,4,4,1.000000
gnp,10,26,3,3,1.000000
gnp,16,86,4,4,1.000000
gnp,13,57,4,4,1.000000
gnp,11,18,5,5,1.000000
gnp,13,28,5,5,1.000000
gnp,14,32,5,5,1.000000
gnp,11,36,3,3,1.000000
gnp,12,52,3,3,1.000000
gnp,9,13,4,4,1.000000
gnp,10,39,2,2,1.000000
gnp,11,11,6,6,1.000000
gnp,9,27,2,2,1.000000
gnp,8,16,3,3,1.000000
gnp,8,15,4,4,1.000000
gnp,13,32,5,5,1.000000
gnp,16,53,6,6,1.000000
gnp,6,12,2,2,1.000000
gnp,8,18,3,3,1.000000
gnp,12,11,7,7,1.000000
gnp,12,53,3,3,1.000000
gnp,16,36,7,7,1.000000
gnp,12,42,3,3,1.000000
gnp,10,24,3,3,1.000000
gnp,9,26,3,3,1.000000
gnp,6,13,2,2,1.000000
gnp,7,8,4,4,1.000000
gnp,13,35,4,4,1.000000
gnp,16,65,5,5,1.000000
gnp,10,22,4,4,1.000000
gnp,10,20,4,4,1.000000
gnp,15,25,7,7,1.000000
gnp,16,59,5,5,1.000000
gnp,6,9,3,3,1.000000
gnp,8,13,3,3,1.000000
gnp,11,7,7,7,1.000000
gnp,15,20,7,7,1.000000
gnp,15,47,5,5,1.000000
gnp,13,54,3,3,1.000000
gnp,9,5,7,7,1.000000
gnp,6,12,2,2,1.000000
gnp,9,25,3,3,1.000000
gnp,15,14,9,9,1.000000
gnp,13,27,5,5,1.000000
gnp,12,49,4,4,1.000000
gnp,10,35,3,3,1.000000
gnp,14,14,9,9,1.000000
gnp,16,68,5,5,1.000000
gnp,15,66,4,4,1.000000
gnp,16,76,4,4,1.000000
gnp,12,50,3,3,1.000000
gnp,9,8,5,5,1.000000
gnp,14,20,7,7,1.000000
gnp,15,86,3,3,1.000000
gnp,12,56,3,3,1.000000
gnp,7,19,2,2,1.000000
gnp,6,11,2,2,1.000000
gnp,15,75,3,3,1.000000
gnp,11,30,4,4,1.000000
gnp,12,44,3,3,1.000000
gnp,8,7,6,6,1.000000
gnp,9,22,3,3,1.000000
gnp,13,25,6,6,1.000000
gnp,8,17,3,3,1.000000
gnp,12,16,7,7,1.000000
gnp,9,13,4,4,1.000000
gnp,6,10,2,2,1.000000
gnp,8,23,2,2,1.000000
gnp,8,20,2,2,1.000000
gnp,13,42,4,4,1.000000
gnp,12,13,6,6,1.000000
gnp,11,23,5,5,1.000000
gnp,12,29,4,4,1.000000
gnp,10,32,3,3,1.000000
gnp,16,91,3,3,1.000000
gnp,13,20,6,6,1.000000
gnp,13,37,5,5,1.000000
gnp,14,76,3,3,1.000000
gnp,15,20,7,7,1.000000
gnp,14,80,2,2,1.000000
gnp,8,14,4,4,1.000000
gnp,10,27,3,3,1.000000
gnp,15,24,7,7,1.000000
gnp,6,4,4,4,1.000000
gnp,15,41,5,5,1.000000
gnp,11,13,6,6,1.000000
gnp,7,15,2,2,1.000000
gnp,9,7,5,5,1.000000
gnp,8,6,5,5,1.000000
gnp,10,15,5,5,1.000000
gnp,13,60,3,3,1.000000
gnp,8,18,3,3,1.000000
gnp,9,23,3,3,1.000000
gnp,13,13,8,8,1.000000
gnp,12,33,5,5,1.000000
gnp,10,25,3,3,1.000000
gnp,11,23,4,4,1.000000
gnp,15,27,7,7,1.000000
gnp,7,13,2,2,1.000000
gnp,7,12,3,3,1.000000
gnp,11,24,5,5,1.000000
gnp,7,16,2,2,1.000000
gnp,6,11,2,2,1.000000
gnp,16,76,4,4,1.000000
gnp,15,34,5,5,1.000000
gnp,11,22,4,4,1.000000
gnp,13,68,2,2,1.000000
gnp,8,23,2,2,1.000000
gnp,9,18,4,4,1.000000
gnp,15,56,5,5,1.000000
gnp,7,19,2,2,1.000000
gnp,7,15,2,2,1.000000
gnp,15,26,8,8,1.000000
gnp,7,17,2,2,1.000000
gnp,8,24,2,2,1.000000
gnp,6,14,2,2,1.000000
gnp,7,4,5,5,1.000000
gnp,11,21,6,6,1.000000
gnp,12,14,6,6,1.000000
gnp,7,17,2,2,1.000000
gnp,9,8,6,6,1.000000
gnp,10,32,4,4,1.000000
gnp,7,16,3,3,1.000000
gnp,6,13,2,2,1.000000
gnp,6,0,6,6,1.000000
gnp,9,30,2,2,1.000000
gnp,15,79,3,3,1.000000
gnp,6,11,2,2,1.000000
gnp,13,33,5,5,1.000000
gnp,10,33,3,3,1.000000
gnp,13,42,4,4,1.000000
gnp,6,10,2,2,1.000000
gnp,14,57,4,4,1.000000
gnp,12,24,5,5,1.000000
gnp,11,14,6,6,1.000000
gnp,8,7,5,5,1.000000
gnp,10,26,4,4,1.000000
gnp,15,92,3,3,1.000000
gnp,7,16,3,3,1.000000
gnp,11,39,4,4,1.000000
gnp,14,27,5,5,1.000000
gnp,7,15,2,2,1.000000
gnp,14,51,4,4,1.000000
gnp,12,20,6,6,1.000000
gnp,7,11,3,3,1.000000
gnp,11,41,3,3,1.000000
gnp,14,20,8,8,1.000000
gnp,14,43,6,6,1.000000
gnp,6,4,4,4,1.000000
gnp,7,16,3,3,1.000000
gnp,8,17,3,3,1.000000
gnp,8,20,3,3,1.000000
gnp,16,15,9,9,1.000000
gnp,11,43,3,3,1.000000
gnp,11,45,3,3,1.000000
gnp,13,50,5,5,1.000000
gnp,8,9,5,5,1.000000
gnp,15,90,3,3,1.000000
gnp,6,6,3,3,1.000000
gnp,7,7,4,4,1.000000
gnp,10,11,5,5,1.000000
gnp,13,67,3,3,1.000000
gnp,13,44,4,4,1.000000
gnp,12,35,4,4,1.000000
gnp,9,20,4,4,1.000000
gnp,8,19,2,2,1.000000
gnp,15,75,4,4,1.000000
gnp,12,32,4,4,1.000000
gnp,16,22,9,9,1.000000
gnp,7,15,2,2,1.000000
gnp,11,8,7,7,1.000000
gnp,12,10,8,8,1.000000
gnp,11,39,3,3,1.000000
gnp,14,66,4,4,1.000000
gnp,13,55,3,3,1.000000
gnp,8,15,4,4,1.000000
gnp,11,30,4,4,1.000000
gnp,14,57,4,4,1.000000
gnp,13,53,3,3,1.000000
gnp,12,35,4,4,1.000000
gnp,15,69,4,4,1.000000
gnp,14,61,3,3,1.000000
gnp,15,77,3,3,1.000000
gnp,9,1,8,8,1.000000
gnp,7,12,3,3,1.000000
gnp,8,22,2,2,1.000000
gnp,14,25,6,6,1.000000
gnp,13,64,3,3,1.000000
gnp,6,12,2,2,1.000000
gnp,8,15,3,3,1.000000
gnp,11,29,4,4,1.000000
gnp,10,31,3,3,1.000000
gnp,15,68,3,3,1.000000
gnp,7,4,5,5,1.000000
gnp,11,39,3,3,1.000000
gnp,6,10,3,3,1.000000
gnp,7,21,1,1,1.000000
gnp,8,10,4,4,1.000000
gnp,7,20,2,2,1.000000
gnp,6,12,2,2,1.000000
gnp,9,13,5,5,1.000000
gnp,11,44,3,3,1.000000
gnp,15,22,8,8,1.000000
gnp,12,31,4,4,1.000000
gnp,7,8,4,4,1.000000
gnp,8,26,2,2,1.000000
gnp,11,31,4,4,1.000000
gnp,9,18,3,3,1.000000
gnp,8,22,2,2,1.000000
gnp,12,31,4,4,1.000000
gnp,8,21,2,2,1.000000
gnp,8,10,5,5,1.000000
gnp,11,11,6,6,1.000000
gnp,12,40,3,3,1.000000
gnp,15,50,5,5,1.000000
gnp,9,26,2,2,1.000000
gnp,7,15,2,2,1.000000
gnp,16,89,3,3,1.000000
gnp,6,13,2,2,1.000000
gnp,12,25,5,5,1.000000
gnp,14,27,6,6,1.000000
gnp,15,34,6,6,1.000000
gnp,6,8,2,2,1.000000
gnp,9,22,3,3,1.000000
gnp,16,71,4,4,1.000000
gnp,14,53,4,4,1.000000
gnp,6,4,3,3,1.000000
gnp,13,22,6,6,1.000000
gnp,10,17,5,5,1.000000
gnp,16,88,3,3,1.000000
gnp,14,66,3,3,1.000000
gnp,10,23,3,3,1.000000
gnp,13,40,5,5,1.000000
gnp,8,26,2,2,1.000000
gnp,10,13,6,6,1.000000
gnp,6,11,2,2,1.000000
gnp,11,45,2,2,1.000000
gnp,7,15,3,3,1.000000
gnp,13,34,5,5,1.000000
gnp,9,27,3,3,1.000000
gnp,14,30,6,6,1.000000
gnp,10,6,7,7,1.000000
gnp,14,19,7,7,1.000000
gnp,6,7,3,3,1.000000
gnp,11,13,6,6,1.000000
gnp,11,34,3,3,1.000000
gnp,7,4,5,5,1.000000
gnp,6,2,4,4,1.000000
gnp,8,8,5,5,1.000000
gnp,7,15,3,3,1.000000
gnp,16,76,3,3,1.000000
gnp,6,12,2,2,1.000000
gnp,9,33,2,2,1.000000
gnp,14,54,4,4,1.000000
gnp,14,15,8,8,1.000000
gnp,10,19,4,4,1.000000
gnp,6,5,3,3,1.000000
gnp,10,28,3,3,1.000000
gnp,7,12,3,3,1.000000
gnp,9,28,2,2,1.000000
gnp,13,29,6,6,1.000000
gnp,12,33,3,3,1.000000
gnp,13,23,7,7,1.000000
gnp,15,27,7,7,1.000000
gnp,16,44,5,5,1.000000
gnp,15,18,10,10,1.000000
gnp,11,25,4,4,1.000000
gnp,6,7,3,3,1.000000
gnp,10,37,2,2,1.000000
gnp,9,15,4,4,1.000000
gnp,15,28,8,8,1.000000
gnp,14,82,2,2,1.000000
gnp,15,31,7,7,1.000000
gnp,12,37,5,5,1.000000
gnp,12,21,5,5,1.000000
gnp,11,41,4,4,1.000000
gnp,7,13,3,3,1.000000
gnp,15,81,3,3,1.000000
gnp,11,49,2,2,1.000000
gnp,11,13,6,6,1.000000
gnp,7,17,2,2,1.000000
gnp,9,23,3,3,1.000000
gnp,14,47,5,5,1.000000
gnp,12,51,3,3,1.000000
gnp,16,80,3,3,1.000000
gnp,9,6,6,6,1.000000
gnp,9,12,5,5,1.000000
gnp,14,43,5,5,1.000000
gnp,7,13,3,3,1.000000
gnp,6,10,2,2,1.000000
gnp,6,4,4,4,1.000000
gnp,13,7,9,9,1.000000
gnp,6,12,2,2,1.000000
gnp,14,69,3,3,1.000000
gnp,12,34,4,4,1.000000
gnp,6,8,3,3,1.000000
gnp,12,11,7,7,1.000000
gnp,13,45,4,4,1.000000
gnp,12,18,6,6,1.000000
gnp,11,23,4,4,1.000000
gnp,9,20,3,3,1.000000
gnp,9,7,5,5,1.000000
gnp,15,47,6,6,1.000000
gnp,15,77,3,3,1.000000
gnp,10,23,5,5,1.000000
gnp,16,71,4,4,1.000000
gnp,7,9,3,3,1.000000
gnp,8,5,5,5,1.000000
gnp,9,18,3,3,1.000000
gnp,14,54,4,4,1.000000
gnp,12,36,5,5,1.000000
gnp,6,1,5,5,1.000000
gnp,14,59,4,4,1.000000
gnp,8,16,3,3,1.000000
gnp,10,31,3,3,1.000000
gnp,11,12,7,7,1.000000
gnp,12,24,6,6,1.000000
gnp,12,32,4,4,1.000000
gnp,16,58,4,4,1.000000
gnp,8,18,3,3,1.000000
gnp,16,80,4,4,1.000000
gnp,15,52,5,5,1.000000
gnp,7,3,5,5,1.000000
gnp,14,21,8,8,1.000000
gnp,15,60,4,4,1.000000
gnp,10,16,5,5,1.000000
gnp,14,59,4,4,1.000000
gnp,14,31,5,5,1.000000
gnp,12,51,3,3,1.000000
gnp,14,46,4,4,1.000000
gnp,16,27,8,8,1.000000
gnp,8,9,4,4,1.000000
gnp,16,94,3,3,1.000000
gnp,12,43,3,3,1.000000
gnp,10,9,5,5,1.000000
gnp,16,73,4,4,1.000000
gnp,16,21,8,8,1.000000
gnp,14,17,7,7,1.000000
gnp,13,45,4,4,1.000000
gnp,9,22,4,4,1.000000
gnp,12,49,3,3,1.000000
gnp,6,3,4,4,1.000000
gnp,11,38,3,3,1.000000
gnp,13,38,5,5,1.000000
gnp,9,26,3,3,1.000000
gnp,9,23,3,3,1.000000
gnp,8,25,2,2,1.000000
gnp,13,52,3,3,1.000000
gnp,8,11,4,4,1.000000
gnp,10,15,5,5,1.000000
gnp,13,67,2,2,1.000000
gnp,13,25,5,5,1.000000
gnp,11,33,3,3,1.000000
gnp,12,31,4,4,1.000000
gnp,14,38,5,5,1.000000
gnp,13,45,4,4,1.000000
gnp,10,35,2,2,1.000000
gnp,11,24,4,4,1.000000
gnp,12,57,3,3,1.000000
gnp,7,11,3,3,1.000000
gnp,14,55,4,4,1.000000
gnp,11,34,4,4,1.000000
gnp,11,33,4,4,1.000000
gnp,8,11,4,4,1.000000
gnp,12,34,4,4,1.000000
gnp,15,58,4,4,1.000000
gnp,8,12,4,4,1.000000
gnp,13,43,5,5,1.000000
gnp,12,40,4,4,1.000000
gnp,11,49,2,2,1.000000
gnp,7,6,4,4,1.000000
gnp,13,54,4,4,1.000000
gnp,14,39,6,6,1.000000
gnp,9,24,3,3,1.000000
gnp,14,56,4,4,1.000000
gnp,8,7,5,5,1.000000
gnp,12,32,4,4,1.000000
gnp,8,16,3,3,1.000000
gnp,7,3,5,5,1.000000
gnp,12,29,4,4,1.000000
gnp,16,65,4,4,1.000000
gnp,9,20,4,4,1.000000
gnp,10,29,4,4,1.000000
gnp,12,17,6,6,1.000000
gnp,16,36,7,7,1.000000
gnp,6,3,4,4,1.000000
gnp,8,22,2,2,1.000000
gnp,10,36,2,2,1.000000
gnp,15,75,3,3,1.000000
gnp,10,33,3,3,1.000000
gnp,15,89,3,3,1.000000
gnp,6,4,4,4,1.000000
gnp,12,22,6,6,1.000000
gnp,10,12,5,5,1.000000
gnp,9,5,6,6,1.000000
gnp,13,61,3,3,1.000000
gnp,12,18,5,5,1.000000
gnp,10,33,3,3,1.000000
gnp,6,15,1,1,1.000000
gnp,8,20,3,3,1.000000
gnp,11,37,3,3,1.000000
gnp,16,99,3,3,1.000000
gnp,6,7,3,3,1.000000
gnp,8,4,6,6,1.000000
gnp,11,40,3,3,1.000000
gnp,15,76,4,4,1.000000
gnp,13,15,7,7,1.000000
gnp,7,14,2,2,1.000000
gnp,7,5,5,5,1.000000
gnp,6,9,3,3,1.000000
gnp,6,12,2,2,1.000000
gnp,10,14,5,5,1.000000
gnp,12,50,3,3,1.000000
gnp,9,13,4,4,1.000000
gnp,16,49,5,5,1.000000
gnp,12,43,3,3,1.000000
gnp,6,12,2,2,1.000000
gnp,10,25,3,3,1.000000
gnp,16,92,4,4,1.000000
gnp,7,16,3,3,1.000000
gnp,8,11,4,4,1.000000
gnp,9,23,3,3,1.000000
gnp,11,22,5,5,1.000000
gnp,11,26,4,4,1.000000
gnp,6,5,3,3,1.000000
gnp,16,44,7,7,1.000000
gnp,8,26,2,2,1.000000
gnp,9,7,5,5,1.000000
gnp,12,57,2,2,1.000000
gnp,9,9,6,6,1.000000
gnp,16,101,3,3,1.000000
gnp,15,84,3,3,1.000000
gnp,10,13,6,6,1.000000
gnp,9,10,5,5,1.000000
gnp,15,74,4,4,1.000000
gnp,16,59,6,6,1.000000
gnp,13,48,3,3,1.000000
gnp,6,2,5,5,1.000000
gnp,13,16,8,8,1.000000
gnp,10,32,3,3,1.000000
gnp,8,15,4,4,1.000000
gnp,16,92,3,3,1.000000
gnp,15,73,3,3,1.000000
gnp,13,49,4,4,1.000000
gnp,6,3,4,4,1.000000
gnp,14,25,7,7,1.000000
gnp,15,51,5,5,1.000000
gnp,7,9,4,4,1.000000
gnp,8,9,4,4,1.000000
gnp,12,30,4,4,1.000000
gnp,15,53,4,4,1.000000
gnp,8,10,4,4,1.000000
gnp,6,3,4,4,1.000000
gnp,13,42,4,4,1.000000
gnp,11,42,3,3,1.000000
gnp,9,15,5,5,1.000000
gnp,12,31,4,4,1.000000
gnp,16,30,7,7,1.000000
gnp,10,15,4,4,1.000000
gnp,10,10,6,6,1.000000
gnp,6,7,3,3,1.000000
gnp,12,56,3,3,1.000000
gnp,7,13,3,3,1.000000
gnp,15,46,5,5,1.000000
gnp,9,16,5,5,1.000000
gnp,14,65,3,3,1.000000
gnp,11,29,4,4,1.000000
gnp,9,34,2,2,1.000000
gnp,8,11,5,5,1.000000
gnp,16,21,8,8,1.000000
gnp,8,14,4,4,1.000000
gnp,7,17,3,3,1.000000
gnp,11,21,6,6,1.000000
gnp,14,40,5,5,1.000000
gnp,13,44,4,4,1.000000
gnp,6,7,3,3,1.000000
gnp,6,4,4,4,1.000000
gnp,16,79,4,4,1.000000
gnp,8,12,4,4,1.000000
gnp,8,14,4,4,1.000000
gnp,10,31,3,3,1.000000
gnp,8,12,4,4,1.000000
gnp,8,7,4,4,1.000000
gnp,15,61,4,4,1.000000
gnp,13,20,6,6,1.000000
gnp,13,42,4,4,1.000000
gnp,13,47,4,4,1.000000
gnp,16,35,7,7,1.000000
gnp,9,18,4,4,1.000000
gnp,14,33,6,6,1.000000
gnp,10,13,5,5,1.000000
gnp,14,75,3,3,1.000000
gnp,15,22,7,7,1.000000
gnp,12,43,3,3,1.000000
gnp,7,11,3,3,1.000000
gnp,7,8,4,4,1.000000
gnp,8,18,3,3,1.000000
gnp,13,65,3,3,1.000000
gnp,7,7,4,4,1.000000
gnp,9,14,4,4,1.000000
gnp,7,18,2,2,1.000000
gnp,15,83,3,3,1.000000
gnp,7,15,3,3,1.000000
gnp,16,46,7,7,1.000000
gnp,11,44,3,3,1.000000
gnp,15,78,3,3,1.000000
gnp,13,34,5,5,1.000000
gnp,8,6,5,5,1.000000
gnp,6,13,2,2,1.000000
gnp,13,43,4,4,1.000000
gnp,16,67,4,4,1.000000
gnp,14,58,5,5,1.000000
gnp,6,11,2,2,1.000000
gnp,7,14,3,3,1.000000
gnp,9,22,4,4,1.000000
gnp,16,75,4,4,1.000000
gnp,7,11,3,3,1.000000
gnp,11,41,3,3,1.000000
gnp,12,54,3,3,1.000000
gnp,8,12,4,4,1.000000
gnp,16,65,4,4,1.000000
gnp,13,24,7,7,1.000000
gnp,8,7,5,5,1.000000
gnp,11,17,5,5,1.000000
gnp,11,17,5,5,1.000000
gnp,9,20,4,4,1.000000
gnp,16,22,9,9,1.000000
gnp,13,51,4,4,1.000000
gnp,10,33,3,3,1.000000
gnp,10,24,3,3,1.000000
gnp,7,11,3,3,1.000000
gnp,16,38,7,7,1.000000
gnp,8,19,2,2,1.000000
gnp,14,25,7,7,1.000000
gnp,13,37,4,4,1.000000
gnp,11,25,4,4,1.000000
gnp,16,84,4,4,1.000000
gnp,6,6,3,3,1.000000
gnp,11,26,4,4,1.000000
gnp,11,13,6,6,1.000000
gnp,6,11,3,3,1.000000
gnp,16,60,5,5,1.000000
gnp,8,27,2,2,1.000000
gnp,11,28,5,5,1.000000
gnp,10,34,3,3,1.000000
gnp,12,29,4,4,1.000000
gnp,15,45,5,5,1.000000
gnp,13,56,3,3,1.000000
gnp,7,13,3,3,1.000000
gnp,10,5,7,7,1.000000
gnp,7,3,5,5,1.000000
gnp,12,40,4,4,1.000000
gnp,13,33,5,5,1.000000
gnp,13,32,5,5,1.000000
gnp,11,39,3,3,1.000000
gnp,8,21,3,3,1.000000
gnp,13,67,2,2,1.000000
gnp,6,4,4,4,1.000000
gnp,14,39,5,5,1.000000
gnp,8,11,4,4,1.000000
gnp,15,82,3,3,1.000000
gnp,8,10,4,4,1.000000
gnp,16,11,11,11,1.000000
gnp,7,18,2,2,1.000000
gnp,9,23,3,3,1.000000
gnp,9,27,3,3,1.000000
gnp,11,16,5,5,1.000000
gnp,8,14,4,4,1.000000
gnp,13,52,4,4,1.000000
gnp,16,91,3,3,1.000000
gnp,8,16,3,3,1.000000
gnp,15,71,3,3,1.000000
gnp,7,8,4,4,1.000000
gnp,13,17,6,6,1.000000
gnp,12,26,4,4,1.000000
gnp,15,21,8,8,1.000000
gnp,13,11,8,8,1.000000
gnp,10,14,5,5,1.000000
gnp,16,88,3,3,1.000000
gnp,13,44,4,4,1.000000
gnp,7,13,3,3,1.000000
gnp,12,30,5,5,1.000000
gnp,16,17,9,9,1.000000
gnp,10,26,3,3,1.000000
gnp,8,8,4,4,1.000000
gnp,6,11,2,2,1.000000
gnp,14,44,5,5,1.000000
gnp,13,62,3,3,1.000000
gnp,10,29,3,3,1.000000
gnp,11,35,3,3,1.000000
gnp,14,56,5,5,1.000000
gnp,13,64,3,3,1.000000
gnp,9,6,5,5,1.000000
gnp,15,61,4,4,1.000000
gnp,11,17,6,6,1.000000
gnp,15,88,3,3,1.000000
gnp,7,16,2,2,1.000000
gnp,9,11,5,5,1.000000
gnp,16,28,7,7,1.000000
gnp,12,26,5,5,1.000000
gnp,10,6,7,7,1.000000
gnp,14,24,6,6,1.000000
gnp,12,25,4,4,1.000000
gnp,16,34,7,7,1.000000
gnp,12,45,3,3,1.000000
gnp,15,31,6,6,1.000000
gnp,16,91,3,3,1.000000
gnp,16,26,8,8,1.000000
gnp,16,46,6,6,1.000000
gnp,9,4,7,7,1.000000
gnp,11,11,7,7,1.000000
gnp,9,15,4,4,1.000000
gnp,6,4,4,4,1.000000
gnp,15,16,8,8,1.000000
gnp,10,19,4,4,1.000000
gnp,6,11,2,2,1.000000
gnp,11,9,7,7,1.000000
gnp,15,35,5,6,1.200000
gnp,13,43,4,4,1.000000
gnp,16,103,2,2,1.000000
gnp,12,47,3,3,1.000000
gnp,6,4,4,4,1.000000
gnp,16,20,9,9,1.000000
gnp,14,20,7,7,1.000000
gnp,10,34,3,3,1.000000
gnp,16,54,5,5,1.000000
gnp,7,3,5,5,1.000000
gnp,16,25,8,8,1.000000
gnp,8,28,1,1,1.000000
gnp,13,13,8,8,1.000000
gnp,11,36,3,3,1.000000
gnp,14,26,6,6,1.000000
gnp,10,22,4,4,1.000000
gnp,13,61,3,3,1.000000
gnp,13,13,8,8,1.000000
gnp,6,5,4,4,1.000000
gnp,7,8,3,3,1.000000
gnp,7,10,3,3,1.000000
gnp,8,19,3,3,1.000000
gnp,15,39,6,6,1.000000
gnp,12,21,5,5,1.000000
gnp,15,42,6,6,1.000000
gnp,14,68,3,3,1.000000
gnp,11,8,7,7,1.000000
gnp,7,5,4,4,1.000000
gnp,9,7,5,5,1.000000
gnp,8,17,3,3,1.000000
gnp,13,17,7,7,1.000000
gnp,15,37,6,6,1.000000
gnp,12,45,3,3,1.000000
gnp,15,62,4,4,1.000000
gnp,11,17,7,7,1.000000
gnp,10,20,4,4,1.000000
gnp,7,6,4,4,1.000000
gnp,7,1,6,6,1.000000
gnp,13,44,4,4,1.000000
gnp,7,14,3,3,1.000000
gnp,7,9,3,3,1.000000
gnp,11,37,4,4,1.000000
gnp,8,22,2,2,1.000000
gnp,13,33,5,5,1.000000
gnp,15,54,4,4,1.000000
gnp,13,34,4,4,1.000000
gnp,11,10,7,7,1.000000
gnp,8,10,4,4,1.000000
gnp,8,6,4,4,1.000000
gnp,15,41,5,5,1.000000
gnp,15,78,3,3,1.000000
gnp,12,13,7,7,1.000000
gnp,13,22,6,6,1.000000
gnp,11,9,8,8,1.000000
gnp,10,35,3,3,1.000000
gnp,11,37,3,3,1.000000
gnp,10,27,4,4,1.000000
gnp,15,77,3,3,1.000000
gnp,13,62,3,3,1.000000
gnp,14,41,5,5,1.000000
gnp,11,24,5,5,1.000000
gnp,15,31,6,6,1.000000
gnp,6,11,2,2,1.000000
gnp,16,76,4,4,1.000000
gnp,9,21,3,3,1.000000
gnp,11,21,5,5,1.000000
gnp,16,24,7,7,1.000000
gnp,9,25,3,3,1.000000
gnp,12,55,2,2,1.000000
gnp,6,1,5,5,1.000000
gnp,9,29,2,2,1.000000
gnp,6,15,1,1,1.000000
gnp,10,26,3,3,1.000000
gnp,13,37,5,5,1.000000
gnp,12,47,3,3,1.000000
gnp,9,28,3,3,1.000000
gnp,9,30,2,2,1.000000
gnp,6,8,3,3,1.000000
gnp,9,18,3,3,1.000000
gnp,8,19,3,3,1.000000
gnp,16,88,3,3,1.000000
gnp,11,28,4,4,1.000000
gnp,9,24,3,3,1.000000
gnp,12,24,5,5,1.000000
gnp,11,11,6,6,1.000000
gnp,12,17,6,6,1.000000
gnp,8,3,6,6,1.000000
gnp,10,32,3,3,1.000000
gnp,16,36,7,7,1.000000
gnp,15,71,3,3,1.000000
gnp,7,6,5,5,1.000000
gnp,13,16,8,8,1.000000
gnp,6,14,2,2,1.000000
gnp,15,60,4,4,1.000000
gnp,15,66,4,4,1.000000
gnp,7,5,4,4,1.000000
gnp,16,99,3,3,1.000000
gnp,14,56,5,5,1.000000
gnp,7,10,3,3,1.000000
gnp,6,6,4,4,1.000000
gnp,13,42,5,5,1.000000
gnp,7,15,2,2,1.000000
gnp,12,34,5,5,1.000000
gnp,11,18,6,6,1.000000
gnp,16,104,2,2,1.000000
gnp,8,11,4,4,1.000000
gnp,16,75,4,4,1.000000
gnp,7,5,4,4,1.000000
gnp,8,11,4,4,1.000000
gnp,16,103,3,3,1.000000
gnp,6,7,3,3,1.000000
gnp,6,6,4,4,1.000000
gnp,15,66,4,4,1.000000
gnp,12,14,6,6,1.000000
gnp,14,20,6,6,1.000000
gnp,14,55,4,4,1.000000
gnp,10,27,4,4,1.000000
gnp,9,23,2,2,1.000000
gnp,8,20,3,3,1.000000
gnp,8,14,3,3,1.000000
gnp,13,64,3,3,1.000000
gnp,14,64,4,4,1.000000
gnp,7,15,2,2,1.000000
gnp,16,95,3,3,1.000000
gnp,10,10,6,6,1.000000
gnp,9,10,5,5,1.000000
gnp,15,84,3,3,1.000000
gnp,12,33,5,5,1.000000
gnp,8,10,4,4,1.000000
gnp,14,69,3,3,1.000000
gnp,7,18,2,2,1.000000
gnp,10,22,4,4,1.000000
gnp,9,11,5,5,1.000000
gnp,12,21,6,6,1.000000
gnp,10,19,4,4,1.000000
gnp,6,1,5,5,1.000000
gnp,7,5,5,5,1.000000
gnp,14,24,7,7,1.000000
gnp,10,10,6,6,1.000000
gnp,8,18,3,3,1.000000
gnp,14,51,4,4,1.000000
gnp,7,8,4,4,1.000000
gnp,6,5,4,4,1.000000
gnp,10,16,5,5,1.000000
gnp,8,20,2,2,1.000000
gnp,12,15,7,7,1.000000
gnp,6,8,3,3,1.000000
gnp,7,16,3,3,1.000000
gnp,7,11,3,3,1.000000
gnp,11,9,6,6,1.000000
gnp,16,28,7,7,1.000000
gnp,14,54,4,4,1.000000
gnp,9,21,3,3,1.000000
gnp,8,2,7,7,1.000000
gnp,15,30,7,7,1.000000
gnp,10,16,4,4,1.000000
gnp,7,13,3,3,1.000000
gnp,12,15,7,7,1.000000
gnp,13,23,6,6,1.000000
gnp,8,7,5,5,1.000000
gnp,11,9,7,7,1.000000
gnp,12,47,3,3,1.000000
gnp,16,94,3,3,1.000000
gnp,9,13,4,4,1.000000
gnp,11,11,7,7,1.000000
gnp,8,12,4,4,1.000000
gnp,7,3,5,5,1.000000
gnp,12,49,3,3,1.000000
gnp,9,4,5,5,1.000000
gnp,16,26,7,7,1.000000
gnp,7,6,4,4,1.000000
gnp,6,5,4,4,1.000000
gnp,9,6,6,6,1.000000
gnp,10,36,3,3,1.000000
gnp,10,12,5,5,1.000000
gnp,11,27,4,4,1.000000
gnp,12,27,5,5,1.000000
gnp,15,15,9,9,1.000000
gnp,9,19,3,3,1.000000
gnp,13,23,5,5,1.000000
gnp,15,28,6,7,1.166667
gnp,14,17,8,8,1.000000
gnp,6,10,3,3,1.000000
gnp,7,12,3,3,1.000000
gnp,13,34,5,5,1.000000
gnp,10,19,4,4,1.000000
gnp,16,39,6,6,1.000000
gnp,11,5,9,9,1.000000
gnp,9,15,4,4,1.000000
gnp,11,33,3,3,1.000000
gnp,12,50,3,3,1.000000
gnp,16,29,8,8,1.000000
gnp,14,21,7,7,1.000000
gnp,8,10,4,4,1.000000
gnp,7,12,3,3,1.000000
gnp,7,9,4,4,1.000000
gnp,12,45,4,4,1.000000
gnp,13,54,3,3,1.000000
gnp,13,66,3,3,1.000000
gnp,15,86,3,3,1.000000
gnp,13,43,4,4,1.000000
gnp,6,7,3,3,1.000000
gnp,12,40,4,4,1.000000
gnp,16,77,3,3,1.000000
gnp,9,25,3,3,1.000000
gnp,11,30,3,3,1.000000
gnp,8,5,5,5,1.000000
gnp,10,33,3,3,1.000000
gnp,7,19,2,2,1.000000
gnp,12,46,4,4,1.000000
gnp,9,14,4,4,1.000000
gnp,10,10,6,6,1.000000
gnp,8,18,2,2,1.000000
gnp,7,18,2,2,1.000000
gnp,10,21,5,5,1.000000
gnp,10,18,4,4,1.000000
gnp,11,7,7,7,1.000000
gnp,6,5,4,4,1.000000
gnp,12,46,3,3,1.000000
gnp,10,23,4,4,1.000000
gnp,12,44,3,3,1.000000
gnp,8,17,3,3,1.000000
gnp,15,34,6,6,1.000000
gnp,16,35,6,6,1.000000
gnp,15,51,5,5,1.000000
gnp,10,15,5,5,1.000000
gnp,10,24,4,4,1.000000
gnp,13,16,8,8,1.000000
gnp,12,7,7,7,1.000000
gnp,7,10,3,3,1.000000
gnp,6,5,4,4,1.000000
gnp,8,12,3,3,1.000000
gnp,16,74,4,4,1.000000
gnp,10,25,5,5,1.000000
gnp,12,19,6,6,1.000000
gnp,14,10,9,9,1.000000
gnp,10,36,2,2,1.000000
gnp,11,19,5,5,1.000000
gnp,7,9,4,4,1.000000
gnp,15,17,8,8,1.000000
gnp,14,22,6,6,1.000000
gnp,13,22,5,5,1.000000
gnp,9,27,3,3,1.000000
gnp,15,56,4,4,1.000000
gnp,6,10,3,3,1.000000
gnp,15,50,5,5,1.000000
gnp,12,56,3,3,1.000000
gnp,6,10,3,3,1.000000
gnp,10,25,4,4,1.000000
gnp,13,27,5,5,1.000000
gnp,14,72,3,3,1.000000
gnp,8,14,3,3,1.000000
gnp,14,17,7,7,1.000000
gnp,6,11,2,2,1.000000
gnp,16,89,3,3,1.000000
gnp,9,22,3,3,1.000000
gnp,11,25,4,4,1.000000
gnp,15,53,4,4,1.000000
gnp,14,43,5,5,1.000000
gnp,8,9,4,4,1.000000
gnp,7,6,4,4,1.000000
gnp,11,37,3,3,1.000000
gnp,6,4,4,4,1.000000
gnp,11,41,3,3,1.000000
gnp,14,69,3,3,1.000000
gnp,15,70,3,3,1.000000
gnp,11,16,5,5,1.000000
gnp,15,71,4,4,1.000000
gnp,11,19,5,5,1.000000
gnp,13,19,7,7,1.000000
gnp,16,71,3,3,1.000000
gnp,9,22,3,3,1.000000
gnp,6,5,3,3,1.000000
gnp,16,61,4,4,1.000000
gnp,15,27,7,7,1.000000
gnp,15,76,4,4,1.000000
gnp,6,5,4,4,1.000000
gnp,7,8,4,4,1.000000
gnp,15,41,5,5,1.000000
gnp,10,38,2,2,1.000000
gnp,11,41,3,3,1.000000
gnp,6,11,3,3,1.000000
gnp,10,16,4,4,1.000000
gnp,12,39,4,4,1.000000
gnp,9,9,5,5,1.000000
gnp,11,23,4,4,1.000000
gnp,15,30,8,8,1.000000
gnp,15,25,8,8,1.000000
bipartite_gnp,19,18,14,14,1.000000
bipartite_gnp,24,18,16,16,1.000000
bipartite_gnp,16,21,10,10,1.000000
bipartite_gnp,26,60,13,13,1.000000
bipartite_gnp,17,24,10,10,1.000000
bipartite_gnp,17,26,13,13,1.000000
bipartite_gnp,17,8,13,13,1.000000
bipartite_gnp,13,9,10,10,1.000000
bipartite_gnp,17,23,12,12,1.000000
bipartite_gnp,23,32,14,14,1.000000
bipartite_gnp,11,9,8,8,1.000000
bipartite_gnp,16,11,12,12,1.000000
bipartite_gnp,18,8,14,14,1.000000
bipartite_gnp,23,21,14,14,1.000000
bipartite_gnp,27,35,14,14,1.000000
bipartite_gnp,14,3,12,12,1.000000
bipartite_gnp,18,16,11,11,1.000000
bipartite_gnp,14,13,8,8,1.000000
bipartite_gnp,18,28,14,14,1.000000
bipartite_gnp,13,4,11,11,1.000000
bipartite_gnp,19,44,10,10,1.000000
bipartite_gnp,13,7,10,10,1.000000
bipartite_gnp,21,48,11,11,1.000000
bipartite_gnp,22,29,15,15,1.000000
bipartite_gnp,16,24,9,9,1.000000
bipartite_gnp,17,32,10,10,1.000000
bipartite_gnp,17,5,14,14,1.000000
bipartite_gnp,22,35,12,12,1.000000
bipartite_gnp,18,17,10,10,1.000000
bipartite_gnp,14,15,11,11,1.000000
bipartite_gnp,17,14,12,12,1.000000
bipartite_gnp,18,32,11,11,1.000000
bipartite_gnp,25,74,14,14,1.000000
bipartite_gnp,17,30,9,9,1.000000
bipartite_gnp,22,57,11,11,1.000000
bipartite_gnp,15,14,12,12,1.000000
bipartite_gnp,18,19,13,13,1.000000
bipartite_gnp,19,22,14,14,1.000000
bipartite_gnp,13,17,9,9,1.000000
bipartite_gnp,23,17,14,14,1.000000
bipartite_gnp,15,23,9,9,1.000000
bipartite_gnp,19,17,12,12,1.000000
bipartite_gnp,15,12,11,11,1.000000
bipartite_gnp,17,32,12,12,1.000000
bipartite_gnp,15,5,11,11,1.000000
bipartite_gnp,16,8,13,13,1.000000
bipartite_gnp,19,15,12,12,1.000000
bipartite_gnp,16,17,10,10,1.000000
bipartite_gnp,17,24,12,12,1.000000
bipartite_gnp,25,67,14,14,1.000000
bipartite_gnp,12,15,6,6,1.000000
bipartite_gnp,18,30,13,13,1.000000
bipartite_gnp,23,54,13,13,1.000000
bipartite_gnp,15,11,11,11,1.000000
bipartite_gnp,25,30,14,14,1.000000
bipartite_gnp,8,1,7,7,1.000000
bipartite_gnp,14,11,10,10,1.000000
bipartite_gnp,17,12,12,12,1.000000
bipartite_gnp,21,31,11,11,1.000000
bipartite_gnp,21,25,12,12,1.000000
bipartite_gnp,15,15,10,10,1.000000
bipartite_gnp,22,15,14,14,1.000000
bipartite_gnp,17,5,15,15,1.000000
bipartite_gnp,19,25,10,10,1.000000
bipartite_gnp,22,37,12,12,1.000000
bipartite_gnp,25,25,16,16,1.000000
bipartite_gnp,25,34,13,13,1.000000
bipartite_gnp,16,25,11,11,1.000000
bipartite_gnp,23,62,13,13,1.000000
bipartite_gnp,16,16,9,9,1.000000
bipartite_gnp,20,18,13,13,1.000000
bipartite_gnp,23,52,12,12,1.000000
bipartite_gnp,8,6,5,5,1.000000
bipartite_gnp,20,14,12,12,1.000000
bipartite_gnp,17,35,9,9,1.000000
bipartite_gnp,9,9,6,6,1.000000
bipartite_gnp,21,16,14,14,1.000000
bipartite_gnp,19,8,15,15,1.000000
bipartite_gnp,21,47,14,14,1.000000
bipartite_gnp,14,6,11,11,1.000000
bipartite_gnp,9,5,6,6,1.000000
bipartite_gnp,14,8,9,9,1.000000
bipartite_gnp,18,16,11,11,1.000000
bipartite_gnp,16,25,10,10,1.000000
bipartite_gnp,18,24,14,14,1.000000
bipartite_gnp,15,14,11,11,1.000000
bipartite_gnp,17,13,14,14,1.000000
bipartite_gnp,25,52,13,13,1.000000
bipartite_gnp,20,22,14,14,1.000000
bipartite_gnp,17,27,9,9,1.000000
bipartite_gnp,18,16,14,14,1.000000
bipartite_gnp,19,34,13,13,1.000000
bipartite_gnp,23,28,14,14,1.000000
bipartite_gnp,24,58,14,14,1.000000
bipartite_gnp,13,16,9,9,1.000000
bipartite_gnp,14,15,8,8,1.000000
bipartite_gnp,24,44,14,14,1.000000
bipartite_gnp,17,25,12,12,1.000000
bipartite_gnp,19,15,12,12,1.000000
bipartite_gnp,24,64,13,13,1.000000
bipartite_gnp,17,13,11,11,1.000000
bipartite_gnp,18,31,12,12,1.000000
bipartite_gnp,10,5,8,8,1.000000
bipartite_gnp,11,5,8,8,1.000000
bipartite_gnp,23,20,13,13,1.000000
bipartite_gnp,21,22,12,12,1.000000
bipartite_gnp,23,56,12,12,1.000000
bipartite_gnp,13,9,10,10,1.000000
bipartite_gnp,24,37,14,14,1.000000
bipartite_gnp,19,5,15,15,1.000000
bipartite_gnp,13,18,8,8,1.000000
bipartite_gnp,18,17,13,13,1.000000
bipartite_gnp,25,37,14,14,1.000000
bipartite_gnp,7,8,4,4,1.000000
bipartite_gnp,24,50,12,12,1.000000
bipartite_gnp,24,66,14,14,1.000000
bipartite_gnp,18,31,12,12,1.000000
bipartite_gnp,17,15,13,13,1.000000
bipartite_gnp,23,45,13,13,1.000000
bipartite_gnp,13,16,8,8,1.000000
bipartite_gnp,17,25,9,9,1.000000
bipartite_gnp,18,16,11,11,1.000000
bipartite_gnp,19,13,13,13,1.000000
bipartite_gnp,16,15,13,13,1.000000
bipartite_gnp,27,74,14,14,1.000000
bipartite_gnp,12,10,9,9,1.000000
bipartite_gnp,18,14,12,12,1.000000
bipartite_gnp,7,9,4,4,1.000000
bipartite_gnp,17,10,14,14,1.000000
bipartite_gnp,13,15,9,9,1.000000
bipartite_gnp,21,16,14,14,1.000000
bipartite_gnp,19,26,10,10,1.000000
bipartite_gnp,14,19,8,8,1.000000
bipartite_gnp,22,44,12,12,1.000000
bipartite_gnp,15,12,11,11,1.000000
bipartite_gnp,23,52,14,14,1.000000
bipartite_gnp,18,13,11,11,1.000000
bipartite_gnp,16,23,9,9,1.000000
bipartite_gnp,17,12,11,11,1.000000
bipartite_gnp,12,8,9,9,1.000000
bipartite_gnp,22,15,14,14,1.000000
bipartite_gnp,26,63,14,14,1.000000
bipartite_gnp,21,32,12,12,1.000000
bipartite_gnp,25,70,14,14,1.000000
bipartite_gnp,21,41,11,11,1.000000
bipartite_gnp,11,8,7,7,1.000000
bipartite_gnp,15,29,9,9,1.000000
bipartite_gnp,21,29,12,12,1.000000
bipartite_gnp,19,15,15,15,1.000000
bipartite_gnp,22,17,15,15,1.000000
bipartite_gnp,18,24,13,13,1.000000
bipartite_gnp,15,13,12,12,1.000000
bipartite_gnp,13,17,8,8,1.000000
bipartite_gnp,18,3,16,16,1.000000
bipartite_gnp,21,31,14,14,1.000000
bipartite_gnp,24,44,13,13,1.000000
bipartite_gnp,15,12,10,10,1.000000
bipartite_gnp,21,27,12,12,1.000000
bipartite_gnp,12,10,9,9,1.000000
bipartite_gnp,18,31,10,10,1.000000
bipartite_gnp,24,20,15,15,1.000000
bipartite_gnp,7,0,7,7,1.000000
bipartite_gnp,19,30,10,10,1.000000
bipartite_gnp,22,27,12,12,1.000000
bipartite_gnp,19,23,14,14,1.000000
bipartite_gnp,19,22,12,12,1.000000
bipartite_gnp,14,11,10,10,1.000000
bipartite_gnp,16,31,8,8,1.000000
bipartite_gnp,8,6,5,5,1.000000
bipartite_gnp,15,23,8,8,1.000000
bipartite_gnp,25,51,14,14,1.000000
bipartite_gnp,13,9,8,8,1.000000
bipartite_gnp,21,40,12,12,1.000000
bipartite_gnp,10,8,6,6,1.000000
bipartite_gnp,17,25,10,10,1.000000
bipartite_gnp,23,71,12,12,1.000000
bipartite_gnp,15,8,12,12,1.000000
bipartite_gnp,20,15,13,13,1.000000
bipartite_gnp,11,12,7,7,1.000000
bipartite_gnp,20,9,16,16,1.000000
bipartite_gnp,15,16,12,12,1.000000
bipartite_gnp,17,17,11,11,1.000000
bipartite_gnp,13,3,11,11,1.000000
bipartite_gnp,15,27,8,8,1.000000
bipartite_gnp,20,17,11,11,1.000000
bipartite_gnp,17,24,11,11,1.000000
bipartite_gnp,21,20,13,13,1.000000
bipartite_gnp,18,37,10,10,1.000000
bipartite_gnp,16,20,12,12,1.000000
bipartite_gnp,9,4,7,7,1.000000
bipartite_gnp,14,11,11,11,1.000000
bipartite_gnp,23,44,12,12,1.000000
bipartite_gnp,16,10,13,13,1.000000
bipartite_gnp,21,37,11,11,1.000000
bipartite_gnp,24,41,14,14,1.000000
bipartite_gnp,18,20,12,12,1.000000
bipartite_gnp,25,25,15,15,1.000000
bipartite_gnp,19,32,10,10,1.000000
bipartite_gnp,21,42,14,14,1.000000
bipartite_gnp,10,10,6,6,1.000000
bipartite_gnp,14,15,10,10,1.000000
bipartite_gnp,18,35,9,9,1.000000
bipartite_gnp,13,12,9,9,1.000000
bipartite_gnp,20,21,12,12,1.000000
bipartite_gnp,9,9,6,6,1.000000
bipartite_gnp,23,17,16,16,1.000000
bipartite_gnp,10,10,7,7,1.000000
bipartite_gnp,17,31,9,9,1.000000
bipartite_gnp,22,27,12,12,1.000000
bipartite_gnp,15,14,9,9,1.000000
bipartite_gnp,19,28,12,12,1.000000
bipartite_gnp,9,1,8,8,1.000000
bipartite_gnp,14,9,9,9,1.000000
bipartite_gnp,18,9,14,14,1.000000
bipartite_gnp,18,12,12,12,1.000000
bipartite_gnp,16,12,13,13,1.000000
bipartite_gnp,14,25,8,8,1.000000
bipartite_gnp,10,6,7,7,1.000000
bipartite_gnp,20,28,11,11,1.000000
bipartite_gnp,7,4,5,5,1.000000
bipartite_gnp,10,6,7,7,1.000000
bipartite_gnp,12,2,10,10,1.000000
bipartite_gnp,12,12,8,8,1.000000
bipartite_gnp,25,34,14,14,1.000000
bipartite_gnp,19,21,10,10,1.000000
bipartite_gnp,18,20,13,13,1.000000
bipartite_gnp,12,6,9,9,1.000000
bipartite_gnp,21,27,12,12,1.000000
bipartite_gnp,7,2,6,6,1.000000
bipartite_gnp,18,22,10,10,1.000000
bipartite_gnp,13,17,9,9,1.000000
bipartite_gnp,26,55,14,14,1.000000
bipartite_gnp,23,25,14,14,1.000000
bipartite_gnp,10,7,7,7,1.000000
bipartite_gnp,26,76,13,13,1.000000
bipartite_gnp,19,14,13,13,1.000000
bipartite_gnp,13,6,10,10,1.000000
bipartite_gnp,22,49,14,14,1.000000
bipartite_gnp,16,27,9,9,1.000000
bipartite_gnp,16,6,14,14,1.000000
bipartite_gnp,23,35,15,15,1.000000
bipartite_gnp,16,7,12,12,1.000000
bipartite_gnp,16,23,12,12,1.000000
bipartite_gnp,25,60,14,14,1.000000
bipartite_gnp,20,21,13,13,1.000000
bipartite_gnp,14,25,8,8,1.000000
bipartite_gnp,13,10,8,8,1.000000
bipartite_gnp,16,17,11,11,1.000000
bipartite_gnp,27,18,19,19,1.000000
bipartite_gnp,17,19,11,11,1.000000
bipartite_gnp,12,5,9,9,1.000000
bipartite_gnp,13,13,10,10,1.000000
bipartite_gnp,25,34,15,15,1.000000
bipartite_gnp,25,77,14,14,1.000000
bipartite_gnp,20,11,13,13,1.000000
bipartite_gnp,21,41,13,13,1.000000
bipartite_gnp,22,21,14,14,1.000000
bipartite_gnp,21,7,15,15,1.000000
bipartite_gnp,8,7,5,5,1.000000
bipartite_gnp,22,20,14,14,1.000000
bipartite_gnp,13,11,9,9,1.000000
bipartite_gnp,10,2,8,8,1.000000
bipartite_gnp,16,10,12,12,1.000000
bipartite_gnp,12,19,7,7,1.000000
bipartite_gnp,20,9,14,14,1.000000
bipartite_gnp,20,17,14,14,1.000000
bipartite_gnp,13,11,10,10,1.000000
bipartite_gnp,11,9,8,8,1.000000
bipartite_gnp,9,10,6,6,1.000000
bipartite_gnp,19,32,14,14,1.000000
bipartite_gnp,8,7,5,5,1.000000
bipartite_gnp,22,53,14,14,1.000000
bipartite_gnp,16,11,11,11,1.000000
bipartite_gnp,17,22,9,9,1.000000
bipartite_gnp,25,28,14,14,1.000000
bipartite_gnp,18,24,12,12,1.000000
bipartite_gnp,10,4,7,7,1.000000
bipartite_gnp,15,17,11,11,1.000000
bipartite_gnp,21,26,12,12,1.000000
bipartite_gnp,14,10,11,11,1.000000
bipartite_gnp,15,15,10,10,1.000000
bipartite_gnp,22,50,12,12,1.000000
bipartite_gnp,17,15,13,13,1.000000
bipartite_gnp,21,35,14,14,1.000000
bipartite_gnp,22,39,13,13,1.000000
bipartite_gnp,17,20,11,11,1.000000
bipartite_gnp,18,15,13,13,1.000000
bipartite_gnp,23,12,16,16,1.000000
bipartite_gnp,15,4,12,12,1.000000
bipartite_gnp,19,27,11,11,1.000000
bipartite_gnp,15,10,12,12,1.000000
bipartite_gnp,18,7,14,14,1.000000
bipartite_gnp,18,8,13,13,1.000000
bipartite_gnp,15,20,12,12,1.000000
bipartite_gnp,18,6,13,13,1.000000
bipartite_gnp,18,18,12,12,1.000000
bipartite_gnp,18,6,15,15,1.000000
bipartite_gnp,20,34,13,13,1.000000
bipartite_gnp,16,9,13,13,1.000000
bipartite_gnp,22,10,16,16,1.000000
bipartite_gnp,8,5,5,5,1.000000
bipartite_gnp,19,41,10,10,1.000000
bipartite_gnp,23,37,14,14,1.000000
bipartite_gnp,14,4,11,11,1.000000
bipartite_gnp,22,31,14,14,1.000000
bipartite_gnp,7,1,6,6,1.000000
bipartite_gnp,13,14,8,8,1.000000
bipartite_gnp,13,18,8,8,1.000000
bipartite_gnp,17,13,11,11,1.000000
bipartite_gnp,16,5,14,14,1.000000
bipartite_gnp,17,20,13,13,1.000000
bipartite_gnp,9,3,7,7,1.000000
bipartite_gnp,13,6,10,10,1.000000
bipartite_gnp,23,46,14,14,1.000000
bipartite_gnp,14,7,11,11,1.000000
bipartite_gnp,16,27,11,11,1.000000
bipartite_gnp,13,11,9,9,1.000000
bipartite_gnp,12,11,7,7,1.000000
bipartite_gnp,17,7,13,13,1.000000
bipartite_gnp,12,2,11,11,1.000000
bipartite_gnp,19,21,13,13,1.000000
bipartite_gnp,22,55,11,11,1.000000
bipartite_gnp,11,5,9,9,1.000000
bipartite_gnp,6,1,5,5,1.000000
bipartite_gnp,24,31,13,13,1.000000
bipartite_gnp,18,19,14,14,1.000000
bipartite_gnp,17,9,14,14,1.000000
bipartite_gnp,17,28,10,10,1.000000
bipartite_gnp,22,32,14,14,1.000000
bipartite_gnp,18,19,11,11,1.000000
bipartite_gnp,20,20,14,14,1.000000
bipartite_gnp,22,45,14,14,1.000000
bipartite_gnp,22,56,12,12,1.000000
bipartite_gnp,24,50,12,12,1.000000
bipartite_gnp,24,41,14,14,1.000000
bipartite_gnp,13,4,11,11,1.000000
bipartite_gnp,14,11,11,11,1.000000
bipartite_gnp,13,13,8,8,1.000000
bipartite_gnp,19,36,12,12,1.000000
bipartite_gnp,13,15,10,10,1.000000
bipartite_gnp,8,1,7,7,1.000000
bipartite_gnp,16,12,10,10,1.000000
bipartite_gnp,20,34,14,14,1.000000
bipartite_gnp,21,18,14,14,1.000000
bipartite_gnp,17,9,12,12,1.000000
bipartite_gnp,14,15,10,10,1.000000
bipartite_gnp,19,9,13,13,1.000000
bipartite_gnp,16,4,13,13,1.000000
bipartite_gnp,15,12,10,10,1.000000
bipartite_gnp,14,14,11,11,1.000000
bipartite_gnp,24,73,13,13,1.000000
bipartite_gnp,25,46,14,14,1.000000
bipartite_gnp,18,4,16,16,1.000000
bipartite_gnp,14,10,11,11,1.000000
bipartite_gnp,12,13,9,9,1.000000
bipartite_gnp,15,5,12,12,1.000000
bipartite_gnp,14,13,10,10,1.000000
bipartite_gnp,15,9,12,12,1.000000
bipartite_gnp,23,68,13,13,1.000000
bipartite_gnp,14,11,9,9,1.000000
bipartite_gnp,14,10,10,10,1.000000
bipartite_gnp,8,1,7,7,1.000000
bipartite_gnp,20,25,12,12,1.000000
bipartite_gnp,16,26,9,9,1.000000
bipartite_gnp,11,9,7,7,1.000000
bipartite_gnp,20,45,12,12,1.000000
bipartite_gnp,23,34,12,12,1.000000
bipartite_gnp,12,9,7,7,1.000000
bipartite_gnp,20,53,10,10,1.000000
bipartite_gnp,24,64,14,14,1.000000
bipartite_gnp,25,32,13,13,1.000000
bipartite_gnp,22,12,15,15,1.000000
bipartite_gnp,26,38,13,13,1.000000
bipartite_gnp,17,10,15,15,1.000000
bipartite_gnp,20,37,12,12,1.000000
bipartite_gnp,23,63,13,13,1.000000
bipartite_gnp,21,49,13,13,1.000000
bipartite_gnp,24,70,12,12,1.000000
bipartite_gnp,11,1,10,10,1.000000
bipartite_gnp,20,17,13,13,1.000000
bipartite_gnp,18,4,16,16,1.000000
bipartite_gnp,26,60,13,13,1.000000
bipartite_gnp,17,32,11,11,1.000000
bipartite_gnp,14,25,9,9,1.000000
bipartite_gnp,14,16,9,9,1.000000
bipartite_gnp,22,52,14,14,1.000000
bipartite_gnp,12,7,9,9,1.000000
bipartite_gnp,15,8,12,12,1.000000
bipartite_gnp,17,15,13,13,1.000000
bipartite_gnp,13,14,7,7,1.000000
bipartite_gnp,15,13,9,9,1.000000
bipartite_gnp,25,43,14,14,1.000000
bipartite_gnp,17,5,14,14,1.000000
bipartite_gnp,18,22,14,14,1.000000
bipartite_gnp,9,6,6,6,1.000000
bipartite_gnp,21,16,14,14,1.000000
bipartite_gnp,17,14,11,11,1.000000
bipartite_gnp,14,17,9,9,1.000000
bipartite_gnp,21,12,14,14,1.000000
bipartite_gnp,20,8,15,15,1.000000
bipartite_gnp,25,59,14,14,1.000000
bipartite_gnp,15,18,8,8,1.000000
bipartite_gnp,14,11,9,9,1.000000
bipartite_gnp,10,8,6,6,1.000000
bipartite_gnp,19,7,15,15,1.000000
bipartite_gnp,18,14,11,11,1.000000
bipartite_gnp,11,10,7,7,1.000000
bipartite_gnp,17,14,11,11,1.000000
bipartite_gnp,12,9,7,7,1.000000
bipartite_gnp,19,48,11,11,1.000000
bipartite_gnp,21,23,14,14,1.000000
bipartite_gnp,12,13,8,8,1.000000
bipartite_gnp,22,45,14,14,1.000000
bipartite_gnp,15,19,8,8,1.000000
bipartite_gnp,27,78,14,14,1.000000
bipartite_gnp,16,11,13,13,1.000000
bipartite_gnp,20,21,13,13,1.000000
bipartite_gnp,19,19,11,11,1.000000
bipartite_gnp,18,17,11,11,1.000000
bipartite_gnp,9,4,6,6,1.000000
bipartite_gnp,21,45,11,11,1.000000
bipartite_gnp,20,18,12,12,1.000000
bipartite_gnp,18,33,13,13,1.000000
bipartite_gnp,12,17,7,7,1.000000
bipartite_gnp,12,10,9,9,1.000000
bipartite_gnp,13,7,9,9,1.000000
bipartite_gnp,22,29,14,14,1.000000
bipartite_gnp,11,4,7,7,1.000000
bipartite_gnp,16,10,13,13,1.000000
bipartite_gnp,18,32,12,12,1.000000
bipartite_gnp,18,31,13,13,1.000000
bipartite_gnp,19,17,12,12,1.000000
bipartite_gnp,17,10,13,13,1.000000
bipartite_gnp,9,10,5,5,1.000000
bipartite_gnp,18,29,14,14,1.000000
bipartite_gnp,24,74,13,13,1.000000
bipartite_gnp,15,13,12,12,1.000000
bipartite_gnp,23,28,14,14,1.000000
bipartite_gnp,19,9,14,14,1.000000
bipartite_gnp,19,11,14,14,1.000000
bipartite_gnp,17,14,12,12,1.000000
bipartite_gnp,11,8,8,8,1.000000
bipartite_gnp,19,38,11,11,1.000000
bipartite_gnp,19,24,14,14,1.000000
bipartite_gnp,16,12,11,11,1.000000
bipartite_gnp,21,30,13,13,1.000000
bipartite_gnp,14,14,11,11,1.000000
bipartite_gnp,20,21,12,12,1.000000
bipartite_gnp,12,13,9,9,1.000000
bipartite_gnp,20,29,12,12,1.000000
bipartite_gnp,22,48,11,11,1.000000
bipartite_gnp,20,12,14,14,1.000000
bipartite_gnp,16,22,10,10,1.000000
bipartite_gnp,25,40,14,14,1.000000
bipartite_gnp,27,77,14,14,1.000000
bipartite_gnp,9,0,9,9,1.000000
bipartite_gnp,14,6,11,11,1.000000
bipartite_gnp,26,21,17,17,1.000000
bipartite_gnp,20,27,14,14,1.000000
bipartite_gnp,22,19,13,13,1.000000
bipartite_gnp,11,7,8,8,1.000000
bipartite_gnp,23,9,18,18,1.000000
bipartite_gnp,18,13,13,13,1.000000
bipartite_gnp,25,37,13,13,1.000000
bipartite_gnp,18,23,13,13,1.000000
bipartite_gnp,19,37,11,11,1.000000
bipartite_gnp,19,10,13,13,1.000000
bipartite_gnp,17,18,11,11,1.000000
bipartite_gnp,26,35,14,14,1.000000
bipartite_gnp,20,15,14,14,1.000000
bipartite_gnp,20,30,14,14,1.000000
bipartite_gnp,19,26,11,11,1.000000
bipartite_gnp,16,15,11,11,1.000000
bipartite_gnp,22,20,13,13,1.000000
bipartite_gnp,13,7,9,9,1.000000
bipartite_gnp,16,22,8,8,1.000000
bipartite_gnp,14,6,10,10,1.000000
bipartite_gnp,21,14,14,14,1.000000
bipartite_gnp,25,36,15,15,1.000000
bipartite_gnp,22,31,13,13,1.000000
bipartite_gnp,16,8,14,14,1.000000
bipartite_gnp,15,30,8,8,1.000000
bipartite_gnp,15,19,11,11,1.000000
bipartite_gnp,23,15,15,15,1.000000
bipartite_gnp,19,14,14,14,1.000000
bipartite_gnp,19,11,13,13,1.000000
bipartite_gnp,17,11,13,13,1.000000
bipartite_gnp,22,26,14,14,1.000000
bipartite_gnp,23,23,15,15,1.000000
bipartite_gnp,14,13,11,11,1.000000
bipartite_gnp,18,32,10,10,1.000000
bipartite_gnp,22,24,13,13,1.000000
bipartite_gnp,26,79,13,13,1.000000
bipartite_gnp,21,8,15,15,1.000000
bipartite_gnp,16,28,8,8,1.000000
bipartite_gnp,22,33,13,13,1.000000
bipartite_gnp,21,51,12,12,1.000000
bipartite_gnp,12,11,8,8,1.000000
bipartite_gnp,11,7,7,7,1.000000
bipartite_gnp,21,18,14,14,1.000000
bipartite_gnp,23,10,16,16,1.000000
bipartite_gnp,12,12,8,8,1.000000
bipartite_gnp,22,26,13,13,1.000000
bipartite_gnp,21,29,14,14,1.000000
bipartite_gnp,15,13,12,12,1.000000
bipartite_gnp,24,65,14,14,1.000000
bipartite_gnp,21,30,11,11,1.000000
bipartite_gnp,15,27,9,9,1.000000
bipartite_gnp,24,23,14,14,1.000000
bipartite_gnp,18,19,13,13,1.000000
bipartite_gnp,16,24,12,12,1.000000
bipartite_gnp,17,18,14,14,1.000000
bipartite_gnp,13,18,7,7,1.000000
bipartite_gnp,26,24,16,16,1.000000
bipartite_gnp,12,3,10,10,1.000000
bipartite_gnp,11,3,8,8,1.000000
bipartite_gnp,18,19,11,11,1.000000
bipartite_gnp,24,49,13,13,1.000000
bipartite_gnp,17,30,9,9,1.000000
bipartite_gnp,22,24,14,14,1.000000
bipartite_gnp,20,35,11,11,1.000000
bipartite_gnp,19,16,11,11,1.000000
bipartite_gnp,16,38,9,9,1.000000
bipartite_gnp,16,21,11,11,1.000000
bipartite_gnp,21,18,12,12,1.000000
bipartite_gnp,6,2,5,5,1.000000
bipartite_gnp,16,26,9,9,1.000000
bipartite_gnp,12,8,7,7,1.000000
bipartite_gnp,17,11,12,12,1.000000
bipartite_gnp,17,8,12,12,1.000000
bipartite_gnp,28,44,15,15,1.000000
bipartite_gnp,21,48,13,13,1.000000
bipartite_gnp,16,6,11,11,1.000000
bipartite_gnp,17,19,13,13,1.000000
bipartite_gnp,21,43,12,12,1.000000
bipartite_gnp,24,40,13,13,1.000000
bipartite_gnp,25,35,13,13,1.000000
bipartite_gnp,10,11,6,6,1.000000
bipartite_gnp,19,21,13,13,1.000000
bipartite_gnp,11,8,7,7,1.000000
bipartite_gnp,24,17,16,16,1.000000
bipartite_gnp,18,15,14,14,1.000000
bipartite_gnp,24,34,14,14,1.000000
bipartite_gnp,12,17,9,9,1.000000
bipartite_gnp,23,30,13,13,1.000000
bipartite_gnp,14,22,10,10,1.000000
bipartite_gnp,22,43,13,13,1.000000
bipartite_gnp,17,36,10,10,1.000000
bipartite_gnp,20,44,13,13,1.000000
bipartite_gnp,25,56,14,14,1.000000
bipartite_gnp,25,31,15,15,1.000000
bipartite_gnp,27,24,16,16,1.000000
bipartite_gnp,19,26,10,10,1.000000
bipartite_gnp,24,22,15,15,1.000000
bipartite_gnp,10,12,6,6,1.000000
bipartite_gnp,21,16,14,14,1.000000
bipartite_gnp,24,53,14,14,1.000000
bipartite_gnp,16,15,13,13,1.000000
bipartite_gnp,17,8,14,14,1.000000
bipartite_gnp,11,4,9,9,1.000000
bipartite_gnp,10,3,7,7,1.000000
bipartite_gnp,20,27,13,13,1.000000
bipartite_gnp,21,27,12,12,1.000000
bipartite_gnp,18,20,13,13,1.000000
bipartite_gnp,9,6,7,7,1.000000
bipartite_gnp,16,13,11,11,1.000000
bipartite_gnp,20,44,12,12,1.000000
bipartite_gnp,19,16,14,14,1.000000
bipartite_gnp,20,38,12,12,1.000000
bipartite_gnp,13,19,8,8,1.000000
bipartite_gnp,19,9,15,15,1.000000
bipartite_gnp,14,19,10,10,1.000000
bipartite_gnp,19,13,14,14,1.000000
bipartite_gnp,12,15,8,8,1.000000
bipartite_gnp,17,18,12,12,1.000000
bipartite_gnp,11,11,6,6,1.000000
bipartite_gnp,11,2,9,9,1.000000
bipartite_gnp,16,4,13,13,1.000000
bipartite_gnp,12,2,10,10,1.000000
bipartite_gnp,15,25,9,9,1.000000
bipartite_gnp,12,5,9,9,1.000000
bipartite_gnp,8,6,5,5,1.000000
bipartite_gnp,12,10,7,7,1.000000
bipartite_gnp,11,11,7,7,1.000000
bipartite_gnp,23,55,12,12,1.000000
bipartite_gnp,8,1,7,7,1.000000
bipartite_gnp,22,44,14,14,1.000000
bipartite_gnp,20,31,13,13,1.000000
bipartite_gnp,12,11,8,8,1.000000
bipartite_gnp,22,61,13,13,1.000000
bipartite_gnp,10,9,7,7,1.000000
bipartite_gnp,19,21,12,12,1.000000
bipartite_gnp,18,31,13,13,1.000000
bipartite_gnp,15,21,8,8,1.000000
bipartite_gnp,12,2,10,10,1.000000
bipartite_gnp,22,40,14,14,1.000000
bipartite_gnp,12,18,9,9,1.000000
bipartite_gnp,18,8,14,14,1.000000
bipartite_gnp,21,32,13,13,1.000000
bipartite_gnp,18,40,10,10,1.000000
bipartite_gnp,13,7,10,10,1.000000
bipartite_gnp,11,5,8,8,1.000000
bipartite_gnp,14,7,9,9,1.000000
bipartite_gnp,15,26,9,9,1.000000
bipartite_gnp,16,18,11,11,1.000000
bipartite_gnp,24,69,12,12,1.000000
bipartite_gnp,20,36,11,11,1.000000
bipartite_gnp,11,11,8,8,1.000000
bipartite_gnp,20,47,14,14,1.000000
bipartite_gnp,14,11,11,11,1.000000
bipartite_gnp,22,27,14,14,1.000000
bipartite_gnp,10,3,8,8,1.000000
bipartite_gnp,7,3,5,5,1.000000
bipartite_gnp,11,4,8,8,1.000000
bipartite_gnp,16,21,8,8,1.000000
bipartite_gnp,22,30,13,13,1.000000
bipartite_gnp,22,48,12,12,1.000000
bipartite_gnp,11,5,8,8,1.000000
bipartite_gnp,10,5,8,8,1.000000
bipartite_gnp,15,18,9,9,1.000000
bipartite_gnp,12,15,9,9,1.000000
bipartite_gnp,18,25,14,14,1.000000
bipartite_gnp,14,13,9,9,1.000000
bipartite_gnp,21,15,15,15,1.000000
bipartite_gnp,16,12,11,11,1.000000
bipartite_gnp,11,4,9,9,1.000000
bipartite_gnp,17,10,14,14,1.000000
bipartite_gnp,20,47,13,13,1.000000
bipartite_gnp,10,6,6,6,1.000000
bipartite_gnp,12,5,8,8,1.000000
bipartite_gnp,20,13,14,14,1.000000
bipartite_gnp,6,2,5,5,1.000000
bipartite_gnp,21,55,11,11,1.000000
bipartite_gnp,24,43,13,13,1.000000
bipartite_gnp,19,22,13,13,1.000000
bipartite_gnp,16,18,12,12,1.000000
bipartite_gnp,14,24,8,8,1.000000
bipartite_gnp,13,11,9,9,1.000000
bipartite_gnp,14,16,9,9,1.000000
bipartite_gnp,23,34,14,14,1.000000
bipartite_gnp,10,7,7,7,1.000000
bipartite_gnp,22,55,12,12,1.000000
bipartite_gnp,13,14,9,9,1.000000
bipartite_gnp,17,4,13,13,1.000000
bipartite_gnp,15,1,14,14,1.000000
bipartite_gnp,15,7,11,11,1.000000
bipartite_gnp,10,11,6,6,1.000000
bipartite_gnp,19,41,10,10,1.000000
bipartite_gnp,13,12,9,9,1.000000
bipartite_gnp,14,10,10,10,1.000000
bipartite_gnp,20,36,12,12,1.000000
bipartite_gnp,24,71,14,14,1.000000
bipartite_gnp,25,62,14,14,1.000000
bipartite_gnp,17,12,13,13,1.000000
bipartite_gnp,14,12,10,10,1.000000
bipartite_gnp,10,11,5,5,1.000000
bipartite_gnp,17,16,11,11,1.000000
bipartite_gnp,17,34,11,11,1.000000
bipartite_gnp,19,14,15,15,1.000000
bipartite_gnp,15,9,12,12,1.000000
bipartite_gnp,16,15,13,13,1.000000
bipartite_gnp,17,20,14,14,1.000000
bipartite_gnp,11,4,9,9,1.000000
bipartite_gnp,10,8,5,5,1.000000
bipartite_gnp,15,16,9,9,1.000000
bipartite_gnp,24,64,13,13,1.000000
bipartite_gnp,26,36,15,15,1.000000
bipartite_gnp,10,5,8,8,1.000000
bipartite_gnp,26,66,14,14,1.000000
bipartite_gnp,23,27,14,14,1.000000
bipartite_gnp,14,12,8,8,1.000000
bipartite_gnp,20,23,14,14,1.000000
bipartite_gnp,16,15,12,12,1.000000
bipartite_gnp,14,17,8,8,1.000000
bipartite_gnp,19,21,12,12,1.000000
bipartite_gnp,14,12,11,11,1.000000
bipartite_gnp,18,14,11,11,1.000000
bipartite_gnp,28,72,14,14,1.000000
bipartite_gnp,13,3,11,11,1.000000
bipartite_gnp,15,13,11,11,1.000000
bipartite_gnp,18,17,11,11,1.000000
bipartite_gnp,17,26,10,10,1.000000
bipartite_gnp,19,17,14,14,1.000000
bipartite_gnp,17,32,11,11,1.000000
bipartite_gnp,11,10,8,8,1.000000
bipartite_gnp,17,20,12,12,1.000000
bipartite_gnp,23,12,17,17,1.000000
bipartite_gnp,13,13,8,8,1.000000
bipartite_gnp,26,65,13,13,1.000000
bipartite_gnp,18,26,14,14,1.000000
bipartite_gnp,22,31,14,14,1.000000
bipartite_gnp,9,7,5,5,1.000000
bipartite_gnp,19,39,10,10,1.000000
bipartite_gnp,25,78,13,13,1.000000
bipartite_gnp,22,47,14,14,1.000000
bipartite_gnp,13,5,10,10,1.000000
bipartite_gnp,12,15,7,7,1.000000
bipartite_gnp,20,15,15,15,1.000000
bipartite_gnp,15,23,8,8,1.000000
bipartite_gnp,14,17,9,9,1.000000
bipartite_gnp,13,18,7,7,1.000000
bipartite_gnp,14,10,10,10,1.000000
bipartite_gnp,10,3,8,8,1.000000
bipartite_gnp,21,45,13,13,1.000000
bipartite_gnp,17,17,11,11,1.000000
bipartite_gnp,26,32,14,14,1.000000
bipartite_gnp,19,16,14,14,1.000000
bipartite_gnp,19,26,14,14,1.000000
bipartite_gnp,19,23,12,12,1.000000
bipartite_gnp,21,16,14,14,1.000000
bipartite_gnp,26,69,13,13,1.000000
bipartite_gnp,12,17,7,7,1.000000
bipartite_gnp,13,13,10,10,1.000000
bipartite_gnp,21,16,14,14,1.000000
bipartite_gnp,18,18,14,14,1.000000
bipartite_gnp,12,11,7,7,1.000000
bipartite_gnp,14,11,11,11,1.000000
bipartite_gnp,9,1,8,8,1.000000
bipartite_gnp,21,37,14,14,1.000000
bipartite_gnp,10,3,8,8,1.000000
bipartite_gnp,16,20,13,13,1.000000
bipartite_gnp,15,20,10,10,1.000000
bipartite_gnp,21,58,14,14,1.000000
bipartite_gnp,10,6,7,7,1.000000
bipartite_gnp,17,20,14,14,1.000000
bipartite_gnp,10,2,9,9,1.000000
bipartite_gnp,13,4,10,10,1.000000
bipartite_gnp,19,7,15,15,1.000000
bipartite_gnp,11,7,8,8,1.000000
bipartite_gnp,25,46,14,14,1.000000
bipartite_gnp,12,8,9,9,1.000000
bipartite_gnp,18,35,10,10,1.000000
bipartite_gnp,11,7,7,7,1.000000
bipartite_gnp,12,12,8,8,1.000000
bipartite_gnp,11,14,7,7,1.000000
bipartite_gnp,13,13,10,10,1.000000
bipartite_gnp,14,11,9,9,1.000000
bipartite_gnp,12,5,9,9,1.000000
bipartite_gnp,23,17,16,16,1.000000
bipartite_gnp,11,9,7,7,1.000000
bipartite_gnp,18,17,12,12,1.000000
bipartite_gnp,13,14,9,9,1.000000
bipartite_gnp,11,5,9,9,1.000000
bipartite_gnp,13,13,8,8,1.000000
bipartite_gnp,17,11,14,14,1.000000
bipartite_gnp,9,3,7,7,1.000000
bipartite_gnp,13,15,8,8,1.000000
bipartite_gnp,22,40,14,14,1.000000
bipartite_gnp,14,9,11,11,1.000000
bipartite_gnp,26,56,14,14,1.000000
bipartite_gnp,14,17,8,8,1.000000
bipartite_gnp,7,3,5,5,1.000000
bipartite_gnp,16,24,12,12,1.000000
bipartite_gnp,6,6,3,3,1.000000
bipartite_gnp,19,36,14,14,1.000000
bipartite_gnp,18,30,14,14,1.000000
bipartite_gnp,27,90,14,14,1.000000
bipartite_gnp,22,32,11,11,1.000000
bipartite_gnp,18,9,14,14,1.000000
bipartite_gnp,17,28,12,12,1.000000
bipartite_gnp,19,18,14,14,1.000000
bipartite_gnp,8,1,7,7,1.000000
bipartite_gnp,18,20,14,14,1.000000
bipartite_gnp,25,65,13,13,1.000000
bipartite_gnp,18,10,12,12,1.000000
bipartite_gnp,11,5,8,8,1.000000
bipartite_gnp,25,59,13,13,1.000000
bipartite_gnp,12,6,8,8,1.000000
bipartite_gnp,20,35,11,11,1.000000
bipartite_gnp,22,34,13,13,1.000000
bipartite_gnp,13,1,12,12,1.000000
bipartite_gnp,10,9,7,7,1.000000
bipartite_gnp,21,12,15,15,1.000000
bipartite_gnp,20,35,14,14,1.000000
bipartite_gnp,22,14,15,15,1.000000
bipartite_gnp,19,33,13,13,1.000000
bipartite_gnp,18,17,14,14,1.000000
bipartite_gnp,7,4,5,5,1.000000
bipartite_gnp,20,31,12,12,1.000000
bipartite_gnp,22,55,13,13,1.000000
bipartite_gnp,16,14,13,13,1.000000
bipartite_gnp,21,51,12,12,1.000000
bipartite_gnp,14,7,11,11,1.000000
bipartite_gnp,15,16,12,12,1.000000
bipartite_gnp,26,67,13,13,1.000000
bipartite_gnp,19,13,13,13,1.000000
bipartite_gnp,14,12,11,11,1.000000
bipartite_gnp,18,31,12,12,1.000000
bipartite_gnp,12,3,10,10,1.000000
bipartite_gnp,23,36,13,13,1.000000
bipartite_gnp,11,9,8,8,1.000000
bipartite_gnp,16,9,13,13,1.000000
bipartite_gnp,25,19,16,16,1.000000
bipartite_gnp,12,8,9,9,1.000000
bipartite_gnp,11,9,8,8,1.000000
bipartite_gnp,16,28,8,8,1.000000
bipartite_gnp,11,7,7,7,1.000000
bipartite_gnp,9,4,6,6,1.000000
bipartite_gnp,13,2,12,12,1.000000
bipartite_gnp,19,15,14,14,1.000000
bipartite_gnp,19,8,15,15,1.000000
bipartite_gnp,24,13,16,16,1.000000
bipartite_gnp,23,27,14,14,1.000000
bipartite_gnp,18,33,11,11,1.000000
bipartite_gnp,9,4,7,7,1.000000
bipartite_gnp,26,22,16,16,1.000000
bipartite_gnp,19,27,10,10,1.000000
bipartite_gnp,17,21,14,14,1.000000
bipartite_gnp,13,22,7,7,1.000000
bipartite_gnp,19,32,13,13,1.000000
bipartite_gnp,18,20,11,11,1.000000
bipartite_gnp,17,14,12,12,1.000000
bipartite_gnp,20,12,13,13,1.000000
bipartite_gnp,15,7,12,12,1.000000
bipartite_gnp,18,21,11,11,1.000000
bipartite_gnp,19,48,10,10,1.000000
bipartite_gnp,12,11,8,8,1.000000
bipartite_gnp,20,40,13,13,1.000000
bipartite_gnp,13,12,8,8,1.000000
bipartite_gnp,13,4,10,10,1.000000
bipartite_gnp,13,10,10,10,1.000000
bipartite_gnp,16,18,11,11,1.000000
bipartite_gnp,7,2,6,6,1.000000
bipartite_gnp,14,2,13,13,1.000000
bipartite_gnp,11,11,7,7,1.000000
bipartite_gnp,15,14,12,12,1.000000
bipartite_gnp,22,30,12,12,1.000000
bipartite_gnp,13,13,9,9,1.000000
bipartite_gnp,19,17,12,12,1.000000
bipartite_gnp,15,11,12,12,1.000000
bipartite_gnp,27,77,14,14,1.000000
bipartite_gnp,18,15,14,14,1.000000
bipartite_gnp,19,11,15,15,1.000000
bipartite_gnp,24,19,15,15,1.000000
bipartite_gnp,11,3,9,9,1.000000
bipartite_gnp,19,16,14,14,1.000000
bipartite_gnp,24,38,13,13,1.000000
bipartite_gnp,22,25,15,15,1.000000
bipartite_gnp,18,24,14,14,1.000000
bipartite_gnp,20,33,11,11,1.000000
bipartite_gnp,19,28,12,12,1.000000
bipartite_gnp,19,27,13,13,1.000000
bipartite_gnp,14,18,8,8,1.000000
bipartite_gnp,14,3,12,12,1.000000
bipartite_gnp,21,31,12,12,1.000000
bipartite_gnp,14,9,9,9,1.000000
bipartite_gnp,26,67,13,13,1.000000
bipartite_gnp,22,42,13,13,1.000000
bipartite_gnp,19,18,11,11,1.000000
bipartite_gnp,24,46,14,14,1.000000
bipartite_gnp,15,3,14,14,1.000000
bipartite_gnp,20,19,13,13,1.000000
bipartite_gnp,8,3,6,6,1.000000
bipartite_gnp,23,40,13,13,1.000000
bipartite_gnp,11,5,8,8,1.000000
bipartite_gnp,12,13,8,8,1.000000
bipartite_gnp,13,12,9,9,1.000000
bipartite_gnp,23,35,13,13,1.000000
bipartite_gnp,12,15,9,9,1.000000
bipartite_gnp,19,42,11,11,1.000000
bipartite_gnp,24,21,15,15,1.000000
bipartite_gnp,19,17,14,14,1.000000
bipartite_gnp,19,13,12,12,1.000000
bipartite_gnp,19,15,13,13,1.000000
bipartite_gnp,26,38,14,14,1.000000
bipartite_gnp,21,15,14,14,1.000000
bipartite_gnp,23,38,12,12,1.000000
bipartite_gnp,21,22,14,14,1.000000
bipartite_gnp,15,10,12,12,1.000000
bipartite_gnp,19,27,12,12,1.000000
bipartite_gnp,17,28,12,12,1.000000
bipartite_gnp,11,7,7,7,1.000000
bipartite_gnp,12,17,8,8,1.000000
bipartite_gnp,13,4,11,11,1.000000
bipartite_gnp,15,16,12,12,1.000000
bipartite_gnp,20,49,11,11,1.000000
bipartite_gnp,11,5,9,9,1.000000
bipartite_gnp,13,12,8,8,1.000000
bipartite_gnp,17,20,12,12,1.000000
bipartite_gnp,15,23,8,8,1.000000
bipartite_gnp,16,9,11,11,1.000000
bipartite_gnp,20,30,13,13,1.000000
bipartite_gnp,13,2,11,11,1.000000
bipartite_gnp,17,26,11,11,1.000000
bipartite_gnp,18,24,12,12,1.000000
bipartite_gnp,27,78,15,15,1.000000
bipartite_gnp,20,31,11,11,1.000000
bipartite_gnp,11,3,9,9,1.000000
bipartite_gnp,20,19,14,14,1.000000
bipartite_gnp,17,13,14,14,1.000000
bipartite_gnp,16,15,11,11,1.000000
bipartite_gnp,11,3,9,9,1.000000
bipartite_gnp,17,8,12,12,1.000000
bipartite_gnp,13,15,9,9,1.000000
bipartite_gnp,20,34,12,12,1.000000
bipartite_gnp,20,23,13,13,1.000000
bipartite_gnp,21,29,15,15,1.000000
bipartite_gnp,18,17,12,12,1.000000
bipartite_gnp,16,20,11,11,1.000000
bipartite_gnp,24,38,14,14,1.000000
bipartite_gnp,13,10,9,9,1.000000
bipartite_gnp,7,4,4,4,1.000000
bipartite_gnp,16,13,12,12,1.000000
bipartite_gnp,17,3,15,15,1.000000
bipartite_gnp,17,25,9,9,1.000000
bipartite_gnp,21,50,13,13,1.000000
bipartite_gnp,15,14,11,11,1.000000
bipartite_gnp,20,32,10,10,1.000000
bipartite_gnp,8,2,6,6,1.000000
bipartite_gnp,11,10,7,7,1.000000
bipartite_gnp,17,28,10,10,1.000000
bipartite_gnp,16,22,11,11,1.000000
bipartite_gnp,17,24,10,10,1.000000
bipartite_gnp,13,14,8,8,1.000000
bipartite_gnp,18,19,11,11,1.000000
bipartite_gnp,15,10,9,9,1.000000
bipartite_gnp,9,4,7,7,1.000000
bipartite_gnp,22,30,12,12,1.000000
bipartite_gnp,14,10,10,10,1.000000
bipartite_gnp,18,12,13,13,1.000000
bipartite_gnp,19,28,12,12,1.000000
bipartite_gnp,14,13,8,8,1.000000
bipartite_gnp,19,40,11,11,1.000000
bipartite_gnp,25,74,13,13,1.000000
bipartite_gnp,15,22,11,11,1.000000
bipartite_gnp,23,45,14,14,1.000000
bipartite_gnp,13,4,10,10,1.000000
bipartite_gnp,22,29,12,12,1.000000
bipartite_gnp,21,10,15,15,1.000000
bipartite_gnp,25,25,15,15,1.000000
bipartite_gnp,9,1,8,8,1.000000
bipartite_gnp,20,32,14,14,1.000000
bipartite_gnp,12,18,7,7,1.000000
bipartite_gnp,17,38,12,12,1.000000
bipartite_gnp,14,8,11,11,1.000000
bipartite_gnp,22,33,11,11,1.000000
bipartite_gnp,25,32,15,15,1.000000
bipartite_gnp,20,12,15,15,1.000000
bipartite_gnp,17,37,10,10,1.000000
bipartite_gnp,12,5,9,9,1.000000
bipartite_gnp,16,23,10,10,1.000000
bipartite_gnp,17,9,11,11,1.000000
bipartite_gnp,9,9,5,5,1.000000
bipartite_gnp,19,49,10,10,1.000000
bipartite_gnp,25,66,14,14,1.000000
bipartite_gnp,11,3,8,8,1.000000
bipartite_gnp,16,24,12,12,1.000000
bipartite_gnp,18,17,10,10,1.000000
bipartite_gnp,14,7,9,9,1.000000
bipartite_gnp,26,59,14,14,1.000000
bipartite_gnp,19,21,12,12,1.000000
bipartite_gnp,16,4,13,13,1.000000
bipartite_gnp,25,52,13,13,1.000000
bipartite_gnp,17,10,12,12,1.000000
bipartite_gnp,13,14,10,10,1.000000
bipartite_gnp,13,13,10,10,1.000000
bipartite_gnp,20,27,13,13,1.000000
bipartite_gnp,22,27,13,13,1.000000
bipartite_gnp,19,35,11,11,1.000000
bipartite_gnp,13,14,9,9,1.000000
bipartite_gnp,15,4,12,12,1.000000
bipartite_gnp,16,12,12,12,1.000000
bipartite_gnp,12,17,7,7,1.000000
bipartite_gnp,8,3,6,6,1.000000
bipartite_gnp,16,19,11,11,1.000000
bipartite_gnp,15,19,11,11,1.000000
bipartite_gnp,14,3,12,12,1.000000
bipartite_gnp,13,9,10,10,1.000000
bipartite_gnp,22,62,13,13,1.000000
bipartite_gnp,10,1,9,9,1.000000
bipartite_gnp,15,8,11,11,1.000000
bipartite_gnp,15,25,9,9,1.000000
bipartite_gnp,16,31,8,8,1.000000
bipartite_gnp,14,13,9,9,1.000000
bipartite_gnp,18,8,15,15,1.000000
bipartite_gnp,15,17,8,8,1.000000
bipartite_gnp,20,15,13,13,1.000000
bipartite_gnp,22,30,13,13,1.000000
bipartite_gnp,18,21,14,14,1.000000
bipartite_gnp,17,20,9,9,1.000000
bipartite_gnp,19,19,11,11,1.000000
bipartite_gnp,11,7,7,7,1.000000
bipartite_gnp,15,14,9,9,1.000000
bipartite_gnp,19,28,10,10,1.000000
bipartite_gnp,20,28,12,12,1.000000
bipartite_gnp,20,48,13,13,1.000000
bipartite_gnp,21,41,14,14,1.000000
bipartite_gnp,16,15,13,13,1.000000
bipartite_gnp,14,21,9,9,1.000000
bipartite_gnp,17,20,12,12,1.000000
bipartite_gnp,17,7,14,14,1.000000
bipartite_gnp,17,19,12,12,1.000000
bipartite_gnp,8,3,5,5,1.000000
bipartite_gnp,17,14,11,11,1.000000
bipartite_gnp,26,35,13,13,1.000000
bipartite_gnp,25,32,14,14,1.000000
bipartite_gnp,15,13,12,12,1.000000
bipartite_gnp,21,8,16,16,1.000000
bipartite_gnp,9,12,5,5,1.000000
bipartite_gnp,16,22,11,11,1.000000
bipartite_gnp,24,64,12,12,1.000000
bipartite_gnp,12,19,8,8,1.000000
bipartite_gnp,20,42,12,12,1.000000
bipartite_gnp,13,12,9,9,1.000000
bipartite_gnp,27,91,14,14,1.000000
bipartite_gnp,9,4,6,6,1.000000
bipartite_gnp,11,14,8,8,1.000000
bipartite_gnp,20,9,14,14,1.000000
bipartite_gnp,11,5,8,8,1.000000
bipartite_gnp,12,15,9,9,1.000000
bipartite_gnp,13,5,9,9,1.000000
bipartite_gnp,12,9,8,8,1.000000
bipartite_gnp,25,69,13,13,1.000000
bipartite_gnp,16,14,12,12,1.000000
bipartite_gnp,26,78,14,14,1.000000
bipartite_gnp,25,14,17,17,1.000000
bipartite_gnp,15,9,10,10,1.000000
bipartite_gnp,22,32,14,14,1.000000
bipartite_gnp,11,15,8,8,1.000000
bipartite_gnp,24,38,14,14,1.000000
bipartite_gnp,15,16,12,12,1.000000
bipartite_gnp,20,10,15,15,1.000000
bipartite_gnp,21,17,13,13,1.000000
bipartite_gnp,15,8,12,12,1.000000
bipartite_gnp,19,18,13,13,1.000000
bipartite_gnp,20,37,13,13,1.000000
bipartite_gnp,11,3,8,8,1.000000
bipartite_gnp,7,6,4,4,1.000000
bipartite_gnp,19,43,13,13,1.000000
bipartite_gnp,14,3,11,11,1.000000
bipartite_gnp,23,15,15,15,1.000000
bipartite_gnp,24,50,13,13,1.000000
bipartite_gnp,19,23,12,12,1.000000
bipartite_gnp,16,20,10,10,1.000000
bipartite_gnp,16,27,8,8,1.000000
bipartite_gnp,22,37,13,13,1.000000
bipartite_gnp,19,11,15,15,1.000000
bipartite_gnp,23,44,13,13,1.000000
bipartite_gnp,8,9,4,4,1.000000
bipartite_gnp,14,16,10,10,1.000000
bipartite_gnp,17,22,11,11,1.000000
bipartite_gnp,23,51,14,14,1.000000
bipartite_gnp,20,41,10,10,1.000000
bipartite_gnp,9,8,5,5,1.000000
bipartite_gnp,24,63,13,13,1.000000
bipartite_gnp,25,17,18,18,1.000000
bipartite_gnp,19,9,14,14,1.000000
bipartite_gnp,14,11,11,11,1.000000
bipartite_gnp,19,40,11,11,1.000000
bipartite_gnp,21,48,11,11,1.000000
bipartite_gnp,16,7,11,11,1.000000
bipartite_gnp,16,19,11,11,1.000000
bipartite_gnp,11,7,8,8,1.000000
bipartite_gnp,25,61,13,13,1.000000
bipartite_gnp,20,10,15,15,1.000000
bipartite_gnp,21,54,11,11,1.000000
bipartite_gnp,13,15,8,8,1.000000
bipartite_gnp,27,31,15,15,1.000000
bipartite_gnp,11,5,8,8,1.000000
bipartite_gnp,15,8,11,11,1.000000
bipartite_gnp,14,19,10,10,1.000000
bipartite_gnp,10,5,7,7,1.000000
bipartite_gnp,21,39,14,14,1.000000
bipartite_gnp,19,26,13,13,1.000000
bipartite_gnp,17,11,14,14,1.000000
bipartite_gnp,13,9,9,9,1.000000
bipartite_gnp,26,49,15,15,1.000000
bipartite_gnp,17,7,13,13,1.000000
bipartite_gnp,9,7,5,5,1.000000
bipartite_gnp,7,4,5,5,1.000000
bipartite_gnp,18,29,12,12,1.000000
bipartite_gnp,13,17,8,8,1.000000
bipartite_gnp,19,19,11,11,1.000000
bipartite_gnp,18,46,11,11,1.000000
bipartite_gnp,21,15,14,14,1.000000
bipartite_gnp,22,44,14,14,1.000000
bipartite_gnp,22,50,13,13,1.000000
bipartite_gnp,13,16,9,9,1.000000
bipartite_gnp,26,38,14,14,1.000000
bipartite_gnp,27,28,15,15,1.000000
bipartite_gnp,9,9,5,5,1.000000
bipartite_gnp,17,7,14,14,1.000000
bipartite_gnp,21,28,12,12,1.000000
bipartite_gnp,22,48,13,13,1.000000
bipartite_gnp,11,7,8,8,1.000000
bipartite_gnp,20,23,11,11,1.000000
bipartite_gnp,13,10,8,8,1.000000
bipartite_gnp,16,10,11,11,1.000000
bipartite_gnp,20,33,13,13,1.000000
bipartite_gnp,14,21,8,8,1.000000
bipartite_gnp,22,42,14,14,1.000000
bipartite_gnp,26,70,14,14,1.000000
bipartite_gnp,24,20,15,15,1.000000
bipartite_gnp,14,15,9,9,1.000000
bipartite_gnp,15,9,11,11,1.000000
bipartite_gnp,15,9,12,12,1.000000
bipartite_gnp,11,7,8,8,1.000000
bipartite_gnp,24,64,14,14,1.000000
bipartite_gnp,16,18,9,9,1.000000
bipartite_gnp,20,35,12,12,1.000000
bipartite_gnp,17,15,12,12,1.000000
bipartite_gnp,21,14,14,14,1.000000
bipartite_gnp,16,9,11,11,1.000000
bipartite_gnp,12,18,7,7,1.000000
bipartite_gnp,26,27,14,14,1.000000
bipartite_gnp,18,4,16,16,1.000000
bipartite_gnp,16,15,12,12,1.000000
bipartite_gnp,14,7,10,10,1.000000
bipartite_gnp,26,31,14,14,1.000000
bipartite_gnp,8,3,6,6,1.000000
bipartite_gnp,21,46,11,11,1.000000
bipartite_gnp,11,10,7,7,1.000000
bipartite_gnp,19,14,14,14,1.000000
bipartite_gnp,9,10,6,6,1.000000
bipartite_gnp,10,0,10,10,1.000000
bipartite_gnp,10,2,8,8,1.000000
bipartite_gnp,14,7,10,10,1.000000
bipartite_gnp,16,22,10,10,1.000000
bipartite_gnp,16,18,9,9,1.000000
bipartite_gnp,19,27,14,14,1.000000
bipartite_gnp,16,4,13,13,1.000000
bipartite_gnp,21,28,14,14,1.000000
bipartite_gnp,25,44,13,13,1.000000
bipartite_gnp,19,19,14,14,1.000000
bipartite_gnp,20,10,14,14,1.000000
bipartite_gnp,11,11,8,8,1.000000
bipartite_gnp,19,30,12,12,1.000000
bipartite_gnp,19,18,14,14,1.000000
bipartite_gnp,12,12,7,7,1.000000
bipartite_gnp,13,6,10,10,1.000000
bipartite_gnp,19,20,12,12,1.000000
bipartite_gnp,21,36,13,13,1.000000
bipartite_gnp,7,1,6,6,1.000000
bipartite_gnp,17,8,14,14,1.000000
bipartite_gnp,22,49,14,14,1.000000
bipartite_gnp,19,23,13,13,1.000000
bipartite_gnp,17,12,11,11,1.000000
bipartite_gnp,12,3,10,10,1.000000
bipartite_gnp,18,31,9,9,1.000000
bipartite_gnp,20,15,14,14,1.000000
bipartite_gnp,22,14,15,15,1.000000
bipartite_gnp,16,31,12,12,1.000000
bipartite_gnp,8,4,6,6,1.000000
bipartite_gnp,21,21,12,12,1.000000
bipartite_gnp,16,9,12,12,1.000000
bipartite_gnp,20,11,14,14,1.000000
bipartite_gnp,12,11,8,8,1.000000
bipartite_gnp,21,28,14,14,1.000000
bipartite_gnp,23,53,14,14,1.000000
bipartite_gnp,14,23,10,10,1.000000
bipartite_gnp,24,32,13,13,1.000000
bipartite_gnp,24,19,14,14,1.000000
bipartite_gnp,17,11,13,13,1.000000
bipartite_gnp,18,30,11,11,1.000000
bipartite_gnp,6,3,4,4,1.000000
bipartite_gnp,18,25,11,11,1.000000
bipartite_gnp,14,28,7,7,1.000000
bipartite_gnp,18,16,12,12,1.000000
bipartite_gnp,10,7,7,7,1.000000
bipartite_gnp,24,17,16,16,1.000000
bipartite_gnp,13,13,9,9,1.000000
bipartite_gnp,24,52,14,14,1.000000
bipartite_gnp,20,20,12,12,1.000000
bipartite_gnp,21,50,11,11,1.000000
bipartite_gnp,19,26,14,14,1.000000
bipartite_gnp,20,27,14,14,1.000000
bipartite_gnp,24,64,13,13,1.000000
bipartite_gnp,17,17,10,10,1.000000
bipartite_gnp,10,11,6,6,1.000000
bipartite_gnp,26,43,14,14,1.000000
bipartite_gnp,22,40,12,12,1.000000
bipartite_gnp,24,53,14,14,1.000000
bipartite_gnp,20,32,11,11,1.000000
bipartite_gnp,26,36,14,14,1.000000
bipartite_gnp,6,1,5,5,1.000000
bipartite_gnp,11,8,8,8,1.000000
bipartite_gnp,13,14,9,9,1.000000
bipartite_gnp,18,23,13,13,1.000000
bipartite_gnp,19,36,10,10,1.000000
bipartite_gnp,11,7,8,8,1.000000
bipartite_gnp,12,10,9,9,1.000000
bipartite_gnp,24,35,13,13,1.000000
bipartite_gnp,18,16,13,13,1.000000
bipartite_gnp,21,16,14,14,1.000000
bipartite_gnp,16,24,11,11,1.000000
bipartite_gnp,8,2,7,7,1.000000
bipartite_gnp,7,2,5,5,1.000000
bipartite_gnp,13,4,11,11,1.000000
bipartite_gnp,19,15,14,14,1.000000
bipartite_gnp,21,35,14,14,1.000000
bipartite_gnp,15,11,12,12,1.000000
bipartite_gnp,15,15,10,10,1.000000
bipartite_gnp,18,37,12,12,1.000000
bipartite_gnp,26,46,14,14,1.000000
bipartite_gnp,8,2,6,6,1.000000
bipartite_gnp,23,23,14,14,1.000000
bipartite_gnp,21,49,12,12,1.000000
bipartite_gnp,27,76,14,14,1.000000
bipartite_gnp,22,22,13,13,1.000000
bipartite_gnp,11,6,7,7,1.000000
bipartite_gnp,8,9,4,4,1.000000
bipartite_gnp,16,9,13,13,1.000000
bipartite_gnp,19,33,10,10,1.000000
bipartite_gnp,12,4,10,10,1.000000
bipartite_gnp,12,4,10,10,1.000000
bipartite_gnp,12,11,8,8,1.000000
bipartite_gnp,17,24,12,12,1.000000
bipartite_gnp,11,7,8,8,1.000000
bipartite_gnp,10,14,6,6,1.000000
bipartite_gnp,12,8,8,8,1.000000
bipartite_gnp,10,2,8,8,1.000000
bipartite_gnp,20,19,12,12,1.000000
bipartite_gnp,21,22,11,11,1.000000
bipartite_gnp,23,18,14,14,1.000000
bipartite_gnp,17,9,12,12,1.000000
bipartite_gnp,7,6,4,4,1.000000
bipartite_gnp,27,51,14,14,1.000000
bipartite_gnp,17,23,11,11,1.000000
bipartite_gnp,8,1,7,7,1.000000
bipartite_gnp,16,7,14,14,1.000000
bipartite_gnp,17,15,12,12,1.000000
bipartite_gnp,11,8,6,6,1.000000
bipartite_gnp,10,2,8,8,1.000000
bipartite_gnp,22,30,13,13,1.000000
bipartite_gnp,14,20,7,7,1.000000
bipartite_gnp,18,22,11,11,1.000000
bipartite_gnp,18,11,14,14,1.000000
bipartite_gnp,23,47,14,14,1.000000
bipartite_gnp,20,18,13,13,1.000000
bipartite_gnp,19,30,13,13,1.000000
bipartite_gnp,8,4,6,6,1.000000
bipartite_gnp,22,14,16,16,1.000000
bipartite_gnp,26,73,14,14,1.000000
bipartite_gnp,23,38,13,13,1.000000
bipartite_gnp,17,21,12,12,1.000000
bipartite_gnp,14,4,11,11,1.000000
bipartite_gnp,13,12,8,8,1.000000
bipartite_gnp,17,14,12,12,1.000000
bipartite_gnp,11,1,10,10,1.000000
bipartite_gnp,14,6,10,10,1.000000
bipartite_gnp,12,11,7,7,1.000000
bipartite_gnp,17,5,14,14,1.000000
bipartite_gnp,8,3,6,6,1.000000
bipartite_gnp,17,29,9,9,1.000000
bipartite_gnp,10,14,5,5,1.000000
bipartite_gnp,16,18,12,12,1.000000
bipartite_gnp,21,32,11,11,1.000000
bipartite_gnp,20,34,12,12,1.000000
bipartite_gnp,17,8,14,14,1.000000
bipartite_gnp,10,2,8,8,1.000000
bipartite_gnp,14,12,10,10,1.000000
bipartite_gnp,21,26,11,11,1.000000
bipartite_gnp,13,14,9,9,1.000000
bipartite_gnp,23,28,14,14,1.000000
bipartite_gnp,19,46,11,11,1.000000
bipartite_gnp,18,9,13,13,1.000000
bipartite_gnp,19,20,13,13,1.000000
bipartite_gnp,20,26,14,14,1.000000
bipartite_gnp,22,15,15,15,1.000000
bipartite_gnp,18,25,10,10,1.000000
bipartite_gnp,24,12,16,16,1.000000
bipartite_gnp,22,23,13,13,1.000000
bipartite_gnp,9,1,8,8,1.000000
bipartite_gnp,15,21,10,10,1.000000
bipartite_gnp,18,23,12,12,1.000000
bipartite_gnp,17,36,10,10,1.000000
bipartite_gnp,14,9,11,11,1.000000
bipartite_gnp,14,3,12,12,1.000000
bipartite_gnp,16,14,10,10,1.000000
bipartite_gnp,22,22,13,13,1.000000
bipartite_gnp,18,23,13,13,1.000000
bipartite_gnp,20,22,12,12,1.000000
bipartite_gnp,23,68,14,14,1.000000
bipartite_gnp,28,86,14,14,1.000000
bipartite_gnp,26,72,14,14,1.000000
bipartite_gnp,12,8,7,7,1.000000
bipartite_gnp,16,4,13,13,1.000000
bipartite_gnp,23,23,14,14,1.000000
bipartite_gnp,17,22,13,13,1.000000
bipartite_gnp,23,42,12,12,1.000000
bipartite_gnp,10,4,8,8,1.000000
bipartite_gnp,23,23,15,15,1.000000
bipartite_gnp,14,9,9,9,1.000000
bipartite_gnp,15,10,10,10,1.000000
bipartite_gnp,14,17,9,9,1.000000
bipartite_gnp,28,74,14,14,1.000000
bipartite_gnp,10,14,5,5,1.000000
bipartite_gnp,16,11,10,10,1.000000
bipartite_gnp,7,1,6,6,1.000000
bipartite_gnp,17,26,12,12,1.000000
bipartite_gnp,15,9,10,10,1.000000
bipartite_gnp,22,60,14,14,1.000000
bipartite_gnp,12,10,9,9,1.000000
bipartite_gnp,19,39,12,12,1.000000
bipartite_gnp,12,11,6,6,1.000000
bipartite_gnp,17,24,14,14,1.000000
bipartite_gnp,18,32,10,10,1.000000
bipartite_gnp,23,38,14,14,1.000000
bipartite_gnp,17,9,13,13,1.000000
bipartite_gnp,11,9,7,7,1.000000
bipartite_gnp,11,14,6,6,1.000000
bipartite_gnp,26,23,17,17,1.000000
bipartite_gnp,17,33,9,9,1.000000
bipartite_gnp,15,22,9,9,1.000000
bipartite_gnp,13,13,9,9,1.000000
bipartite_gnp,21,18,15,15,1.000000
bipartite_gnp,21,57,12,12,1.000000
bipartite_gnp,22,32,12,12,1.000000
bipartite_gnp,11,7,8,8,1.000000
bipartite_gnp,26,69,14,14,1.000000
bipartite_gnp,17,26,13,13,1.000000
bipartite_gnp,23,12,17,17,1.000000
bipartite_gnp,19,13,13,13,1.000000
bipartite_gnp,19,10,14,14,1.000000
bipartite_gnp,14,8,11,11,1.000000
bipartite_gnp,20,42,10,10,1.000000
bipartite_gnp,10,2,8,8,1.000000
bipartite_gnp,20,16,14,14,1.000000
bipartite_gnp,26,64,14,14,1.000000
bipartite_gnp,15,16,11,11,1.000000
bipartite_gnp,13,16,7,7,1.000000
bipartite_gnp,18,10,13,13,1.000000
bipartite_gnp,20,33,12,12,1.000000
bipartite_gnp,14,14,11,11,1.000000
bipartite_gnp,15,6,11,11,1.000000
bipartite_gnp,14,12,9,9,1.000000
bipartite_gnp,10,4,7,7,1.000000
bipartite_gnp,20,44,14,14,1.000000
bipartite_gnp,10,9,7,7,1.000000
bipartite_gnp,25,83,13,13,1.000000
bipartite_gnp,15,28,9,9,1.000000
bipartite_gnp,15,15,8,8,1.000000
bipartite_gnp,22,55,14,14,1.000000
bipartite_gnp,19,31,13,13,1.000000
bipartite_gnp,15,10,9,9,1.000000
bipartite_gnp,23,59,12,12,1.000000
bipartite_gnp,12,16,9,9,1.000000
bipartite_gnp,25,38,13,13,1.000000
bipartite_gnp,19,32,11,11,1.000000
bipartite_gnp,18,17,12,12,1.000000
bipartite_gnp,24,42,13,13,1.000000
bipartite_gnp,25,59,13,13,1.000000
bipartite_gnp,23,20,15,15,1.000000
bipartite_gnp,24,21,13,13,1.000000
bipartite_gnp,14,18,8,8,1.000000
bipartite_gnp,10,5,7,7,1.000000
bipartite_gnp,10,8,6,6,1.000000
bipartite_gnp,13,10,9,9,1.000000
bipartite_gnp,11,5,8,8,1.000000
bipartite_gnp,23,14,17,17,1.000000
bipartite_gnp,19,11,12,12,1.000000
bipartite_gnp,21,23,14,14,1.000000
bipartite_gnp,20,46,12,12,1.000000
bipartite_gnp,9,6,5,5,1.000000
bipartite_gnp,16,9,13,13,1.000000
bipartite_gnp,17,18,12,12,1.000000
bipartite_gnp,10,3,8,8,1.000000
bipartite_gnp,17,15,12,12,1.000000
bipartite_gnp,22,54,13,13,1.000000
bipartite_gnp,22,41,14,14,1.000000
bipartite_gnp,21,32,14,14,1.000000
bipartite_gnp,7,1,6,6,1.000000
bipartite_gnp,21,27,13,13,1.000000
bipartite_gnp,18,14,12,12,1.000000
bipartite_gnp,16,31,9,9,1.000000
bipartite_gnp,11,8,8,8,1.000000
bipartite_gnp,9,5,6,6,1.000000
bipartite_gnp,14,18,9,9,1.000000
bipartite_gnp,18,21,11,11,1.000000
bipartite_gnp,19,11,14,14,1.000000
bipartite_gnp,21,37,13,13,1.000000
bipartite_gnp,15,18,9,9,1.000000
bipartite_gnp,17,16,12,12,1.000000
bipartite_gnp,16,27,11,11,1.000000
bipartite_gnp,10,13,6,6,1.000000
bipartite_gnp,24,72,12,12,1.000000
bipartite_gnp,17,31,11,11,1.000000
bipartite_gnp,14,11,10,10,1.000000
bipartite_gnp,24,17,16,16,1.000000
bipartite_gnp,19,21,10,10,1.000000
bipartite_gnp,20,41,11,11,1.000000
bipartite_gnp,13,21,8,8,1.000000
bipartite_gnp,16,24,10,10,1.000000
bipartite_gnp,18,9,13,13,1.000000
bipartite_gnp,8,2,6,6,1.000000
bipartite_gnp,17,34,9,9,1.000000
bipartite_gnp,20,26,12,12,1.000000
bipartite_gnp,19,35,12,12,1.000000
bipartite_gnp,22,47,13,13,1.000000
bipartite_gnp,24,26,14,14,1.000000
bipartite_gnp,20,19,12,12,1.000000
bipartite_gnp,24,53,12,13,1.083333
bipartite_gnp,19,22,12,12,1.000000
bipartite_gnp,14,10,10,10,1.000000
bipartite_gnp,10,7,6,6,1.000000
bipartite_gnp,12,13,7,7,1.000000
bipartite_gnp,14,17,8,8,1.000000
bipartite_gnp,21,28,12,12,1.000000
bipartite_gnp,12,13,7,7,1.000000
bipartite_gnp,17,7,14,14,1.000000
bipartite_gnp,13,16,8,8,1.000000
bipartite_gnp,27,56,14,14,1.000000
bipartite_gnp,14,7,10,10,1.000000
bipartite_gnp,18,40,9,9,1.000000
bipartite_gnp,13,12,10,10,1.000000
bipartite_gnp,24,47,13,13,1.000000
bipartite_gnp,26,19,18,18,1.000000
bipartite_gnp,23,39,14,14,1.000000
bipartite_gnp,19,8,15,15,1.000000
bipartite_gnp,13,24,7,7,1.000000
bipartite_gnp,12,12,8,8,1.000000
bipartite_gnp,18,17,14,14,1.000000
bipartite_gnp,14,2,12,12,1.000000
bipartite_gnp,8,7,5,5,1.000000
bipartite_gnp,18,9,14,14,1.000000
bipartite_gnp,8,5,5,5,1.000000
bipartite_gnp,7,7,4,4,1.000000
bipartite_gnp,17,13,11,11,1.000000
bipartite_gnp,17,19,12,12,1.000000
bipartite_gnp,16,8,12,12,1.000000
bipartite_gnp,17,27,11,11,1.000000
bipartite_gnp,19,45,12,12,1.000000
bipartite_gnp,18,28,10,10,1.000000
bipartite_gnp,17,31,9,9,1.000000
bipartite_gnp,12,14,7,7,1.000000
bipartite_gnp,12,12,7,7,1.000000
bipartite_gnp,24,45,13,13,1.000000
bipartite_gnp,23,27,14,14,1.000000
bipartite_gnp,20,20,14,14,1.000000
bipartite_gnp,14,4,12,12,1.000000
bipartite_gnp,9,2,7,7,1.000000
bipartite_gnp,22,40,13,13,1.000000
bipartite_gnp,27,40,14,14,1.000000
bipartite_gnp,14,16,8,8,1.000000
bipartite_gnp,11,17,7,7,1.000000
bipartite_gnp,27,99,14,14,1.000000
bipartite_gnp,21,38,14,14,1.000000
bipartite_gnp,27,23,18,18,1.000000
bipartite_gnp,15,16,11,11,1.000000
bipartite_gnp,17,17,13,13,1.000000
bipartite_gnp,13,18,9,9,1.000000
bipartite_gnp,19,27,13,13,1.000000
bipartite_gnp,15,19,11,11,1.000000
bipartite_gnp,26,53,14,14,1.000000
bipartite_gnp,16,14,13,13,1.000000
bipartite_gnp,11,10,7,7,1.000000
bipartite_gnp,21,48,12,12,1.000000
bipartite_gnp,18,29,13,13,1.000000
bipartite_gnp,22,56,12,12,1.000000
bipartite_gnp,17,14,10,10,1.000000
bipartite_gnp,16,22,12,12,1.000000
bipartite_gnp,15,29,8,8,1.000000
bipartite_gnp,19,23,14,14,1.000000
bipartite_gnp,24,60,12,12,1.000000
bipartite_gnp,10,8,7,7,1.000000
bipartite_gnp,25,34,14,14,1.000000
bipartite_gnp,9,0,9,9,1.000000
bipartite_gnp,16,12,12,12,1.000000
bipartite_gnp,15,18,12,12,1.000000
bipartite_gnp,19,20,13,13,1.000000
bipartite_gnp,15,14,10,10,1.000000
bipartite_gnp,18,30,12,12,1.000000
bipartite_gnp,25,70,13,13,1.000000
bipartite_gnp,12,12,9,9,1.000000
bipartite_gnp,12,6,8,8,1.000000
bipartite_gnp,19,41,10,10,1.000000
bipartite_gnp,13,13,9,9,1.000000
bipartite_gnp,19,13,15,15,1.000000
bipartite_gnp,20,30,11,11,1.000000
bipartite_gnp,17,11,11,11,1.000000
bipartite_gnp,22,48,14,14,1.000000
bipartite_gnp,7,6,4,4,1.000000
bipartite_gnp,27,90,14,14,1.000000
bipartite_gnp,20,22,13,13,1.000000
bipartite_gnp,18,25,11,11,1.000000
bipartite_gnp,13,6,10,10,1.000000
bipartite_gnp,18,20,14,14,1.000000
bipartite_gnp,9,4,7,7,1.000000
bipartite_gnp,18,23,14,14,1.000000
bipartite_gnp,20,38,12,12,1.000000
bipartite_gnp,15,19,9,9,1.000000
bipartite_gnp,16,7,12,12,1.000000
bipartite_gnp,8,10,5,5,1.000000
bipartite_gnp,17,7,14,14,1.000000
bipartite_gnp,16,16,11,11,1.000000
bipartite_gnp,17,21,12,12,1.000000
bipartite_gnp,18,39,10,10,1.000000
bipartite_gnp,14,9,10,10,1.000000
bipartite_gnp,16,9,13,13,1.000000
bipartite_gnp,27,31,15,15,1.000000
bipartite_gnp,10,9,6,6,1.000000
bipartite_gnp,18,22,10,10,1.000000
bipartite_gnp,9,10,5,5,1.000000
bipartite_gnp,9,8,5,5,1.000000
bipartite_gnp,15,20,8,8,1.000000
bipartite_gnp,16,17,12,12,1.000000
bipartite_gnp,17,25,9,9,1.000000
bipartite_gnp,17,25,12,12,1.000000
bipartite_gnp,15,12,12,12,1.000000
bipartite_gnp,11,10,8,8,1.000000
bipartite_gnp,14,17,8,8,1.000000
bipartite_gnp,16,19,10,10,1.000000
bipartite_gnp,17,28,9,9,1.000000
bipartite_gnp,20,33,11,11,1.000000
bipartite_gnp,18,30,10,10,1.000000
bipartite_gnp,23,38,13,13,1.000000
bipartite_gnp,12,9,8,8,1.000000
bipartite_gnp,12,10,9,9,1.000000
bipartite_gnp,15,4,13,13,1.000000
bipartite_gnp,25,21,15,15,1.000000
bipartite_gnp,17,22,9,9,1.000000
bipartite_gnp,12,8,8,8,1.000000
bipartite_gnp,22,44,10,12,1.200000
bipartite_gnp,25,24,16,16,1.000000
bipartite_gnp,23,42,15,15,1.000000
bipartite_gnp,27,38,15,15,1.000000
bipartite_gnp,19,14,12,12,1.000000
bipartite_gnp,13,5,11,11,1.000000
bipartite_gnp,11,13,8,8,1.000000
bipartite_gnp,16,14,13,13,1.000000
bipartite_gnp,13,8,9,9,1.000000
bipartite_gnp,14,10,11,11,1.000000
bipartite_gnp,21,44,14,14,1.000000
bipartite_gnp,19,16,11,11,1.000000
bipartite_gnp,18,22,12,12,1.000000
bipartite_gnp,17,11,13,13,1.000000
bipartite_gnp,18,27,13,13,1.000000
bipartite_gnp,15,25,8,8,1.000000
bipartite_gnp,25,37,14,14,1.000000
bipartite_gnp,19,41,11,11,1.000000
bipartite_gnp,24,48,12,12,1.000000
bipartite_gnp,21,25,12,12,1.000000
bipartite_gnp,26,61,13,13,1.000000
bipartite_gnp,10,7,7,7,1.000000
bipartite_gnp,26,39,14,14,1.000000
bipartite_gnp,15,16,12,12,1.000000
bipartite_gnp,15,7,11,11,1.000000
bipartite_gnp,22,14,15,15,1.000000
bipartite_gnp,8,2,6,6,1.000000
bipartite_gnp,12,6,9,9,1.000000
bipartite_gnp,23,51,12,12,1.000000
bipartite_gnp,11,8,8,8,1.000000
bipartite_gnp,21,34,13,13,1.000000
bipartite_gnp,17,18,13,13,1.000000
bipartite_gnp,20,11,14,14,1.000000
bipartite_gnp,22,28,12,12,1.000000
bipartite_gnp,20,47,13,13,1.000000
bipartite_gnp,26,40,14,14,1.000000
bipartite_gnp,17,8,14,14,1.000000
bipartite_gnp,24,65,13,13,1.000000
bipartite_gnp,16,20,11,11,1.000000
bipartite_gnp,15,18,8,8,1.000000
bipartite_gnp,21,24,13,13,1.000000
bipartite_gnp,17,11,14,14,1.000000
bipartite_gnp,12,12,8,8,1.000000
bipartite_gnp,18,39,10,10,1.000000
bipartite_gnp,13,7,10,10,1.000000
bipartite_gnp,16,16,13,13,1.000000
bipartite_gnp,17,21,13,13,1.000000
bipartite_gnp,10,11,6,6,1.000000
bipartite_gnp,16,16,11,11,1.000000
bipartite_gnp,21,29,12,12,1.000000
bipartite_gnp,20,29,12,12,1.000000
bipartite_gnp,20,31,11,11,1.000000
bipartite_gnp,24,60,12,12,1.000000
bipartite_gnp,21,54,12,12,1.000000
bipartite_gnp,17,20,10,10,1.000000
bipartite_gnp,15,13,12,12,1.000000
bipartite_gnp,24,20,17,17,1.000000
bipartite_gnp,7,4,4,4,1.000000
bipartite_gnp,12,7,9,9,1.000000
bipartite_gnp,19,15,12,12,1.000000
bipartite_gnp,16,12,12,12,1.000000
bipartite_gnp,20,15,14,14,1.000000
bipartite_gnp,17,18,11,11,1.000000
bipartite_gnp,12,10,8,8,1.000000
bipartite_gnp,26,22,16,16,1.000000
bipartite_gnp,25,58,14,14,1.000000
bipartite_gnp,15,10,11,11,1.000000
bipartite_gnp,18,6,15,15,1.000000
bipartite_gnp,20,47,12,12,1.000000
bipartite_gnp,12,5,10,10,1.000000
bipartite_gnp,12,4,8,8,1.000000
bipartite_gnp,16,8,13,13,1.000000
bipartite_gnp,15,16,10,10,1.000000
bipartite_gnp,12,13,7,7,1.000000
bipartite_gnp,25,21,15,15,1.000000
bipartite_gnp,19,42,13,13,1.000000
bipartite_gnp,17,20,14,14,1.000000
bipartite_gnp,8,3,6,6,1.000000
bipartite_gnp,27,35,15,15,1.000000
bipartite_gnp,16,17,12,12,1.000000
bipartite_gnp,16,26,10,10,1.000000
bipartite_gnp,7,7,4,4,1.000000
bipartite_gnp,21,47,13,13,1.000000
bipartite_gnp,17,16,14,14,1.000000
bipartite_gnp,18,13,12,12,1.000000
bipartite_gnp,14,4,12,12,1.000000
bipartite_gnp,24,62,13,13,1.000000
bipartite_gnp,17,10,14,14,1.000000
bipartite_gnp,20,15,14,14,1.000000
bipartite_gnp,9,8,6,6,1.000000
bipartite_gnp,17,15,13,13,1.000000
bipartite_gnp,16,13,11,11,1.000000
bipartite_gnp,15,11,11,11,1.000000
bipartite_gnp,8,2,7,7,1.000000
bipartite_gnp,17,31,12,12,1.000000
bipartite_gnp,21,42,12,12,1.000000
bipartite_gnp,14,6,11,11,1.000000
bipartite_gnp,13,8,11,11,1.000000
bipartite_gnp,8,2,7,7,1.000000
bipartite_gnp,12,2,10,10,1.000000
bipartite_gnp,16,27,9,9,1.000000
bipartite_gnp,19,16,13,13,1.000000
bipartite_gnp,18,18,14,14,1.000000
bipartite_gnp,16,23,13,13,1.000000
bipartite_gnp,13,10,9,9,1.000000
bipartite_gnp,25,79,14,14,1.000000
bipartite_gnp,15,3,13,13,1.000000
bipartite_gnp,18,23,11,11,1.000000
bipartite_gnp,15,19,8,8,1.000000
bipartite_gnp,26,43,14,14,1.000000
bipartite_gnp,17,31,10,10,1.000000
bipartite_gnp,17,17,11,11,1.000000
bipartite_gnp,18,12,13,13,1.000000
bipartite_gnp,15,12,10,10,1.000000
bipartite_gnp,16,10,11,11,1.000000
bipartite_gnp,14,23,7,7,1.000000
bipartite_gnp,17,26,11,11,1.000000
bipartite_gnp,22,20,16,16,1.000000
bipartite_gnp,25,60,14,14,1.000000
bipartite_gnp,16,21,9,9,1.000000
bipartite_gnp,23,24,15,15,1.000000
bipartite_gnp,13,19,7,7,1.000000
bipartite_gnp,18,13,12,12,1.000000
bipartite_gnp,16,9,12,12,1.000000
bipartite_gnp,26,62,14,14,1.000000
bipartite_gnp,15,15,9,9,1.000000
bipartite_gnp,20,19,12,12,1.000000
bipartite_gnp,24,57,14,14,1.000000
bipartite_gnp,12,10,8,8,1.000000
bipartite_gnp,13,17,8,8,1.000000
bipartite_gnp,20,33,14,14,1.000000
bipartite_gnp,11,5,8,8,1.000000
bipartite_gnp,10,4,7,7,1.000000
bipartite_gnp,8,4,6,6,1.000000
bipartite_gnp,22,30,12,12,1.000000
bipartite_gnp,16,6,13,13,1.000000
bipartite_gnp,11,5,8,8,1.000000
bipartite_gnp,16,15,10,10,1.000000
bipartite_gnp,9,7,6,6,1.000000
bipartite_gnp,17,27,12,12,1.000000
bipartite_gnp,16,23,8,8,1.000000
bipartite_gnp,15,6,12,12,1.000000
bipartite_gnp,23,26,14,14,1.000000
bipartite_gnp,18,4,15,15,1.000000
bipartite_gnp,23,51,12,12,1.000000
bipartite_gnp,15,19,11,11,1.000000
bipartite_gnp,16,10,12,12,1.000000
bipartite_gnp,12,14,7,7,1.000000
bipartite_gnp,16,11,11,11,1.000000
bipartite_gnp,14,19,8,8,1.000000
bipartite_gnp,13,12,9,9,1.000000
bipartite_gnp,18,25,14,14,1.000000
bipartite_gnp,18,6,15,15,1.000000
bipartite_gnp,25,74,13,13,1.000000
bipartite_gnp,12,3,10,10,1.000000
bipartite_gnp,16,15,13,13,1.000000
bipartite_gnp,27,88,14,14,1.000000
bipartite_gnp,10,11,6,6,1.000000
bipartite_gnp,12,17,7,7,1.000000
bipartite_gnp,24,51,13,13,1.000000
bipartite_gnp,12,8,8,8,1.000000
bipartite_gnp,26,20,16,16,1.000000
bipartite_gnp,9,5,7,7,1.000000
bipartite_gnp,18,28,10,10,1.000000
bipartite_gnp,16,4,13,13,1.000000
bipartite_gnp,16,24,12,12,1.000000
bipartite_gnp,15,25,10,10,1.000000
bipartite_gnp,25,35,13,13,1.000000
bipartite_gnp,19,23,12,12,1.000000
bipartite_gnp,13,16,8,8,1.000000
bipartite_gnp,8,8,5,5,1.000000
bipartite_gnp,21,38,11,11,1.000000
bipartite_gnp,18,16,9,9,1.000000
bipartite_gnp,15,3,13,13,1.000000
bipartite_gnp,14,26,7,7,1.000000
bipartite_gnp,20,24,11,11,1.000000
bipartite_gnp,18,8,14,14,1.000000
bipartite_gnp,13,16,8,8,1.000000
bipartite_gnp,7,7,4,4,1.000000
bipartite_gnp,15,27,9,9,1.000000
bipartite_gnp,17,12,10,10,1.000000
bipartite_gnp,19,17,13,13,1.000000
bipartite_gnp,17,19,13,13,1.000000
bipartite_gnp,19,10,13,13,1.000000
bipartite_gnp,9,7,6,6,1.000000
bipartite_gnp,17,25,12,12,1.000000
bipartite_gnp,15,5,11,11,1.000000
bipartite_gnp,13,21,8,8,1.000000
bipartite_gnp,17,14,12,12,1.000000
bipartite_gnp,20,42,14,14,1.000000
bipartite_gnp,8,2,6,6,1.000000
bipartite_gnp,13,9,10,10,1.000000
bipartite_gnp,23,23,14,14,1.000000
bipartite_gnp,21,16,14,14,1.000000
bipartite_gnp,17,14,12,12,1.000000
bipartite_gnp,22,37,14,14,1.000000
bipartite_gnp,15,21,9,9,1.000000
bipartite_gnp,16,16,12,12,1.000000
bipartite_gnp,15,9,12,12,1.000000
bipartite_gnp,14,25,8,8,1.000000
bipartite_gnp,11,9,6,6,1.000000
bipartite_gnp,18,30,10,10,1.000000
bipartite_gnp,19,12,14,14,1.000000
bipartite_gnp,13,12,9,9,1.000000
bipartite_gnp,15,9,12,12,1.000000
bipartite_gnp,13,20,8,8,1.000000
bipartite_gnp,19,27,14,14,1.000000
bipartite_gnp,21,26,13,13,1.000000
bipartite_gnp,15,17,8,8,1.000000
bipartite_gnp,16,12,12,12,1.000000
bipartite_gnp,25,73,13,13,1.000000
bipartite_gnp,27,31,16,16,1.000000
bipartite_gnp,10,3,8,8,1.000000
bipartite_gnp,12,7,8,8,1.000000
bipartite_gnp,18,26,12,12,1.000000
bipartite_gnp,8,6,4,4,1.000000
bipartite_gnp,12,8,7,7,1.000000
bipartite_gnp,11,6,8,8,1.000000
bipartite_gnp,19,18,13,13,1.000000
bipartite_gnp,25,42,14,14,1.000000
bipartite_gnp,22,23,13,13,1.000000
bipartite_gnp,19,28,12,12,1.000000
bipartite_gnp,16,17,10,10,1.000000
bipartite_gnp,20,27,13,13,1.000000
bipartite_gnp,12,7,8,8,1.000000
bipartite_gnp,18,18,13,13,1.000000
bipartite_gnp,21,18,14,14,1.000000
bipartite_gnp,18,16,12,12,1.000000
bipartite_gnp,22,50,12,12,1.000000
bipartite_gnp,17,16,14,14,1.000000
bipartite_gnp,24,71,13,13,1.000000
bipartite_gnp,13,13,8,8,1.000000
bipartite_gnp,19,12,12,12,1.000000
bipartite_gnp,21,42,11,11,1.000000
bipartite_gnp,12,3,10,10,1.000000
bipartite_gnp,18,25,13,13,1.000000
bipartite_gnp,14,19,10,10,1.000000
bipartite_gnp,18,15,11,11,1.000000
bipartite_gnp,7,3,5,5,1.000000
bipartite_gnp,26,80,14,14,1.000000
bipartite_gnp,25,32,14,14,1.000000
bipartite_gnp,15,21,11,11,1.000000
bipartite_gnp,13,6,10,10,1.000000
bipartite_gnp,15,18,12,12,1.000000
bipartite_gnp,10,10,6,6,1.000000
bipartite_gnp,11,7,8,8,1.000000
bipartite_gnp,11,5,9,9,1.000000
bipartite_gnp,19,25,14,14,1.000000
bipartite_gnp,17,5,14,14,1.000000
bipartite_gnp,18,27,11,11,1.000000
bipartite_gnp,21,37,12,12,1.000000
bipartite_gnp,19,32,14,14,1.000000
bipartite_gnp,7,8,4,4,1.000000
bipartite_gnp,10,10,6,6,1.000000
bipartite_gnp,24,18,15,15,1.000000
bipartite_gnp,15,7,12,12,1.000000
bipartite_gnp,15,8,12,12,1.000000
bipartite_gnp,20,16,14,14,1.000000
bipartite_gnp,21,39,12,12,1.000000
bipartite_gnp,20,17,12,12,1.000000
bipartite_gnp,12,5,9,9,1.000000
bipartite_gnp,22,38,13,13,1.000000
bipartite_gnp,17,11,12,12,1.000000
bipartite_gnp,7,2,5,5,1.000000
bipartite_gnp,21,35,13,13,1.000000
bipartite_gnp,23,56,14,14,1.000000
bipartite_gnp,13,4,11,11,1.000000
bipartite_gnp,16,4,13,13,1.000000
bipartite_gnp,6,0,6,6,1.000000
bipartite_gnp,10,13,5,5,1.000000
bipartite_gnp,23,39,14,14,1.000000
bipartite_gnp,15,6,12,12,1.000000
bipartite_gnp,8,5,5,5,1.000000
bipartite_gnp,23,41,14,14,1.000000
bipartite_gnp,26,29,14,14,1.000000
bipartite_gnp,19,32,10,10,1.000000
bipartite_gnp,7,6,4,4,1.000000
bipartite_gnp,19,18,12,12,1.000000
bipartite_gnp,15,23,9,9,1.000000
bipartite_gnp,19,15,14,14,1.000000
bipartite_gnp,12,25,7,7,1.000000
bipartite_gnp,24,33,13,13,1.000000
bipartite_gnp,15,8,12,12,1.000000
bipartite_gnp,8,7,5,5,1.000000
bipartite_gnp,19,23,13,13,1.000000
bipartite_gnp,8,6,5,5,1.000000
bipartite_gnp,18,24,14,14,1.000000
bipartite_gnp,15,28,8,8,1.000000
bipartite_gnp,22,25,14,14,1.000000
bipartite_gnp,20,8,15,15,1.000000
bipartite_gnp,12,18,7,7,1.000000
bipartite_gnp,15,11,9,9,1.000000
bipartite_gnp,11,6,8,8,1.000000
bipartite_gnp,21,28,13,13,1.000000
bipartite_gnp,14,18,10,10,1.000000
bipartite_gnp,8,0,8,8,1.000000
bipartite_gnp,18,5,16,16,1.000000
bipartite_gnp,9,3,6,6,1.000000
bipartite_gnp,19,53,10,10,1.000000
bipartite_gnp,14,18,8,8,1.000000
bipartite_gnp,16,22,11,11,1.000000
bipartite_gnp,16,18,11,11,1.000000
bipartite_gnp,19,24,12,12,1.000000
bipartite_gnp,26,73,14,14,1.000000
bipartite_gnp,19,34,10,10,1.000000
bipartite_gnp,17,15,12,12,1.000000
bipartite_gnp,26,73,14,14,1.000000
bipartite_gnp,24,12,19,19,1.000000
bipartite_gnp,21,31,14,14,1.000000
bipartite_gnp,19,30,12,12,1.000000
bipartite_gnp,21,35,13,13,1.000000
bipartite_gnp,21,52,14,14,1.000000
bipartite_gnp,20,35,10,10,1.000000
bipartite_gnp,20,28,14,14,1.000000
bipartite_gnp,12,4,9,9,1.000000
bipartite_gnp,21,44,11,11,1.000000
bipartite_gnp,18,25,13,13,1.000000
bipartite_gnp,11,17,6,6,1.000000
bipartite_gnp,19,25,11,11,1.000000
bipartite_gnp,21,26,14,14,1.000000
bipartite_gnp,15,22,10,10,1.000000
bipartite_gnp,23,33,14,14,1.000000
bipartite_gnp,16,5,13,13,1.000000
bipartite_gnp,17,7,14,14,1.000000
bipartite_gnp,13,11,7,7,1.000000
bipartite_gnp,19,18,13,13,1.000000
bipartite_gnp,22,25,13,13,1.000000
bipartite_gnp,11,12,6,6,1.000000
bipartite_gnp,20,11,15,15,1.000000
bipartite_gnp,20,26,11,11,1.000000
bipartite_gnp,23,61,12,12,1.000000
bipartite_gnp,18,28,10,10,1.000000
bipartite_gnp,25,27,15,15,1.000000
bipartite_gnp,20,29,14,14,1.000000
bipartite_gnp,10,4,6,6,1.000000
bipartite_gnp,22,14,16,16,1.000000
bipartite_gnp,21,28,13,13,1.000000
bipartite_gnp,11,10,7,7,1.000000
bipartite_gnp,12,9,8,8,1.000000
bipartite_gnp,22,54,13,13,1.000000
bipartite_gnp,12,8,9,9,1.000000
bipartite_gnp,16,9,13,13,1.000000
bipartite_gnp,21,51,11,11,1.000000
bipartite_gnp,11,7,8,8,1.000000
bipartite_gnp,15,17,9,9,1.000000
bipartite_gnp,21,15,13,13,1.000000
bipartite_gnp,26,74,14,14,1.000000
bipartite_gnp,12,6,8,8,1.000000
bipartite_gnp,6,1,5,5,1.000000
bipartite_gnp,13,3,10,10,1.000000
bipartite_gnp,20,15,11,11,1.000000
bipartite_gnp,22,32,14,14,1.000000
bipartite_gnp,15,19,10,10,1.000000
bipartite_gnp,14,17,11,11,1.000000
bipartite_gnp,15,21,9,9,1.000000
bipartite_gnp,19,29,10,10,1.000000
bipartite_gnp,11,7,8,8,1.000000
bipartite_gnp,18,18,11,11,1.000000
bipartite_gnp,11,3,9,9,1.000000
bipartite_gnp,23,61,14,14,1.000000
bipartite_gnp,18,10,13,13,1.000000
bipartite_gnp,20,38,13,13,1.000000
bipartite_gnp,13,10,8,8,1.000000
bipartite_gnp,25,72,14,14,1.000000
bipartite_gnp,19,22,11,11,1.000000
bipartite_gnp,25,64,14,14,1.000000
bipartite_gnp,10,4,7,7,1.000000
bipartite_gnp,23,27,14,14,1.000000
bipartite_gnp,18,11,12,12,1.000000
bipartite_gnp,18,15,13,13,1.000000
bipartite_gnp,23,64,12,12,1.000000
bipartite_gnp,12,9,7,7,1.000000
bipartite_gnp,17,18,14,14,1.000000
bipartite_gnp,9,4,7,7,1.000000
bipartite_gnp,20,26,13,13,1.000000
bipartite_gnp,8,8,5,5,1.000000
bipartite_gnp,21,19,13,13,1.000000
bipartite_gnp,14,15,8,8,1.000000
bipartite_gnp,22,35,14,14,1.000000
bipartite_gnp,14,20,9,9,1.000000
bipartite_gnp,17,30,12,12,1.000000
bipartite_gnp,18,14,12,12,1.000000
bipartite_gnp,17,5,15,15,1.000000
bipartite_gnp,21,37,13,13,1.000000
bipartite_gnp,20,36,12,12,1.000000
bipartite_gnp,21,30,13,13,1.000000
bipartite_gnp,20,41,10,10,1.000000
bipartite_gnp,9,7,5,5,1.000000
bipartite_gnp,15,18,9,9,1.000000
bipartite_gnp,7,2,6,6,1.000000
bipartite_gnp,18,8,14,14,1.000000
bipartite_gnp,14,12,10,10,1.000000
bipartite_gnp,19,10,14,14,1.000000
bipartite_gnp,19,28,12,12,1.000000
bipartite_gnp,12,11,8,8,1.000000
bipartite_gnp,13,11,8,8,1.000000
bipartite_gnp,14,16,10,10,1.000000
bipartite_gnp,21,43,13,13,1.000000
bipartite_gnp,22,45,14,14,1.000000
bipartite_gnp,11,9,8,8,1.000000
bipartite_gnp,16,20,11,11,1.000000
bipartite_gnp,24,17,16,16,1.000000
bipartite_gnp,13,16,7,7,1.000000
bipartite_gnp,13,4,11,11,1.000000
bipartite_gnp,16,16,13,13,1.000000
bipartite_gnp,20,36,11,11,1.000000
bipartite_gnp,18,10,13,13,1.000000
bipartite_gnp,18,7,14,14,1.000000
bipartite_gnp,22,36,13,13,1.000000
bipartite_gnp,17,18,14,14,1.000000
bipartite_gnp,12,6,9,9,1.000000
bipartite_gnp,26,19,16,16,1.000000
bipartite_gnp,23,41,14,14,1.000000
bipartite_gnp,11,8,7,7,1.000000
bipartite_gnp,10,13,6,6,1.000000
bipartite_gnp,12,11,8,8,1.000000
bipartite_gnp,10,3,8,8,1.000000
bipartite_gnp,15,5,12,12,1.000000
bipartite_gnp,20,31,14,14,1.000000
bipartite_gnp,11,6,8,8,1.000000
bipartite_gnp,18,18,14,14,1.000000
bipartite_gnp,17,15,12,12,1.000000
bipartite_gnp,17,7,12,12,1.000000
bipartite_gnp,24,55,14,14,1.000000
bipartite_gnp,17,16,13,13,1.000000
bipartite_gnp,21,54,13,13,1.000000
bipartite_gnp,9,2,8,8,1.000000
bipartite_gnp,21,45,13,13,1.000000
bipartite_gnp,24,45,14,14,1.000000
bipartite_gnp,17,25,13,13,1.000000
bipartite_gnp,22,53,14,14,1.000000
bipartite_gnp,13,7,9,9,1.000000
bipartite_gnp,14,22,8,8,1.000000
bipartite_gnp,23,19,15,15,1.000000
bipartite_gnp,24,34,14,14,1.000000
bipartite_gnp,12,7,9,9,1.000000
bipartite_gnp,13,8,10,10,1.000000
bipartite_gnp,18,8,13,13,1.000000
bipartite_gnp,25,60,13,13,1.000000
bipartite_gnp,19,33,11,11,1.000000
bipartite_gnp,7,6,4,4,1.000000
bipartite_gnp,16,23,8,8,1.000000
bipartite_gnp,14,15,9,9,1.000000
bipartite_gnp,17,22,10,10,1.000000
bipartite_gnp,9,8,6,6,1.000000
bipartite_gnp,20,19,13,13,1.000000
bipartite_gnp,18,23,11,11,1.000000
bipartite_gnp,20,45,12,12,1.000000
bipartite_gnp,6,0,6,6,1.000000
bipartite_gnp,24,61,13,13,1.000000
bipartite_gnp,21,14,13,13,1.000000
bipartite_gnp,22,21,14,14,1.000000
bipartite_gnp,27,57,15,15,1.000000
bipartite_gnp,14,18,10,10,1.000000
bipartite_gnp,15,21,11,11,1.000000
bipartite_gnp,17,11,12,12,1.000000
bipartite_gnp,7,4,5,5,1.000000
bipartite_gnp,24,33,14,14,1.000000
bipartite_gnp,17,8,14,14,1.000000
bipartite_gnp,20,34,11,11,1.000000
bipartite_gnp,19,6,15,15,1.000000
bipartite_gnp,19,35,12,12,1.000000
bipartite_gnp,18,20,13,13,1.000000
bipartite_gnp,16,7,12,12,1.000000
bipartite_gnp,17,33,9,9,1.000000
bipartite_gnp,20,18,11,11,1.000000
bipartite_gnp,16,14,12,12,1.000000
bipartite_gnp,19,16,13,13,1.000000
bipartite_gnp,13,20,8,8,1.000000
bipartite_gnp,22,54,13,13,1.000000
bipartite_gnp,20,20,14,14,1.000000
bipartite_gnp,22,21,14,14,1.000000
bipartite_gnp,16,14,11,11,1.000000
bipartite_gnp,21,10,15,15,1.000000
bipartite_gnp,16,14,12,12,1.000000
bipartite_gnp,12,10,8,8,1.000000
bipartite_gnp,14,18,9,9,1.000000
bipartite_gnp,11,4,8,8,1.000000
bipartite_gnp,9,4,6,6,1.000000
bipartite_gnp,17,12,14,14,1.000000
bipartite_gnp,24,40,13,13,1.000000
bipartite_gnp,20,40,13,13,1.000000
bipartite_gnp,22,23,14,14,1.000000
bipartite_gnp,16,10,11,11,1.000000
bipartite_gnp,18,39,12,12,1.000000
bipartite_gnp,9,11,5,5,1.000000
bipartite_gnp,22,55,11,11,1.000000
bipartite_gnp,10,6,7,7,1.000000
bipartite_gnp,9,8,6,6,1.000000
bipartite_gnp,10,7,6,6,1.000000
bipartite_gnp,11,4,8,8,1.000000
bipartite_gnp,22,34,14,14,1.000000
bipartite_gnp,28,46,15,15,1.000000
bipartite_gnp,14,15,8,8,1.000000
bipartite_gnp,10,5,6,6,1.000000
bipartite_gnp,22,26,14,14,1.000000
bipartite_gnp,11,8,8,8,1.000000
bipartite_gnp,15,17,10,10,1.000000
bipartite_gnp,18,24,10,10,1.000000
bipartite_gnp,17,18,14,14,1.000000
bipartite_gnp,16,14,13,13,1.000000
bipartite_gnp,15,11,9,9,1.000000
bipartite_gnp,17,17,10,10,1.000000
bipartite_gnp,17,15,14,14,1.000000
bipartite_gnp,18,19,12,12,1.000000
bipartite_gnp,18,13,14,14,1.000000
bipartite_gnp,9,6,6,6,1.000000
bipartite_gnp,15,16,12,12,1.000000
bipartite_gnp,25,24,15,15,1.000000
bipartite_gnp,16,22,11,11,1.000000
bipartite_gnp,9,3,7,7,1.000000
bipartite_gnp,18,20,10,10,1.000000
bipartite_gnp,22,15,15,15,1.000000
bipartite_gnp,21,45,11,11,1.000000
bipartite_gnp,27,69,14,14,1.000000
bipartite_gnp,19,24,12,12,1.000000
bipartite_gnp,26,80,14,14,1.000000
bipartite_gnp,26,60,14,14,1.000000
bipartite_gnp,19,10,14,14,1.000000
bipartite_gnp,13,20,9,9,1.000000
bipartite_gnp,21,42,12,12,1.000000
bipartite_gnp,19,31,13,13,1.000000
bipartite_gnp,7,3,5,5,1.000000
bipartite_gnp,15,18,10,10,1.000000
bipartite_gnp,20,38,11,11,1.000000
bipartite_gnp,8,0,8,8,1.000000
bipartite_gnp,17,7,12,12,1.000000
bipartite_gnp,11,12,8,8,1.000000
bipartite_gnp,8,2,6,6,1.000000
bipartite_gnp,17,16,14,14,1.000000
bipartite_gnp,12,13,8,8,1.000000
bipartite_gnp,14,6,9,9,1.000000
bipartite_gnp,20,27,12,12,1.000000
bipartite_gnp,20,49,14,14,1.000000
bipartite_gnp,18,26,14,14,1.000000
bipartite_gnp,26,53,14,14,1.000000
bipartite_gnp,10,9,7,7,1.000000
bipartite_gnp,20,32,11,11,1.000000
bipartite_gnp,9,6,6,6,1.000000
bipartite_gnp,19,19,11,11,1.000000
bipartite_gnp,19,22,14,14,1.000000
bipartite_gnp,13,17,9,9,1.000000
bipartite_gnp,12,14,8,8,1.000000
bipartite_gnp,20,25,13,13,1.000000
bipartite_gnp,10,5,8,8,1.000000
bipartite_gnp,14,14,11,11,1.000000
bipartite_gnp,10,12,7,7,1.000000
bipartite_gnp,12,4,9,9,1.000000
bipartite_gnp,9,6,6,6,1.000000
bipartite_gnp,11,10,6,6,1.000000
bipartite_gnp,10,6,7,7,1.000000
bipartite_gnp,11,6,8,8,1.000000
bipartite_gnp,15,12,11,11,1.000000
bipartite_gnp,14,15,9,9,1.000000
bipartite_gnp,22,53,12,12,1.000000
bipartite_gnp,19,40,14,14,1.000000
bipartite_gnp,7,5,5,5,1.000000
bipartite_gnp,15,17,10,10,1.000000
bipartite_gnp,18,17,14,14,1.000000
bipartite_gnp,18,40,10,10,1.000000
bipartite_gnp,25,42,13,13,1.000000
bipartite_gnp,11,12,6,6,1.000000
bipartite_gnp,27,100,14,14,1.000000
bipartite_gnp,16,21,12,12,1.000000
bipartite_gnp,16,13,12,12,1.000000
bipartite_gnp,14,4,11,11,1.000000
bipartite_gnp,12,4,10,10,1.000000
bipartite_gnp,20,17,13,13,1.000000
bipartite_gnp,21,30,11,11,1.000000
bipartite_gnp,14,17,10,10,1.000000
bipartite_gnp,9,1,8,8,1.000000
bipartite_gnp,27,77,14,14,1.000000
bipartite_gnp,19,25,11,11,1.000000
bipartite_gnp,16,18,13,13,1.000000
bipartite_gnp,16,3,13,13,1.000000
bipartite_gnp,23,42,13,13,1.000000
bipartite_gnp,19,19,14,14,1.000000
bipartite_gnp,15,18,10,10,1.000000
bipartite_gnp,9,13,6,6,1.000000
bipartite_gnp,18,20,12,12,1.000000
bipartite_gnp,16,18,10,10,1.000000
bipartite_gnp,19,31,12,12,1.000000
bipartite_gnp,24,30,14,14,1.000000
bipartite_gnp,25,49,13,13,1.000000
bipartite_gnp,26,24,16,16,1.000000
bipartite_gnp,9,6,6,6,1.000000
bipartite_gnp,14,18,9,9,1.000000
bipartite_gnp,21,7,16,16,1.000000
bipartite_gnp,18,21,11,11,1.000000
bipartite_gnp,19,38,11,11,1.000000
bipartite_gnp,18,29,10,10,1.000000
bipartite_gnp,14,3,11,11,1.000000
bipartite_gnp,21,43,14,14,1.000000
bipartite_gnp,9,9,6,6,1.000000
bipartite_gnp,11,2,10,10,1.000000
bipartite_gnp,18,9,14,14,1.000000
bipartite_gnp,10,4,8,8,1.000000
bipartite_gnp,20,36,14,14,1.000000
bipartite_gnp,19,36,12,12,1.000000
bipartite_gnp,22,36,14,14,1.000000
bipartite_gnp,10,4,6,6,1.000000
bipartite_gnp,22,35,13,13,1.000000
bipartite_gnp,20,22,14,14,1.000000
bipartite_gnp,9,12,6,6,1.000000
bipartite_gnp,24,17,15,15,1.000000
bipartite_gnp,6,0,6,6,1.000000
bipartite_gnp,25,45,14,14,1.000000
bipartite_gnp,11,10,7,7,1.000000
bipartite_gnp,24,72,12,12,1.000000
bipartite_gnp,18,27,12,12,1.000000
bipartite_gnp,18,12,13,13,1.000000
bipartite_gnp,20,23,14,14,1.000000
bipartite_gnp,22,17,15,15,1.000000
bipartite_gnp,23,51,12,12,1.000000
bipartite_gnp,19,9,13,13,1.000000
bipartite_gnp,17,37,11,11,1.000000
bipartite_gnp,15,20,11,11,1.000000
bipartite_gnp,13,19,8,8,1.000000
bipartite_gnp,11,6,9,9,1.000000
bipartite_gnp,21,55,11,11,1.000000
bipartite_gnp,27,42,14,14,1.000000
bipartite_gnp,24,42,12,12,1.000000
bipartite_gnp,18,38,11,11,1.000000
bipartite_gnp,16,9,13,13,1.000000
bipartite_gnp,12,12,7,7,1.000000
bipartite_gnp,14,8,11,11,1.000000
bipartite_gnp,19,19,14,14,1.000000
bipartite_gnp,16,3,13,13,1.000000
bipartite_gnp,19,28,10,10,1.000000
bipartite_gnp,20,43,11,11,1.000000
bipartite_gnp,26,52,14,14,1.000000
bipartite_gnp,15,11,12,12,1.000000
bipartite_gnp,16,18,10,10,1.000000
bipartite_gnp,9,4,7,7,1.000000
bipartite_gnp,10,6,7,7,1.000000
bipartite_gnp,12,6,8,8,1.000000
bipartite_gnp,20,18,14,14,1.000000
bipartite_gnp,25,46,14,14,1.000000
bipartite_gnp,17,6,13,13,1.000000
bipartite_gnp,16,18,12,12,1.000000
bipartite_gnp,13,7,10,10,1.000000
bipartite_gnp,12,8,9,9,1.000000
bipartite_gnp,15,11,10,10,1.000000
bipartite_gnp,18,32,12,12,1.000000
bipartite_gnp,14,15,9,9,1.000000
bipartite_gnp,6,2,4,4,1.000000
bipartite_gnp,17,19,11,11,1.000000
bipartite_gnp,14,6,11,11,1.000000
bipartite_gnp,22,54,13,13,1.000000
bipartite_gnp,21,32,14,14,1.000000
bipartite_gnp,17,16,14,14,1.000000
bipartite_gnp,19,7,16,16,1.000000
bipartite_gnp,20,30,14,14,1.000000
bipartite_gnp,15,5,11,11,1.000000
bipartite_gnp,14,25,8,8,1.000000
bipartite_gnp,24,42,13,13,1.000000
bipartite_gnp,20,46,10,10,1.000000
bipartite_gnp,15,11,10,10,1.000000
bipartite_gnp,23,26,14,14,1.000000
bipartite_gnp,27,27,17,17,1.000000
bipartite_gnp,12,15,7,7,1.000000
bipartite_gnp,15,8,11,11,1.000000
bipartite_gnp,22,10,15,15,1.000000
bipartite_gnp,21,30,13,13,1.000000
bipartite_gnp,26,31,14,14,1.000000
bipartite_gnp,12,10,8,8,1.000000
bipartite_gnp,20,37,11,11,1.000000
bipartite_gnp,13,8,9,9,1.000000
bipartite_gnp,8,1,7,7,1.000000
bipartite_gnp,6,2,5,5,1.000000
bipartite_gnp,16,18,9,9,1.000000
bipartite_gnp,18,33,12,12,1.000000
bipartite_gnp,12,4,10,10,1.000000
bipartite_gnp,17,8,13,13,1.000000
bipartite_gnp,9,3,7,7,1.000000
bipartite_gnp,11,4,9,9,1.000000
bipartite_gnp,17,26,13,13,1.000000
bipartite_gnp,24,20,15,15,1.000000
bipartite_gnp,17,9,13,13,1.000000
bipartite_gnp,20,34,12,12,1.000000
bipartite_gnp,13,6,10,10,1.000000
bipartite_gnp,20,38,12,12,1.000000
bipartite_gnp,15,14,9,9,1.000000
bipartite_gnp,17,24,13,13,1.000000
bipartite_gnp,10,4,8,8,1.000000
bipartite_gnp,14,19,10,10,1.000000
bipartite_gnp,22,40,13,13,1.000000
bipartite_gnp,16,7,12,12,1.000000
bipartite_gnp,16,18,11,11,1.000000
bipartite_gnp,16,16,12,12,1.000000
bipartite_gnp,16,9,13,13,1.000000
bipartite_gnp,11,3,8,8,1.000000
bipartite_gnp,11,11,8,8,1.000000
bipartite_gnp,17,27,11,11,1.000000
bipartite_gnp,18,20,13,13,1.000000
bipartite_gnp,28,65,14,14,1.000000
bipartite_gnp,15,24,9,9,1.000000
bipartite_gnp,18,17,12,12,1.000000
bipartite_gnp,18,26,12,12,1.000000
bipartite_gnp,15,11,8,8,1.000000
bipartite_gnp,23,55,13,13,1.000000
bipartite_gnp,21,20,13,13,1.000000
bipartite_gnp,18,21,12,12,1.000000
bipartite_gnp,18,17,11,11,1.000000
bipartite_gnp,17,26,14,14,1.000000
bipartite_gnp,15,8,12,12,1.000000
bipartite_gnp,20,22,13,13,1.000000
bipartite_gnp,11,11,8,8,1.000000
bipartite_gnp,27,30,16,16,1.000000
bipartite_gnp,12,3,10,10,1.000000
bipartite_gnp,18,36,9,9,1.000000
bipartite_gnp,11,7,8,8,1.000000
bipartite_gnp,21,42,13,13,1.000000
bipartite_gnp,18,21,11,11,1.000000
bipartite_gnp,22,41,13,13,1.000000
bipartite_gnp,16,24,12,12,1.000000
bipartite_gnp,17,12,11,11,1.000000
bipartite_gnp,24,15,17,17,1.000000
bipartite_gnp,13,6,11,11,1.000000
bipartite_gnp,15,8,12,12,1.000000
bipartite_gnp,19,46,10,10,1.000000
bipartite_gnp,14,14,10,10,1.000000
bipartite_gnp,12,17,7,7,1.000000
bipartite_gnp,9,1,8,8,1.000000
bipartite_gnp,14,20,9,9,1.000000
bipartite_gnp,16,20,10,10,1.000000
bipartite_gnp,12,5,8,8,1.000000
bipartite_gnp,11,5,8,8,1.000000
bipartite_gnp,16,20,10,10,1.000000
bipartite_gnp,13,8,9,9,1.000000
bipartite_gnp,19,21,14,14,1.000000
bipartite_gnp,18,26,13,13,1.000000
bipartite_gnp,17,37,9,9,1.000000
bipartite_gnp,20,5,16,16,1.000000
bipartite_gnp,14,2,13,13,1.000000
bipartite_gnp,23,43,12,12,1.000000
bipartite_gnp,15,6,12,12,1.000000
bipartite_gnp,7,9,4,4,1.000000
bipartite_gnp,19,19,14,14,1.000000
bipartite_gnp,21,17,11,11,1.000000
bipartite_gnp,20,40,10,10,1.000000
bipartite_gnp,26,88,14,14,1.000000
bipartite_gnp,22,49,11,11,1.000000
bipartite_gnp,21,42,13,13,1.000000
bipartite_gnp,14,17,7,7,1.000000
bipartite_gnp,25,53,13,13,1.000000
bipartite_gnp,14,8,10,10,1.000000
bipartite_gnp,17,18,9,9,1.000000
bipartite_gnp,18,23,10,10,1.000000
bipartite_gnp,15,14,10,10,1.000000
bipartite_gnp,26,41,15,15,1.000000
bipartite_gnp,19,23,10,10,1.000000
bipartite_gnp,24,19,14,14,1.000000
bipartite_gnp,14,24,7,7,1.000000
bipartite_gnp,17,6,14,14,1.000000
bipartite_gnp,10,4,7,7,1.000000
bipartite_gnp,18,24,11,11,1.000000
bipartite_gnp,24,40,13,13,1.000000
bipartite_gnp,14,17,9,9,1.000000
bipartite_gnp,15,20,9,9,1.000000
bipartite_gnp,21,43,13,13,1.000000
bipartite_gnp,17,18,13,13,1.000000
bipartite_gnp,17,22,13,13,1.000000
bipartite_gnp,13,20,9,9,1.000000
bipartite_gnp,8,4,6,6,1.000000
bipartite_gnp,16,8,12,12,1.000000
bipartite_gnp,18,19,12,12,1.000000
bipartite_gnp,18,34,12,12,1.000000
bipartite_gnp,19,11,14,14,1.000000
bipartite_gnp,16,29,11,11,1.000000
bipartite_gnp,22,36,11,11,1.000000
bipartite_gnp,19,16,13,13,1.000000
bipartite_gnp,27,75,14,14,1.000000
bipartite_gnp,14,7,11,11,1.000000
bipartite_gnp,10,13,7,7,1.000000
bipartite_gnp,22,14,15,15,1.000000
bipartite_gnp,18,21,14,14,1.000000
bipartite_gnp,18,21,10,10,1.000000
bipartite_gnp,13,5,10,10,1.000000
bipartite_gnp,21,23,14,14,1.000000
bipartite_gnp,8,5,6,6,1.000000
bipartite_gnp,15,17,8,8,1.000000
bipartite_gnp,11,9,7,7,1.000000
bipartite_gnp,20,19,11,11,1.000000
bipartite_gnp,7,6,4,4,1.000000
bipartite_gnp,23,12,16,16,1.000000
bipartite_gnp,19,37,12,12,1.000000
bipartite_gnp,15,9,11,11,1.000000
bipartite_gnp,24,55,14,14,1.000000
bipartite_gnp,7,5,4,4,1.000000
bipartite_gnp,16,8,12,12,1.000000
bipartite_gnp,22,63,13,13,1.000000
bipartite_gnp,18,14,11,11,1.000000
bipartite_gnp,20,32,11,11,1.000000
bipartite_gnp,13,8,7,7,1.000000
bipartite_gnp,15,4,12,12,1.000000
bipartite_gnp,14,11,10,10,1.000000
bipartite_gnp,17,24,13,13,1.000000
bipartite_gnp,12,10,8,8,1.000000
bipartite_gnp,11,7,8,8,1.000000
bipartite_gnp,19,33,11,11,1.000000
bipartite_gnp,15,15,10,10,1.000000
bipartite_gnp,17,11,13,13,1.000000
bipartite_gnp,14,13,11,11,1.000000
bipartite_gnp,22,51,11,11,1.000000
bipartite_gnp,18,21,11,11,1.000000
bipartite_gnp,19,39,14,14,1.000000
bipartite_gnp,24,17,15,15,1.000000
bipartite_gnp,21,46,14,14,1.000000
bipartite_gnp,15,5,12,12,1.000000
bipartite_gnp,16,10,13,13,1.000000
bipartite_gnp,15,24,8,8,1.000000
bipartite_gnp,25,40,14,14,1.000000
bipartite_gnp,21,32,12,12,1.000000
bipartite_gnp,8,2,6,6,1.000000
bipartite_gnp,20,33,14,14,1.000000
bipartite_gnp,10,6,7,7,1.000000
bipartite_gnp,15,26,9,9,1.000000
bipartite_gnp,10,12,7,7,1.000000
bipartite_gnp,22,52,13,13,1.000000
bipartite_gnp,15,7,12,12,1.000000
bipartite_gnp,14,11,10,10,1.000000
bipartite_gnp,14,17,9,9,1.000000
bipartite_gnp,19,13,14,14,1.000000
bipartite_gnp,18,20,12,12,1.000000
bipartite_gnp,15,6,12,12,1.000000
bipartite_gnp,24,36,12,12,1.000000
bipartite_gnp,12,5,10,10,1.000000
bipartite_gnp,17,11,14,14,1.000000
bipartite_gnp,15,12,11,11,1.000000
bipartite_gnp,22,13,16,16,1.000000
bipartite_gnp,13,7,10,10,1.000000
bipartite_gnp,24,61,12,12,1.000000
bipartite_gnp,17,13,11,11,1.000000
bipartite_gnp,18,24,13,13,1.000000
bipartite_gnp,14,5,12,12,1.000000
bipartite_gnp,16,20,11,11,1.000000
bipartite_gnp,11,7,8,8,1.000000
bipartite_gnp,18,26,11,11,1.000000
bipartite_gnp,24,49,13,13,1.000000
bipartite_gnp,19,24,11,11,1.000000
bipartite_gnp,12,14,8,8,1.000000
bipartite_gnp,18,9,12,12,1.000000
bipartite_gnp,22,39,12,12,1.000000
bipartite_gnp,16,8,11,11,1.000000
bipartite_gnp,15,21,10,10,1.000000
bipartite_gnp,19,25,11,11,1.000000
bipartite_gnp,9,1,8,8,1.000000
bipartite_gnp,9,4,6,6,1.000000
bipartite_gnp,12,7,8,8,1.000000
bipartite_gnp,14,17,8,8,1.000000
bipartite_gnp,9,2,7,7,1.000000
bipartite_gnp,15,14,10,10,1.000000
bipartite_gnp,17,23,10,10,1.000000
bipartite_gnp,21,46,12,12,1.000000
bipartite_gnp,25,17,17,17,1.000000
bipartite_gnp,15,12,9,9,1.000000
bipartite_gnp,22,28,14,14,1.000000
bipartite_gnp,9,6,6,6,1.000000
bipartite_gnp,19,43,13,13,1.000000
bipartite_gnp,12,12,9,9,1.000000
bipartite_gnp,25,50,14,14,1.000000
bipartite_gnp,21,30,14,14,1.000000
bipartite_gnp,18,22,10,10,1.000000
bipartite_gnp,14,4,11,11,1.000000
bipartite_gnp,9,7,6,6,1.000000
bipartite_gnp,9,6,6,6,1.000000
bipartite_gnp,20,43,12,12,1.000000
bipartite_gnp,9,4,7,7,1.000000
bipartite_gnp,23,20,14,14,1.000000
bipartite_gnp,16,7,13,13,1.000000
bipartite_gnp,11,17,7,7,1.000000
bipartite_gnp,15,17,9,9,1.000000
bipartite_gnp,28,27,17,17,1.000000
bipartite_gnp,15,13,9,9,1.000000
bipartite_gnp,12,14,8,8,1.000000
bipartite_gnp,12,11,8,8,1.000000
bipartite_gnp,21,44,11,11,1.000000
bipartite_gnp,22,62,11,11,1.000000
bipartite_gnp,17,16,13,13,1.000000
bipartite_gnp,11,6,8,8,1.000000
bipartite_gnp,11,17,6,6,1.000000
bipartite_gnp,14,11,9,9,1.000000
bipartite_gnp,21,38,12,12,1.000000
bipartite_gnp,20,21,15,15,1.000000
bipartite_gnp,7,4,4,4,1.000000
bipartite_gnp,14,14,10,10,1.000000
bipartite_gnp,11,13,6,6,1.000000
bipartite_gnp,15,12,8,8,1.000000
bipartite_gnp,21,50,11,11,1.000000
bipartite_gnp,18,24,13,13,1.000000
bipartite_gnp,11,6,8,8,1.000000
bipartite_gnp,16,13,13,13,1.000000
bipartite_gnp,24,63,12,12,1.000000
bipartite_gnp,23,64,12,12,1.000000
bipartite_gnp,13,5,10,10,1.000000
bipartite_gnp,22,60,12,12,1.000000
bipartite_gnp,24,61,13,13,1.000000
bipartite_gnp,25,26,14,14,1.000000
bipartite_gnp,16,13,10,10,1.000000
bipartite_gnp,17,19,13,13,1.000000
bipartite_gnp,8,4,5,5,1.000000
bipartite_gnp,12,13,8,8,1.000000
bipartite_gnp,20,43,11,11,1.000000
bipartite_gnp,14,13,9,9,1.000000
bipartite_gnp,13,5,11,11,1.000000
bipartite_gnp,18,22,10,10,1.000000
bipartite_gnp,25,29,15,15,1.000000
bipartite_gnp,13,7,10,10,1.000000
bipartite_gnp,17,14,14,14,1.000000
bipartite_gnp,12,6,9,9,1.000000
bipartite_gnp,16,28,10,10,1.000000
bipartite_gnp,22,36,14,14,1.000000
bipartite_gnp,20,9,15,15,1.000000
bipartite_gnp,18,19,11,11,1.000000
bipartite_gnp,19,7,15,15,1.000000
bipartite_gnp,18,31,10,10,1.000000
bipartite_gnp,24,46,13,13,1.000000
bipartite_gnp,20,29,11,11,1.000000
bipartite_gnp,19,22,12,12,1.000000
bipartite_gnp,11,2,9,9,1.000000
bipartite_gnp,13,23,8,8,1.000000
bipartite_gnp,22,46,14,14,1.000000
bipartite_gnp,12,2,10,10,1.000000
bipartite_gnp,23,17,14,14,1.000000
bipartite_gnp,20,8,14,14,1.000000
bipartite_gnp,12,15,8,8,1.000000
bipartite_gnp,18,12,14,14,1.000000
bipartite_gnp,14,5,12,12,1.000000
bipartite_gnp,20,33,14,14,1.000000
bipartite_gnp,20,32,13,13,1.000000
bipartite_gnp,15,10,10,10,1.000000
bipartite_gnp,14,13,9,9,1.000000
bipartite_gnp,22,27,14,14,1.000000
bipartite_gnp,26,64,14,14,1.000000
bipartite_gnp,15,9,9,9,1.000000
bipartite_gnp,10,5,8,8,1.000000
bipartite_gnp,15,14,11,11,1.000000
bipartite_gnp,13,12,8,8,1.000000
bipartite_gnp,24,37,13,13,1.000000
bipartite_gnp,19,26,10,10,1.000000
bipartite_gnp,15,5,12,12,1.000000
bipartite_gnp,10,6,6,6,1.000000
bipartite_gnp,13,15,9,9,1.000000
bipartite_gnp,14,12,11,11,1.000000
bipartite_gnp,8,1,7,7,1.000000
bipartite_gnp,26,16,18,18,1.000000
bipartite_gnp,19,17,13,13,1.000000
bipartite_gnp,21,33,13,13,1.000000
bipartite_gnp,18,28,10,10,1.000000
bipartite_gnp,14,5,12,12,1.000000
bipartite_gnp,12,8,8,8,1.000000
bipartite_gnp,14,12,11,11,1.000000
bipartite_gnp,19,22,13,13,1.000000
bipartite_gnp,19,27,11,11,1.000000
bipartite_gnp,16,9,11,11,1.000000
bipartite_gnp,16,10,13,13,1.000000
bipartite_gnp,12,5,8,8,1.000000
bipartite_gnp,13,19,8,8,1.000000
bipartite_gnp,17,34,10,10,1.000000
bipartite_gnp,12,1,11,11,1.000000
bipartite_gnp,12,8,8,8,1.000000
bipartite_gnp,19,46,12,12,1.000000
bipartite_gnp,10,7,6,6,1.000000
bipartite_gnp,10,4,7,7,1.000000
bipartite_gnp,15,11,12,12,1.000000
bipartite_gnp,19,42,13,13,1.000000
bipartite_gnp,26,28,15,15,1.000000
bipartite_gnp,17,26,9,9,1.000000
bipartite_gnp,23,39,15,15,1.000000
bipartite_gnp,15,16,9,9,1.000000
bipartite_gnp,12,12,8,8,1.000000
bipartite_gnp,13,8,9,9,1.000000
bipartite_gnp,11,12,6,6,1.000000
bipartite_gnp,18,32,11,11,1.000000
bipartite_gnp,26,49,14,14,1.000000
bipartite_gnp,21,42,14,14,1.000000
bipartite_gnp,18,22,10,10,1.000000
bipartite_gnp,19,20,13,13,1.000000
bipartite_gnp,25,41,13,13,1.000000
bipartite_gnp,10,11,7,7,1.000000
bipartite_gnp,9,6,6,6,1.000000
bipartite_gnp,15,6,12,12,1.000000
bipartite_gnp,17,18,10,10,1.000000
bipartite_gnp,18,8,15,15,1.000000
bipartite_gnp,11,7,7,7,1.000000
bipartite_gnp,19,13,14,14,1.000000
bipartite_gnp,11,11,7,7,1.000000
bipartite_gnp,14,20,9,9,1.000000
bipartite_gnp,15,23,9,9,1.000000
bipartite_gnp,15,26,10,10,1.000000
bipartite_gnp,16,26,9,9,1.000000
bipartite_gnp,15,17,9,9,1.000000
bipartite_gnp,21,30,12,12,1.000000
bipartite_gnp,19,31,10,10,1.000000
bipartite_gnp,21,36,12,12,1.000000
bipartite_gnp,7,3,5,5,1.000000
bipartite_gnp,11,11,7,7,1.000000
bipartite_gnp,14,1,13,13,1.000000
bipartite_gnp,23,21,15,15,1.000000
bipartite_gnp,11,13,7,7,1.000000
bipartite_gnp,16,26,12,12,1.000000
bipartite_gnp,11,11,7,7,1.000000
bipartite_gnp,13,17,9,9,1.000000
bipartite_gnp,17,13,11,11,1.000000
bipartite_gnp,19,19,14,14,1.000000
bipartite_gnp,16,24,11,11,1.000000
bipartite_gnp,20,34,12,12,1.000000
bipartite_gnp,11,14,7,7,1.000000
bipartite_gnp,13,11,9,9,1.000000
bipartite_gnp,17,15,12,12,1.000000
bipartite_gnp,19,16,14,14,1.000000
bipartite_gnp,23,20,16,16,1.000000
bipartite_gnp,12,4,9,9,1.000000
bipartite_gnp,17,15,14,14,1.000000
bipartite_gnp,21,42,14,14,1.000000
bipartite_gnp,28,101,14,14,1.000000
bipartite_gnp,9,6,6,6,1.000000
bipartite_gnp,9,10,6,6,1.000000
bipartite_gnp,17,20,11,11,1.000000
bipartite_gnp,25,60,13,13,1.000000
bipartite_gnp,27,31,15,15,1.000000
bipartite_gnp,13,4,12,12,1.000000
bipartite_gnp,9,1,8,8,1.000000
bipartite_gnp,12,19,6,6,1.000000
bipartite_gnp,8,5,5,5,1.000000
bipartite_gnp,25,64,13,13,1.000000
bipartite_gnp,17,27,11,11,1.000000
bipartite_gnp,17,14,12,12,1.000000
bipartite_gnp,19,41,10,10,1.000000
bipartite_gnp,15,3,13,13,1.000000
bipartite_gnp,10,9,6,6,1.000000
bipartite_gnp,17,10,12,12,1.000000
bipartite_gnp,20,39,13,13,1.000000
bipartite_gnp,18,14,12,12,1.000000
bipartite_gnp,14,21,9,9,1.000000
bipartite_gnp,15,9,11,11,1.000000
bipartite_gnp,24,43,12,12,1.000000
bipartite_gnp,8,4,6,6,1.000000
bipartite_gnp,10,3,8,8,1.000000
bipartite_gnp,18,18,11,11,1.000000
bipartite_gnp,16,21,12,12,1.000000
bipartite_gnp,26,54,14,14,1.000000
bipartite_gnp,27,40,16,16,1.000000
bipartite_gnp,12,4,10,10,1.000000
bipartite_gnp,13,14,10,10,1.000000
bipartite_gnp,20,15,12,12,1.000000
bipartite_gnp,13,16,7,7,1.000000
bipartite_gnp,14,18,10,10,1.000000
bipartite_gnp,23,58,12,12,1.000000
bipartite_gnp,19,24,14,14,1.000000
bipartite_gnp,13,5,10,10,1.000000
bipartite_gnp,18,32,12,12,1.000000
bipartite_gnp,12,15,7,7,1.000000
bipartite_gnp,17,22,13,13,1.000000
bipartite_gnp,11,10,6,6,1.000000
bipartite_gnp,13,21,10,10,1.000000
bipartite_gnp,24,52,14,14,1.000000
bipartite_gnp,9,7,6,6,1.000000
bipartite_gnp,14,19,10,10,1.000000
bipartite_gnp,19,11,14,14,1.000000
bipartite_gnp,13,13,8,8,1.000000
bipartite_gnp,19,11,13,13,1.000000
bipartite_gnp,14,9,9,9,1.000000
bipartite_gnp,13,5,10,10,1.000000
bipartite_gnp,23,35,14,14,1.000000
bipartite_gnp,14,22,10,10,1.000000
bipartite_gnp,25,20,17,17,1.000000
bipartite_gnp,8,4,5,5,1.000000
bipartite_gnp,19,44,11,11,1.000000
bipartite_gnp,17,21,13,13,1.000000
bipartite_gnp,15,17,11,11,1.000000
bipartite_gnp,11,5,9,9,1.000000
bipartite_gnp,20,24,14,14,1.000000
bipartite_gnp,25,67,13,13,1.000000
bipartite_gnp,23,16,16,16,1.000000
bipartite_gnp,14,5,11,11,1.000000
bipartite_gnp,20,20,14,14,1.000000
bipartite_gnp,13,7,10,10,1.000000
bipartite_gnp,12,6,9,9,1.000000
bipartite_gnp,20,37,11,11,1.000000
bipartite_gnp,24,52,13,13,1.000000
bipartite_gnp,21,47,11,11,1.000000
bipartite_gnp,15,4,13,13,1.000000
bipartite_gnp,17,14,12,12,1.000000
bipartite_gnp,17,9,14,14,1.000000
bipartite_gnp,16,12,13,13,1.000000
bipartite_gnp,16,27,10,10,1.000000
bipartite_gnp,16,18,11,11,1.000000
bipartite_gnp,10,4,8,8,1.000000
bipartite_gnp,16,9,12,12,1.000000
bipartite_gnp,21,31,14,14,1.000000
bipartite_gnp,14,14,7,7,1.000000
bipartite_gnp,24,43,14,14,1.000000
bipartite_gnp,20,25,12,12,1.000000
bipartite_gnp,15,13,12,12,1.000000
bipartite_gnp,22,37,13,13,1.000000
bipartite_gnp,13,15,7,7,1.000000
bipartite_gnp,11,13,7,7,1.000000
bipartite_gnp,17,9,13,13,1.000000
bipartite_gnp,9,7,6,6,1.000000
bipartite_gnp,13,15,9,9,1.000000
bipartite_gnp,18,15,14,14,1.000000
bipartite_gnp,25,39,14,14,1.000000
bipartite_gnp,21,29,14,14,1.000000
bipartite_gnp,16,20,13,13,1.000000
bipartite_gnp,16,14,11,11,1.000000
bipartite_gnp,15,7,12,12,1.000000
bipartite_gnp,17,6,14,14,1.000000
bipartite_gnp,14,2,12,12,1.000000
bipartite_gnp,15,25,10,10,1.000000
bipartite_gnp,20,13,12,12,1.000000
bipartite_gnp,21,58,12,12,1.000000
bipartite_gnp,8,7,5,5,1.000000
bipartite_gnp,12,14,9,9,1.000000
bipartite_gnp,25,77,13,13,1.000000
bipartite_gnp,24,49,14,14,1.000000
bipartite_gnp,16,5,13,13,1.000000
bipartite_gnp,17,19,14,14,1.000000
bipartite_gnp,20,15,13,13,1.000000
bipartite_gnp,9,6,5,5,1.000000
bipartite_gnp,23,30,13,13,1.000000
bipartite_gnp,18,32,11,11,1.000000
bipartite_gnp,17,8,12,12,1.000000
bipartite_gnp,24,25,17,17,1.000000
bipartite_gnp,17,19,10,10,1.000000
bipartite_gnp,23,22,14,14,1.000000
bipartite_gnp,17,19,10,10,1.000000
bipartite_gnp,12,10,8,8,1.000000
bipartite_gnp,8,2,7,7,1.000000
bipartite_gnp,7,3,5,5,1.000000
bipartite_gnp,22,46,14,14,1.000000
bipartite_gnp,20,24,13,13,1.000000
bipartite_gnp,14,10,9,9,1.000000
bipartite_gnp,13,6,10,10,1.000000
bipartite_gnp,11,11,8,8,1.000000
bipartite_gnp,14,22,8,8,1.000000
bipartite_gnp,14,14,11,11,1.000000
bipartite_gnp,15,10,11,11,1.000000
bipartite_gnp,10,4,8,8,1.000000
bipartite_gnp,17,24,12,12,1.000000
bipartite_gnp,19,13,13,13,1.000000
bipartite_gnp,28,15,20,20,1.000000
bipartite_gnp,18,29,13,13,1.000000
bipartite_gnp,15,2,13,13,1.000000
bipartite_gnp,9,6,6,6,1.000000
bipartite_gnp,19,20,11,11,1.000000
bipartite_gnp,11,0,11,11,1.000000
bipartite_gnp,17,28,10,10,1.000000
bipartite_gnp,18,22,10,10,1.000000
bipartite_gnp,27,85,14,14,1.000000
bipartite_gnp,20,24,12,12,1.000000
bipartite_gnp,23,52,13,13,1.000000
bipartite_gnp,16,14,10,10,1.000000
bipartite_gnp,24,64,12,12,1.000000
bipartite_gnp,20,42,11,11,1.000000
bipartite_gnp,14,10,9,9,1.000000
bipartite_gnp,13,15,9,9,1.000000
bipartite_gnp,23,54,13,13,1.000000
bipartite_gnp,24,43,14,14,1.000000
bipartite_gnp,21,49,12,12,1.000000
bipartite_gnp,18,27,13,13,1.000000
bipartite_gnp,15,20,8,8,1.000000
bipartite_gnp,22,50,11,11,1.000000
bipartite_gnp,18,5,15,15,1.000000
bipartite_gnp,15,23,10,10,1.000000
bipartite_gnp,11,2,9,9,1.000000
bipartite_gnp,16,9,11,11,1.000000
bipartite_gnp,12,9,7,7,1.000000
bipartite_gnp,25,78,14,14,1.000000
bipartite_gnp,21,59,11,11,1.000000
bipartite_gnp,7,3,5,5,1.000000
bipartite_gnp,18,26,12,12,1.000000
bipartite_gnp,17,24,10,10,1.000000
bipartite_gnp,12,5,9,9,1.000000
bipartite_gnp,19,26,12,12,1.000000
bipartite_gnp,17,28,11,11,1.000000
bipartite_gnp,24,48,13,13,1.000000
bipartite_gnp,10,7,7,7,1.000000
bipartite_gnp,17,32,10,10,1.000000
bipartite_gnp,18,45,10,10,1.000000
bipartite_gnp,15,16,9,9,1.000000
bipartite_gnp,12,4,9,9,1.000000
bipartite_gnp,13,15,7,7,1.000000
bipartite_gnp,16,23,9,9,1.000000
bipartite_gnp,11,13,6,6,1.000000
bipartite_gnp,20,17,12,12,1.000000
bipartite_gnp,20,19,12,12,1.000000
bipartite_gnp,27,32,16,16,1.000000
bipartite_gnp,15,14,12,12,1.000000
bipartite_gnp,28,70,14,14,1.000000
bipartite_gnp,19,32,10,10,1.000000
bipartite_gnp,15,15,12,12,1.000000
bipartite_gnp,7,1,6,6,1.000000
bipartite_gnp,23,63,14,14,1.000000
bipartite_gnp,24,44,14,14,1.000000
bipartite_gnp,17,14,14,14,1.000000
bipartite_gnp,16,4,13,13,1.000000
bipartite_gnp,26,40,14,14,1.000000
bipartite_gnp,6,6,4,4,1.000000
bipartite_gnp,11,6,8,8,1.000000
bipartite_gnp,19,10,13,13,1.000000
bipartite_gnp,24,64,14,14,1.000000
bipartite_gnp,17,11,11,11,1.000000
bipartite_gnp,8,2,7,7,1.000000
bipartite_gnp,23,28,14,14,1.000000
bipartite_gnp,26,11,18,18,1.000000
bipartite_gnp,13,3,11,11,1.000000
bipartite_gnp,23,48,13,13,1.000000
bipartite_gnp,23,29,13,13,1.000000
bipartite_gnp,19,27,14,14,1.000000
bipartite_gnp,11,10,6,6,1.000000
bipartite_gnp,17,16,10,10,1.000000
bipartite_gnp,18,29,10,10,1.000000
bipartite_gnp,11,5,8,8,1.000000
bipartite_gnp,18,10,12,12,1.000000
bipartite_gnp,20,36,10,10,1.000000
bipartite_gnp,17,13,11,11,1.000000
bipartite_gnp,19,18,12,12,1.000000
bipartite_gnp,12,17,8,8,1.000000
bipartite_gnp,12,8,8,8,1.000000
bipartite_gnp,16,26,9,9,1.000000
bipartite_gnp,25,61,13,13,1.000000
bipartite_gnp,13,10,9,9,1.000000
bipartite_gnp,24,42,13,13,1.000000
bipartite_gnp,12,3,9,9,1.000000
bipartite_gnp,21,20,13,13,1.000000
bipartite_gnp,17,9,14,14,1.000000
bipartite_gnp,23,30,14,14,1.000000
bipartite_gnp,15,17,9,9,1.000000
bipartite_gnp,9,3,7,7,1.000000
bipartite_gnp,15,18,10,10,1.000000
bipartite_gnp,12,8,9,9,1.000000
bipartite_gnp,23,49,13,13,1.000000
bipartite_gnp,19,27,14,14,1.000000
bipartite_gnp,27,19,19,19,1.000000
bipartite_gnp,21,52,11,11,1.000000
bipartite_gnp,10,10,6,6,1.000000
bipartite_gnp,13,18,7,7,1.000000
bipartite_gnp,15,14,11,11,1.000000
bipartite_gnp,12,2,11,11,1.000000
bipartite_gnp,11,14,7,7,1.000000
bipartite_gnp,25,22,15,15,1.000000
bipartite_gnp,15,11,12,12,1.000000
bipartite_gnp,24,35,13,13,1.000000
bipartite_gnp,20,24,13,13,1.000000
bipartite_gnp,7,3,5,5,1.000000
bipartite_gnp,18,16,12,12,1.000000
bipartite_gnp,7,4,5,5,1.000000
bipartite_gnp,22,48,14,14,1.000000
bipartite_gnp,16,12,11,11,1.000000
bipartite_gnp,16,30,9,9,1.000000
bipartite_gnp,13,19,8,8,1.000000
bipartite_gnp,24,38,14,14,1.000000
bipartite_gnp,12,9,9,9,1.000000
bipartite_gnp,8,7,5,5,1.000000
bipartite_gnp,15,24,10,10,1.000000
bipartite_gnp,19,11,14,14,1.000000
bipartite_gnp,8,1,7,7,1.000000
bipartite_gnp,23,13,17,17,1.000000
bipartite_gnp,23,22,14,14,1.000000
bipartite_gnp,18,28,10,10,1.000000
bipartite_gnp,20,26,13,13,1.000000
bipartite_gnp,16,10,11,11,1.000000
bipartite_gnp,11,15,6,6,1.000000
bipartite_gnp,24,33,14,14,1.000000
bipartite_gnp,26,90,14,14,1.000000
bipartite_gnp,20,25,12,12,1.000000
bipartite_gnp,18,22,11,11,1.000000
bipartite_gnp,11,15,6,6,1.000000
bipartite_gnp,19,16,11,11,1.000000
bipartite_gnp,14,10,10,10,1.000000
bipartite_gnp,13,7,10,10,1.000000
bipartite_gnp,16,24,9,9,1.000000
bipartite_gnp,20,25,12,12,1.000000
bipartite_gnp,15,10,12,12,1.000000
bipartite_gnp,19,32,12,12,1.000000
bipartite_gnp,12,4,9,9,1.000000
bipartite_gnp,16,27,9,9,1.000000
bipartite_gnp,22,58,11,11,1.000000
bipartite_gnp,12,3,10,10,1.000000
bipartite_gnp,15,8,10,10,1.000000
bipartite_gnp,18,24,13,13,1.000000
bipartite_gnp,17,27,10,10,1.000000
bipartite_gnp,23,15,16,16,1.000000
bipartite_gnp,10,2,8,8,1.000000
bipartite_gnp,21,14,13,13,1.000000
bipartite_gnp,26,45,14,14,1.000000
bipartite_gnp,15,17,9,9,1.000000
bipartite_gnp,15,27,8,8,1.000000
bipartite_gnp,21,25,13,13,1.000000
bipartite_gnp,13,4,11,11,1.000000
bipartite_gnp,20,29,11,11,1.000000
bipartite_gnp,9,0,9,9,1.000000
bipartite_gnp,13,5,10,10,1.000000
bipartite_gnp,25,38,14,14,1.000000
bipartite_gnp,19,43,10,10,1.000000
bipartite_gnp,16,29,9,9,1.000000
bipartite_gnp,7,4,5,5,1.000000
bipartite_gnp,11,15,6,6,1.000000
bipartite_gnp,13,15,7,7,1.000000
bipartite_gnp,16,8,12,12,1.000000
bipartite_gnp,19,27,11,11,1.000000
bipartite_gnp,21,56,12,12,1.000000
bipartite_gnp,20,52,12,12,1.000000
bipartite_gnp,16,10,13,13,1.000000
bipartite_gnp,9,8,5,5,1.000000
bipartite_gnp,13,20,8,8,1.000000
bipartite_gnp,22,36,11,11,1.000000
bipartite_gnp,26,33,15,15,1.000000
bipartite_gnp,13,12,10,10,1.000000
bipartite_gnp,9,8,6,6,1.000000
bipartite_gnp,13,12,10,10,1.000000
bipartite_gnp,13,11,10,10,1.000000
bipartite_gnp,14,27,7,7,1.000000
bipartite_gnp,21,43,14,14,1.000000
bipartite_gnp,21,34,13,13,1.000000
bipartite_gnp,8,4,5,5,1.000000
bipartite_gnp,22,55,14,14,1.000000
bipartite_gnp,10,8,7,7,1.000000
bipartite_gnp,12,8,7,7,1.000000
bipartite_gnp,20,40,12,12,1.000000
bipartite_gnp,18,30,12,12,1.000000
bipartite_gnp,18,19,11,11,1.000000
bipartite_gnp,18,26,14,14,1.000000
bipartite_gnp,14,17,8,8,1.000000
bipartite_gnp,25,54,14,14,1.000000
bipartite_gnp,19,13,15,15,1.000000
bipartite_gnp,11,10,8,8,1.000000
bipartite_gnp,17,10,14,14,1.000000
bipartite_gnp,12,5,9,9,1.000000
bipartite_gnp,11,3,9,9,1.000000
bipartite_gnp,16,27,11,11,1.000000
bipartite_gnp,16,20,10,10,1.000000
bipartite_gnp,28,72,14,14,1.000000
bipartite_gnp,12,13,9,9,1.000000
bipartite_gnp,26,49,14,14,1.000000
bipartite_gnp,21,48,12,12,1.000000
bipartite_gnp,20,35,14,14,1.000000
bipartite_gnp,17,16,10,10,1.000000
bipartite_gnp,8,1,7,7,1.000000
bipartite_gnp,15,15,11,11,1.000000
bipartite_gnp,6,0,6,6,1.000000
bipartite_gnp,10,14,5,5,1.000000
bipartite_gnp,11,8,7,7,1.000000
bipartite_gnp,23,25,12,12,1.000000
bipartite_gnp,12,9,9,9,1.000000
bipartite_gnp,16,18,10,10,1.000000
bipartite_gnp,7,4,4,4,1.000000
bipartite_gnp,21,20,12,12,1.000000
bipartite_gnp,20,29,12,12,1.000000
bipartite_gnp,14,3,12,12,1.000000
bipartite_gnp,18,22,9,9,1.000000
bipartite_gnp,22,41,11,11,1.000000
bipartite_gnp,24,35,14,14,1.000000
bipartite_gnp,15,22,10,10,1.000000
bipartite_gnp,13,1,12,12,1.000000
bipartite_gnp,8,6,5,5,1.000000
bipartite_gnp,12,7,9,9,1.000000
bipartite_gnp,19,16,15,15,1.000000
bipartite_gnp,28,81,14,14,1.000000
bipartite_gnp,11,11,7,7,1.000000
bipartite_gnp,19,32,12,12,1.000000
bipartite_gnp,16,19,9,9,1.000000
bipartite_gnp,19,26,11,11,1.000000
bipartite_gnp,21,55,12,12,1.000000
bipartite_gnp,12,7,8,8,1.000000
bipartite_gnp,6,1,5,5,1.000000
bipartite_gnp,18,6,15,15,1.000000
bipartite_gnp,13,7,9,9,1.000000
bipartite_gnp,24,16,16,16,1.000000
bipartite_gnp,17,33,11,11,1.000000
bipartite_gnp,10,4,6,6,1.000000
bipartite_gnp,16,11,10,10,1.000000
bipartite_gnp,27,24,16,16,1.000000
bipartite_gnp,20,22,14,14,1.000000
bipartite_gnp,12,5,9,9,1.000000
bipartite_gnp,19,26,11,11,1.000000
bipartite_gnp,13,4,11,11,1.000000
bipartite_gnp,6,4,4,4,1.000000
bipartite_gnp,15,18,11,11,1.000000
bipartite_gnp,27,30,15,15,1.000000
bipartite_gnp,18,20,12,12,1.000000
bipartite_gnp,18,21,11,11,1.000000
bipartite_gnp,10,4,8,8,1.000000
bipartite_gnp,10,12,6,6,1.000000
bipartite_gnp,21,42,13,13,1.000000
bipartite_gnp,16,11,13,13,1.000000
bipartite_gnp,18,23,10,10,1.000000
bipartite_gnp,20,13,14,14,1.000000
bipartite_gnp,28,63,14,14,1.000000
bipartite_gnp,13,6,10,10,1.000000
bipartite_gnp,14,17,7,7,1.000000
bipartite_gnp,7,3,6,6,1.000000
bipartite_gnp,17,11,12,12,1.000000
bipartite_gnp,15,19,11,11,1.000000
bipartite_gnp,18,15,12,12,1.000000
bipartite_gnp,21,55,14,14,1.000000
bipartite_gnp,7,5,4,4,1.000000
bipartite_gnp,12,14,6,6,1.000000
bipartite_gnp,16,5,13,13,1.000000
bipartite_gnp,14,14,9,9,1.000000
bipartite_gnp,21,43,14,14,1.000000
bipartite_gnp,9,5,6,6,1.000000
bipartite_gnp,17,5,15,15,1.000000
bipartite_gnp,14,21,9,9,1.000000
bipartite_gnp,18,16,10,10,1.000000
bipartite_gnp,23,16,14,14,1.000000
bipartite_gnp,20,35,11,11,1.000000
bipartite_gnp,15,22,12,12,1.000000
bipartite_gnp,13,4,11,11,1.000000
bipartite_gnp,23,14,15,15,1.000000
bipartite_gnp,17,21,14,14,1.000000
bipartite_gnp,20,24,11,11,1.000000
bipartite_gnp,17,11,11,11,1.000000
bipartite_gnp,14,31,8,8,1.000000
bipartite_gnp,10,14,6,6,1.000000
bipartite_gnp,24,53,13,13,1.000000
bipartite_gnp,24,34,14,14,1.000000
bipartite_gnp,21,28,13,13,1.000000
bipartite_gnp,13,23,7,7,1.000000
bipartite_gnp,21,45,12,12,1.000000
bipartite_gnp,8,3,6,6,1.000000
bipartite_gnp,16,12,11,11,1.000000
bipartite_gnp,6,3,4,4,1.000000
bipartite_gnp,14,15,11,11,1.000000
bipartite_gnp,17,31,9,9,1.000000
bipartite_gnp,21,20,14,14,1.000000
bipartite_gnp,17,13,14,14,1.000000
bipartite_gnp,13,15,7,7,1.000000
bipartite_gnp,16,17,12,12,1.000000
bipartite_gnp,24,70,14,14,1.000000
bipartite_gnp,21,45,11,11,1.000000
bipartite_gnp,13,11,10,10,1.000000
bipartite_gnp,16,7,11,11,1.000000
bipartite_gnp,22,33,13,13,1.000000
bipartite_gnp,23,14,16,16,1.000000
bipartite_gnp,13,5,10,10,1.000000
bipartite_gnp,16,15,10,10,1.000000
bipartite_gnp,15,11,9,9,1.000000
bipartite_gnp,14,13,10,10,1.000000
bipartite_gnp,18,29,11,11,1.000000
bipartite_gnp,6,1,5,5,1.000000
bipartite_gnp,10,6,7,7,1.000000
bipartite_gnp,18,17,14,14,1.000000
bipartite_gnp,10,5,9,9,1.000000
bipartite_gnp,25,19,16,16,1.000000
bipartite_gnp,26,53,14,14,1.000000
bipartite_gnp,17,16,12,12,1.000000
bipartite_gnp,12,9,8,8,1.000000
bipartite_gnp,23,58,14,14,1.000000
bipartite_gnp,13,7,9,9,1.000000
bipartite_gnp,20,40,11,11,1.000000
bipartite_gnp,22,36,14,14,1.000000
bipartite_gnp,15,25,9,9,1.000000
bipartite_gnp,17,29,10,10,1.000000
bipartite_gnp,18,30,11,11,1.000000
bipartite_gnp,17,21,12,12,1.000000
bipartite_gnp,17,12,11,11,1.000000
bipartite_gnp,23,34,15,15,1.000000
bipartite_gnp,22,35,12,12,1.000000
bipartite_gnp,15,8,12,12,1.000000
bipartite_gnp,22,38,13,13,1.000000
bipartite_gnp,23,61,14,14,1.000000
bipartite_gnp,28,85,14,14,1.000000
bipartite_gnp,16,16,13,13,1.000000
bipartite_gnp,23,27,14,14,1.000000
bipartite_gnp,25,48,14,14,1.000000
bipartite_gnp,23,56,13,13,1.000000
bipartite_gnp,19,29,10,10,1.000000
bipartite_gnp,13,6,10,10,1.000000
bipartite_gnp,16,9,11,11,1.000000
bipartite_gnp,16,37,10,10,1.000000
bipartite_gnp,18,15,12,12,1.000000
bipartite_gnp,18,35,14,14,1.000000
bipartite_gnp,19,26,11,11,1.000000
bipartite_gnp,18,10,13,13,1.000000
bipartite_gnp,24,69,13,13,1.000000
bipartite_gnp,16,3,14,14,1.000000
bipartite_gnp,9,9,6,6,1.000000
bipartite_gnp,9,4,6,6,1.000000
bipartite_gnp,21,34,13,13,1.000000
bipartite_gnp,24,48,13,13,1.000000
bipartite_gnp,19,36,14,14,1.000000
bipartite_gnp,25,61,13,13,1.000000
bipartite_gnp,19,38,11,11,1.000000
bipartite_gnp,14,13,11,11,1.000000
bipartite_gnp,23,15,16,16,1.000000
bipartite_gnp,27,56,14,14,1.000000
bipartite_gnp,14,8,10,10,1.000000
bipartite_gnp,22,27,14,14,1.000000
bipartite_gnp,19,13,13,13,1.000000
bipartite_gnp,17,9,12,12,1.000000
bipartite_gnp,25,44,14,14,1.000000
bipartite_gnp,18,15,14,14,1.000000
bipartite_gnp,19,21,12,12,1.000000
bipartite_gnp,21,17,15,15,1.000000
bipartite_gnp,17,25,9,9,1.000000
bipartite_gnp,19,18,13,13,1.000000
bipartite_gnp,27,89,14,14,1.000000
bipartite_gnp,15,11,10,10,1.000000
bipartite_gnp,16,19,11,11,1.000000
bipartite_gnp,18,10,14,14,1.000000
bipartite_gnp,17,19,10,10,1.000000
bipartite_gnp,17,25,13,13,1.000000
bipartite_gnp,21,19,13,13,1.000000
bipartite_gnp,10,6,8,8,1.000000
bipartite_gnp,17,10,14,14,1.000000
bipartite_gnp,23,37,12,12,1.000000
bipartite_gnp,10,2,8,8,1.000000
bipartite_gnp,23,53,12,12,1.000000
bipartite_gnp,11,4,9,9,1.000000
bipartite_gnp,13,18,9,9,1.000000
bipartite_gnp,16,12,11,11,1.000000
bipartite_gnp,21,48,14,14,1.000000
bipartite_gnp,17,27,9,9,1.000000
bipartite_gnp,9,10,5,5,1.000000
bipartite_gnp,16,19,8,8,1.000000
bipartite_gnp,21,30,14,14,1.000000
bipartite_gnp,22,27,13,13,1.000000
bipartite_gnp,20,19,14,14,1.000000
bipartite_gnp,20,37,11,11,1.000000
bipartite_gnp,11,2,9,9,1.000000
bipartite_gnp,13,14,7,7,1.000000
bipartite_gnp,16,5,13,13,1.000000
bipartite_gnp,17,19,10,10,1.000000
bipartite_gnp,13,17,10,10,1.000000
bipartite_gnp,21,50,12,12,1.000000
bipartite_gnp,21,32,11,11,1.000000
bipartite_gnp,11,7,7,7,1.000000
bipartite_gnp,12,11,8,8,1.000000
bipartite_gnp,20,20,12,12,1.000000
bipartite_gnp,21,19,13,13,1.000000
bipartite_gnp,15,15,12,12,1.000000
bipartite_gnp,22,44,14,14,1.000000
bipartite_gnp,12,15,9,9,1.000000
bipartite_gnp,26,40,15,15,1.000000
bipartite_gnp,12,19,8,8,1.000000
bipartite_gnp,15,5,11,11,1.000000
bipartite_gnp,19,28,12,12,1.000000
bipartite_gnp,14,19,9,9,1.000000
bipartite_gnp,17,14,12,12,1.000000
bipartite_gnp,17,15,14,14,1.000000
bipartite_gnp,17,20,12,12,1.000000
bipartite_gnp,15,6,12,12,1.000000
bipartite_gnp,12,13,7,7,1.000000
bipartite_gnp,19,36,13,13,1.000000
bipartite_gnp,13,15,8,8,1.000000
bipartite_gnp,16,13,11,11,1.000000
bipartite_gnp,18,10,14,14,1.000000
bipartite_gnp,21,42,14,14,1.000000
bipartite_gnp,16,19,11,11,1.000000
bipartite_gnp,6,2,4,4,1.000000
bipartite_gnp,15,14,11,11,1.000000
bipartite_gnp,15,6,11,11,1.000000
bipartite_gnp,16,14,12,12,1.000000
bipartite_gnp,17,20,13,13,1.000000
bipartite_gnp,13,11,10,10,1.000000
bipartite_gnp,14,6,11,11,1.000000
bipartite_gnp,12,19,6,6,1.000000
bipartite_gnp,16,11,12,12,1.000000
bipartite_gnp,14,3,11,11,1.000000
bipartite_gnp,14,12,8,8,1.000000
bipartite_gnp,19,28,14,14,1.000000
bipartite_gnp,27,22,17,17,1.000000
bipartite_gnp,28,18,19,19,1.000000
bipartite_gnp,11,6,8,8,1.000000
bipartite_gnp,13,11,9,9,1.000000
bipartite_gnp,15,18,11,11,1.000000
bipartite_gnp,16,20,9,9,1.000000
bipartite_gnp,15,12,10,10,1.000000
bipartite_gnp,9,6,6,6,1.000000
bipartite_gnp,27,90,14,14,1.000000
bipartite_gnp,11,19,6,6,1.000000
bipartite_gnp,11,17,6,6,1.000000
bipartite_gnp,14,10,9,9,1.000000
bipartite_gnp,20,42,11,11,1.000000
bipartite_gnp,15,6,11,11,1.000000
bipartite_gnp,16,28,11,11,1.000000
bipartite_gnp,18,20,10,10,1.000000
bipartite_gnp,17,12,12,12,1.000000
bipartite_gnp,19,20,11,11,1.000000
bipartite_gnp,11,2,9,9,1.000000
bipartite_gnp,19,30,12,12,1.000000
bipartite_gnp,23,36,15,15,1.000000
bipartite_gnp,11,9,8,8,1.000000
bipartite_gnp,14,22,7,7,1.000000
bipartite_gnp,21,21,14,14,1.000000
bipartite_gnp,11,8,8,8,1.000000
bipartite_gnp,18,31,10,10,1.000000
bipartite_gnp,15,17,10,10,1.000000
bipartite_gnp,22,41,14,14,1.000000
bipartite_gnp,18,13,12,12,1.000000
bipartite_gnp,18,18,14,14,1.000000
bipartite_gnp,8,3,5,5,1.000000
bipartite_gnp,14,5,11,11,1.000000
bipartite_gnp,21,19,13,13,1.000000
bipartite_gnp,17,14,12,12,1.000000
bipartite_gnp,16,28,11,11,1.000000
bipartite_gnp,11,8,8,8,1.000000
bipartite_gnp,17,22,14,14,1.000000
bipartite_gnp,16,2,14,14,1.000000
bipartite_gnp,24,62,13,13,1.000000
bipartite_gnp,8,7,5,5,1.000000
bipartite_gnp,13,14,8,8,1.000000
bipartite_gnp,27,76,14,14,1.000000
bipartite_gnp,11,11,6,6,1.000000
bipartite_gnp,22,13,15,15,1.000000
bipartite_gnp,19,19,14,14,1.000000
bipartite_gnp,24,14,17,17,1.000000
bipartite_gnp,7,0,7,7,1.000000
bipartite_gnp,15,10,11,11,1.000000
bipartite_gnp,18,28,10,10,1.000000
bipartite_gnp,20,32,12,12,1.000000
bipartite_gnp,11,8,6,6,1.000000
bipartite_gnp,11,11,7,7,1.000000
bipartite_gnp,14,2,13,13,1.000000
bipartite_gnp,23,21,16,16,1.000000
bipartite_gnp,21,19,11,11,1.000000
bipartite_gnp,11,13,8,8,1.000000
bipartite_gnp,12,8,8,8,1.000000
bipartite_gnp,17,22,12,12,1.000000
bipartite_gnp,19,14,11,11,1.000000
bipartite_gnp,9,5,6,6,1.000000
bipartite_gnp,12,2,11,11,1.000000
bipartite_gnp,21,24,14,14,1.000000
bipartite_gnp,14,8,10,10,1.000000
bipartite_gnp,15,7,10,10,1.000000
bipartite_gnp,16,11,11,11,1.000000
bipartite_gnp,25,63,13,13,1.000000
bipartite_gnp,9,5,7,7,1.000000
bipartite_gnp,18,26,11,11,1.000000
bipartite_gnp,13,14,8,8,1.000000
bipartite_gnp,24,40,13,13,1.000000
bipartite_gnp,12,5,9,9,1.000000
bipartite_gnp,26,65,14,14,1.000000
bipartite_gnp,25,78,13,13,1.000000
bipartite_gnp,14,17,10,10,1.000000
bipartite_gnp,23,58,13,13,1.000000
bipartite_gnp,6,2,4,4,1.000000
bipartite_gnp,16,16,12,12,1.000000
bipartite_gnp,14,10,9,9,1.000000
bipartite_gnp,14,15,8,8,1.000000
bipartite_gnp,23,15,15,15,1.000000
bipartite_gnp,11,14,8,8,1.000000
bipartite_gnp,16,21,8,8,1.000000
bipartite_gnp,15,24,9,9,1.000000
bipartite_gnp,26,31,15,15,1.000000
bipartite_gnp,21,20,13,13,1.000000
bipartite_gnp,12,13,8,8,1.000000
bipartite_gnp,18,21,14,14,1.000000
bipartite_gnp,19,26,12,12,1.000000
bipartite_gnp,17,23,12,12,1.000000
bipartite_gnp,21,29,13,13,1.000000
bipartite_gnp,16,8,12,12,1.000000
bipartite_gnp,16,20,9,9,1.000000
bipartite_gnp,10,3,7,7,1.000000
bipartite_gnp,10,12,7,7,1.000000
bipartite_gnp,18,20,14,14,1.000000
bipartite_gnp,8,3,6,6,1.000000
bipartite_gnp,17,21,11,11,1.000000
bipartite_gnp,13,8,9,9,1.000000
bipartite_gnp,19,40,12,12,1.000000
bipartite_gnp,17,20,13,13,1.000000
bipartite_gnp,25,51,13,13,1.000000
bipartite_gnp,12,17,8,8,1.000000
bipartite_gnp,15,32,8,8,1.000000
bipartite_gnp,23,58,12,12,1.000000
bipartite_gnp,19,15,14,14,1.000000
bipartite_gnp,23,31,13,13,1.000000
bipartite_gnp,19,10,14,14,1.000000
bipartite_gnp,16,4,14,14,1.000000
bipartite_gnp,21,22,13,13,1.000000
bipartite_gnp,23,52,12,12,1.000000
bipartite_gnp,10,7,6,6,1.000000
bipartite_gnp,18,15,11,11,1.000000
bipartite_gnp,17,10,14,14,1.000000
bipartite_gnp,20,45,12,12,1.000000
bipartite_gnp,22,24,13,13,1.000000
bipartite_gnp,12,6,9,9,1.000000
bipartite_gnp,16,13,12,12,1.000000
bipartite_gnp,12,4,10,10,1.000000
bipartite_gnp,17,23,12,12,1.000000
bipartite_gnp,20,23,11,11,1.000000
bipartite_gnp,19,17,12,12,1.000000
bipartite_gnp,25,30,14,14,1.000000
bipartite_gnp,15,12,11,11,1.000000
bipartite_gnp,23,47,14,14,1.000000
bipartite_gnp,18,12,13,13,1.000000
bipartite_gnp,15,17,11,11,1.000000
bipartite_gnp,22,38,12,12,1.000000
bipartite_gnp,13,8,10,10,1.000000
bipartite_gnp,27,69,14,14,1.000000
bipartite_gnp,7,5,4,4,1.000000
bipartite_gnp,19,9,15,15,1.000000
bipartite_gnp,24,39,14,14,1.000000
bipartite_gnp,19,20,14,14,1.000000
bipartite_gnp,17,15,13,13,1.000000
bipartite_gnp,19,18,14,14,1.000000
bipartite_gnp,12,14,8,8,1.000000
bipartite_gnp,21,49,11,11,1.000000
bipartite_gnp,12,9,8,8,1.000000
bipartite_gnp,17,8,14,14,1.000000
bipartite_gnp,20,32,12,12,1.000000
bipartite_gnp,18,13,12,12,1.000000
bipartite_gnp,14,18,7,7,1.000000
bipartite_gnp,22,40,12,12,1.000000
bipartite_gnp,16,14,12,12,1.000000
bipartite_gnp,24,12,18,18,1.000000
bipartite_gnp,27,40,14,14,1.000000
bipartite_gnp,15,30,8,8,1.000000
bipartite_gnp,19,19,13,13,1.000000
bipartite_gnp,9,4,7,7,1.000000
bipartite_gnp,23,35,12,12,1.000000
bipartite_gnp,25,20,16,16,1.000000
bipartite_gnp,23,36,14,14,1.000000
bipartite_gnp,19,29,14,14,1.000000
bipartite_gnp,8,10,5,5,1.000000
bipartite_gnp,12,11,8,8,1.000000
bipartite_gnp,12,14,9,9,1.000000
bipartite_gnp,15,8,12,12,1.000000
bipartite_gnp,15,23,8,8,1.000000
bipartite_gnp,21,23,13,13,1.000000
bipartite_gnp,11,9,8,8,1.000000
bipartite_gnp,25,22,15,15,1.000000
bipartite_gnp,17,29,12,12,1.000000
bipartite_gnp,13,12,9,9,1.000000
bipartite_gnp,25,30,15,15,1.000000
bipartite_gnp,12,6,9,9,1.000000
bipartite_gnp,14,10,10,10,1.000000
bipartite_gnp,11,11,6,6,1.000000
bipartite_gnp,10,6,7,7,1.000000
bipartite_gnp,15,27,10,10,1.000000
bipartite_gnp,17,21,13,13,1.000000
bipartite_gnp,12,12,8,8,1.000000
bipartite_gnp,26,80,13,13,1.000000
bipartite_gnp,13,16,8,8,1.000000
bipartite_gnp,10,10,7,7,1.000000
bipartite_gnp,24,32,14,14,1.000000
bipartite_gnp,15,28,11,11,1.000000
bipartite_gnp,12,7,8,8,1.000000
bipartite_gnp,17,17,10,10,1.000000
bipartite_gnp,17,16,10,10,1.000000
bipartite_gnp,14,30,8,8,1.000000
bipartite_gnp,17,15,12,12,1.000000
bipartite_gnp,17,5,14,14,1.000000
bipartite_gnp,26,49,14,14,1.000000
bipartite_gnp,21,43,11,11,1.000000
bipartite_gnp,15,19,9,9,1.000000
bipartite_gnp,17,6,14,14,1.000000
bipartite_gnp,9,7,5,5,1.000000
bipartite_gnp,13,10,10,10,1.000000
bipartite_gnp,18,27,14,14,1.000000
bipartite_gnp,18,18,11,11,1.000000
bipartite_gnp,13,9,9,9,1.000000
bipartite_gnp,22,20,14,14,1.000000
bipartite_gnp,10,14,7,7,1.000000
bipartite_gnp,22,39,12,12,1.000000
bipartite_gnp,21,36,14,14,1.000000
bipartite_gnp,19,37,10,10,1.000000
bipartite_gnp,13,5,10,10,1.000000
bipartite_gnp,8,6,5,5,1.000000
bipartite_gnp,9,3,7,7,1.000000
bipartite_gnp,24,54,14,14,1.000000
bipartite_gnp,23,32,14,14,1.000000
bipartite_gnp,26,77,14,14,1.000000
bipartite_gnp,6,7,3,3,1.000000
bipartite_gnp,12,4,10,10,1.000000
bipartite_gnp,13,20,9,9,1.000000
bipartite_gnp,12,15,6,6,1.000000
bipartite_gnp,28,43,15,15,1.000000
bipartite_gnp,24,51,12,12,1.000000
bipartite_gnp,8,2,6,6,1.000000
bipartite_gnp,17,14,12,12,1.000000
bipartite_gnp,25,40,14,14,1.000000
bipartite_gnp,19,20,12,12,1.000000
bipartite_gnp,8,3,6,6,1.000000
bipartite_gnp,18,15,14,14,1.000000
bipartite_gnp,7,2,5,5,1.000000
bipartite_gnp,16,15,13,13,1.000000
bipartite_gnp,6,5,3,3,1.000000
bipartite_gnp,16,9,13,13,1.000000
bipartite_gnp,18,19,11,11,1.000000
bipartite_gnp,22,14,16,16,1.000000
bipartite_gnp,23,23,15,15,1.000000
bipartite_gnp,26,19,19,19,1.000000
bipartite_gnp,25,35,14,14,1.000000
bipartite_gnp,26,16,18,18,1.000000
bipartite_gnp,11,9,7,7,1.000000
bipartite_gnp,19,26,10,10,1.000000
bipartite_gnp,18,25,10,10,1.000000
bipartite_gnp,15,7,11,11,1.000000
bipartite_gnp,17,20,12,12,1.000000
bipartite_gnp,16,13,10,10,1.000000
bipartite_gnp,18,32,13,13,1.000000
bipartite_gnp,19,16,14,14,1.000000
bipartite_gnp,26,66,14,14,1.000000
bipartite_gnp,13,3,11,11,1.000000
bipartite_gnp,23,40,13,13,1.000000
bipartite_gnp,16,10,11,11,1.000000
bipartite_gnp,27,37,14,14,1.000000
bipartite_gnp,25,66,13,13,1.000000
bipartite_gnp,23,52,13,13,1.000000
bipartite_gnp,19,37,11,11,1.000000
bipartite_gnp,26,39,14,14,1.000000
bipartite_gnp,18,16,14,14,1.000000
bipartite_gnp,21,32,13,13,1.000000
bipartite_gnp,12,4,10,10,1.000000
bipartite_gnp,14,11,11,11,1.000000
bipartite_gnp,13,17,7,7,1.000000
bipartite_gnp,19,47,10,10,1.000000
bipartite_gnp,9,2,7,7,1.000000
bipartite_gnp,15,10,9,9,1.000000
bipartite_gnp,22,32,14,14,1.000000
bipartite_gnp,16,13,10,10,1.000000
bipartite_gnp,19,28,10,10,1.000000
bipartite_gnp,15,20,12,12,1.000000
bipartite_gnp,14,8,12,12,1.000000
bipartite_gnp,16,15,10,10,1.000000
bipartite_gnp,17,16,14,14,1.000000
bipartite_gnp,16,21,12,12,1.000000
bipartite_gnp,26,59,13,13,1.000000
bipartite_gnp,16,18,11,11,1.000000
bipartite_gnp,25,25,15,15,1.000000
bipartite_gnp,13,9,10,10,1.000000
bipartite_gnp,24,68,13,13,1.000000
bipartite_gnp,11,4,9,9,1.000000
bipartite_gnp,12,9,9,9,1.000000
bipartite_gnp,14,11,9,9,1.000000
bipartite_gnp,22,36,13,13,1.000000
bipartite_gnp,24,60,14,14,1.000000
bipartite_gnp,23,61,13,13,1.000000
bipartite_gnp,13,17,7,7,1.000000
bipartite_gnp,14,26,7,7,1.000000
bipartite_gnp,12,20,8,8,1.000000
bipartite_gnp,24,47,12,12,1.000000
bipartite_gnp,16,10,13,13,1.000000
bipartite_gnp,23,31,14,14,1.000000
bipartite_gnp,16,8,11,11,1.000000
bipartite_gnp,9,5,6,6,1.000000
bipartite_gnp,16,21,12,12,1.000000
bipartite_gnp,15,8,12,12,1.000000
bipartite_gnp,11,7,8,8,1.000000
bipartite_gnp,14,10,11,11,1.000000
bipartite_gnp,15,12,12,12,1.000000
bipartite_gnp,19,11,14,14,1.000000
bipartite_gnp,14,13,10,10,1.000000
bipartite_gnp,16,8,14,14,1.000000
bipartite_gnp,25,21,15,15,1.000000
bipartite_gnp,23,40,14,14,1.000000
bipartite_gnp,16,12,13,13,1.000000
bipartite_gnp,25,41,13,13,1.000000
bipartite_gnp,22,44,14,14,1.000000
bipartite_gnp,13,12,8,8,1.000000
bipartite_gnp,15,15,12,12,1.000000
bipartite_gnp,10,5,7,7,1.000000
bipartite_gnp,7,2,5,5,1.000000
bipartite_gnp,20,32,13,13,1.000000
bipartite_gnp,21,26,14,14,1.000000
bipartite_gnp,13,8,10,10,1.000000
bipartite_gnp,16,13,10,10,1.000000
bipartite_gnp,17,14,13,13,1.000000
bipartite_gnp,9,2,7,7,1.000000
bipartite_gnp,22,37,14,14,1.000000
bipartite_gnp,16,20,9,9,1.000000
bipartite_gnp,9,6,6,6,1.000000
bipartite_gnp,16,3,13,13,1.000000
bipartite_gnp,19,46,12,12,1.000000
bipartite_gnp,19,30,11,11,1.000000
bipartite_gnp,13,6,10,10,1.000000
bipartite_gnp,24,23,15,15,1.000000
bipartite_gnp,25,51,14,14,1.000000
bipartite_gnp,20,28,12,12,1.000000
bipartite_gnp,7,2,5,5,1.000000
bipartite_gnp,19,26,14,14,1.000000
bipartite_gnp,21,16,14,14,1.000000
bipartite_gnp,18,17,13,13,1.000000
bipartite_gnp,11,15,7,7,1.000000
bipartite_gnp,15,21,9,9,1.000000
bipartite_gnp,23,19,15,15,1.000000
bipartite_gnp,19,23,14,14,1.000000
bipartite_gnp,26,71,13,13,1.000000
bipartite_gnp,18,20,13,13,1.000000
bipartite_gnp,22,40,12,12,1.000000
bipartite_gnp,22,37,12,12,1.000000
bipartite_gnp,10,10,7,7,1.000000
bipartite_gnp,20,10,13,13,1.000000
bipartite_gnp,12,15,7,7,1.000000
bipartite_gnp,21,33,11,11,1.000000
bipartite_gnp,11,13,7,7,1.000000
bipartite_gnp,11,5,9,9,1.000000
bipartite_gnp,22,55,12,12,1.000000
bipartite_gnp,22,65,14,14,1.000000
bipartite_gnp,17,12,12,12,1.000000
bipartite_gnp,23,55,13,13,1.000000
bipartite_gnp,17,11,13,13,1.000000
bipartite_gnp,16,7,13,13,1.000000
bipartite_gnp,23,20,15,15,1.000000
bipartite_gnp,26,76,14,14,1.000000
bipartite_gnp,23,36,14,14,1.000000
bipartite_gnp,12,14,8,8,1.000000
bipartite_gnp,18,10,13,13,1.000000
bipartite_gnp,20,20,12,12,1.000000
bipartite_gnp,14,17,8,8,1.000000
bipartite_gnp,23,33,14,14,1.000000
bipartite_gnp,19,42,11,11,1.000000
bipartite_gnp,23,18,16,16,1.000000
bipartite_gnp,15,6,11,11,1.000000
bipartite_gnp,13,17,9,9,1.000000
bipartite_gnp,20,49,12,12,1.000000
bipartite_gnp,11,15,7,7,1.000000
bipartite_gnp,20,23,11,11,1.000000
bipartite_gnp,16,11,11,11,1.000000
bipartite_gnp,21,40,14,14,1.000000
bipartite_gnp,12,5,10,10,1.000000
bipartite_gnp,8,7,5,5,1.000000
bipartite_gnp,18,26,14,14,1.000000
bipartite_gnp,11,2,9,9,1.000000
bipartite_gnp,19,9,14,14,1.000000
bipartite_gnp,23,63,13,13,1.000000
bipartite_gnp,21,34,14,14,1.000000
bipartite_gnp,23,63,13,13,1.000000
bipartite_gnp,19,35,12,12,1.000000
bipartite_gnp,14,6,11,11,1.000000
bipartite_gnp,12,8,8,8,1.000000
bipartite_gnp,17,29,10,10,1.000000
bipartite_gnp,24,16,15,15,1.000000
bipartite_gnp,21,35,11,11,1.000000
bipartite_gnp,17,26,10,10,1.000000
bipartite_gnp,21,22,14,14,1.000000
bipartite_gnp,18,13,13,13,1.000000
bipartite_gnp,8,3,6,6,1.000000
bipartite_gnp,21,45,13,13,1.000000
bipartite_gnp,18,20,10,10,1.000000
bipartite_gnp,13,16,10,10,1.000000
bipartite_gnp,22,19,13,13,1.000000
bipartite_gnp,18,25,14,14,1.000000
bipartite_gnp,14,14,11,11,1.000000
bipartite_gnp,13,16,8,8,1.000000
bipartite_gnp,14,16,8,8,1.000000
bipartite_gnp,14,8,11,11,1.000000
bipartite_gnp,20,47,14,14,1.000000
bipartite_gnp,23,52,14,14,1.000000
bipartite_gnp,16,15,11,11,1.000000
bipartite_gnp,15,14,10,10,1.000000
bipartite_gnp,19,19,14,14,1.000000
bipartite_gnp,19,10,13,13,1.000000
bipartite_gnp,22,15,15,15,1.000000
bipartite_gnp,18,9,13,13,1.000000
bipartite_gnp,23,50,13,13,1.000000
bipartite_gnp,16,14,13,13,1.000000
bipartite_gnp,14,11,11,11,1.000000
bipartite_gnp,19,17,13,13,1.000000
bipartite_gnp,16,0,16,16,1.000000
bipartite_gnp,22,38,12,12,1.000000
bipartite_gnp,23,45,13,13,1.000000
bipartite_gnp,20,20,13,13,1.000000
bipartite_gnp,9,6,6,6,1.000000
bipartite_gnp,10,6,7,7,1.000000
bipartite_gnp,21,14,14,14,1.000000
bipartite_gnp,17,19,11,11,1.000000
bipartite_gnp,19,14,14,14,1.000000
bipartite_gnp,11,2,9,9,1.000000
bipartite_gnp,11,11,7,7,1.000000
bipartite_gnp,14,5,11,11,1.000000
bipartite_gnp,18,26,11,11,1.000000
bipartite_gnp,24,23,14,14,1.000000
bipartite_gnp,19,36,13,13,1.000000
bipartite_gnp,16,31,11,11,1.000000
bipartite_gnp,18,15,12,12,1.000000
bipartite_gnp,7,1,6,6,1.000000
bipartite_gnp,20,23,11,11,1.000000
bipartite_gnp,19,12,13,13,1.000000
bipartite_gnp,27,84,14,14,1.000000
bipartite_gnp,15,15,9,9,1.000000
bipartite_gnp,17,7,13,13,1.000000
bipartite_gnp,17,4,15,15,1.000000
bipartite_gnp,23,74,12,12,1.000000
bipartite_gnp,14,7,10,10,1.000000
bipartite_gnp,21,37,13,13,1.000000
bipartite_gnp,9,5,6,6,1.000000
bipartite_gnp,19,33,11,11,1.000000
bipartite_gnp,17,25,10,10,1.000000
bipartite_gnp,17,16,14,14,1.000000
bipartite_gnp,22,10,16,16,1.000000
bipartite_gnp,16,19,13,13,1.000000
bipartite_gnp,15,22,9,9,1.000000
bipartite_gnp,18,39,10,10,1.000000
bipartite_gnp,23,44,13,13,1.000000
bipartite_gnp,18,21,14,14,1.000000
bipartite_gnp,16,8,11,11,1.000000
bipartite_gnp,17,11,12,12,1.000000
bipartite_gnp,11,6,7,7,1.000000
bipartite_gnp,16,9,13,13,1.000000
bipartite_gnp,23,26,13,13,1.000000
bipartite_gnp,17,17,12,12,1.000000
bipartite_gnp,19,27,14,14,1.000000
bipartite_gnp,22,35,12,12,1.000000
bipartite_gnp,18,9,14,14,1.000000
bipartite_gnp,10,7,7,7,1.000000
bipartite_gnp,18,17,10,10,1.000000
bipartite_gnp,20,33,14,14,1.000000
bipartite_gnp,8,3,6,6,1.000000
bipartite_gnp,8,2,6,6,1.000000
bipartite_gnp,22,36,14,14,1.000000
bipartite_gnp,17,19,10,10,1.000000
bipartite_gnp,12,6,9,9,1.000000
bipartite_gnp,14,18,7,7,1.000000
bipartite_gnp,24,64,14,14,1.000000
bipartite_gnp,23,44,13,13,1.000000
bipartite_gnp,9,8,6,6,1.000000
bipartite_gnp,17,17,12,12,1.000000
bipartite_gnp,14,5,12,12,1.000000
bipartite_gnp,15,12,11,11,1.000000
bipartite_gnp,22,25,15,15,1.000000
bipartite_gnp,18,29,12,12,1.000000
bipartite_gnp,17,32,11,11,1.000000
bipartite_gnp,14,17,8,8,1.000000
bipartite_gnp,16,25,10,10,1.000000
bipartite_gnp,19,20,14,14,1.000000
bipartite_gnp,18,33,11,11,1.000000
bipartite_gnp,23,38,12,12,1.000000
bipartite_gnp,24,40,13,13,1.000000
bipartite_gnp,19,18,14,14,1.000000
bipartite_gnp,21,6,16,16,1.000000
bipartite_gnp,17,34,11,11,1.000000
bipartite_gnp,18,15,13,13,1.000000
bipartite_gnp,14,3,12,12,1.000000
bipartite_gnp,21,29,11,11,1.000000
bipartite_gnp,9,6,6,6,1.000000
bipartite_gnp,16,21,12,12,1.000000
bipartite_gnp,20,40,11,11,1.000000
bipartite_gnp,22,43,13,13,1.000000
bipartite_gnp,14,19,7,7,1.000000
bipartite_gnp,15,7,12,12,1.000000
bipartite_gnp,12,5,9,9,1.000000
bipartite_gnp,15,9,12,12,1.000000
bipartite_gnp,9,3,7,7,1.000000
bipartite_gnp,21,22,12,12,1.000000
bipartite_gnp,11,4,8,8,1.000000
bipartite_gnp,27,57,14,14,1.000000
bipartite_gnp,24,53,14,14,1.000000
bipartite_gnp,9,8,5,5,1.000000
bipartite_gnp,24,70,14,14,1.000000
bipartite_gnp,10,11,6,6,1.000000
bipartite_gnp,13,8,8,8,1.000000
bipartite_gnp,15,21,9,9,1.000000
bipartite_gnp,20,50,11,11,1.000000
bipartite_gnp,15,15,11,11,1.000000
bipartite_gnp,25,44,13,13,1.000000
bipartite_gnp,12,7,10,10,1.000000
bipartite_gnp,23,34,14,14,1.000000
bipartite_gnp,10,6,7,7,1.000000
bipartite_gnp,21,40,14,14,1.000000
bipartite_gnp,25,55,13,13,1.000000
bipartite_gnp,23,26,15,15,1.000000
bipartite_gnp,17,8,12,12,1.000000
bipartite_gnp,20,39,10,10,1.000000
bipartite_gnp,11,3,9,9,1.000000
bipartite_gnp,15,1,14,14,1.000000
bipartite_gnp,6,1,5,5,1.000000
bipartite_gnp,17,24,11,11,1.000000
bipartite_gnp,16,26,11,11,1.000000
bipartite_gnp,23,28,13,13,1.000000
bipartite_gnp,27,23,17,17,1.000000
bipartite_gnp,13,6,9,9,1.000000
bipartite_gnp,18,14,12,12,1.000000
bipartite_gnp,15,25,10,10,1.000000
bipartite_gnp,20,48,13,13,1.000000
bipartite_gnp,27,46,14,14,1.000000
bipartite_gnp,17,40,10,10,1.000000
bipartite_gnp,21,42,11,11,1.000000
bipartite_gnp,14,21,7,7,1.000000
bipartite_gnp,14,10,10,10,1.000000
bipartite_gnp,20,20,12,12,1.000000
bipartite_gnp,8,4,6,6,1.000000
bipartite_gnp,10,8,7,7,1.000000
bipartite_gnp,16,14,10,10,1.000000
bipartite_gnp,22,47,14,14,1.000000
bipartite_gnp,14,10,11,11,1.000000
bipartite_gnp,15,17,12,12,1.000000
bipartite_gnp,15,8,12,12,1.000000
bipartite_gnp,14,8,10,10,1.000000
bipartite_gnp,17,21,10,10,1.000000
bipartite_gnp,14,6,11,11,1.000000
bipartite_gnp,18,22,14,14,1.000000
bipartite_gnp,17,10,11,11,1.000000
bipartite_gnp,13,12,7,7,1.000000
bipartite_gnp,16,22,11,11,1.000000
bipartite_gnp,17,17,14,14,1.000000
bipartite_gnp,22,18,14,14,1.000000
bipartite_gnp,13,6,10,10,1.000000
bipartite_gnp,16,15,12,12,1.000000
bipartite_gnp,12,9,8,8,1.000000
bipartite_gnp,22,33,13,13,1.000000
bipartite_gnp,17,8,13,13,1.000000
bipartite_gnp,15,15,10,10,1.000000
bipartite_gnp,15,8,12,12,1.000000
bipartite_gnp,12,4,9,9,1.000000
bipartite_gnp,24,64,13,13,1.000000
bipartite_gnp,15,10,11,11,1.000000
bipartite_gnp,26,54,14,14,1.000000
bipartite_gnp,24,65,12,12,1.000000
bipartite_gnp,18,28,11,11,1.000000
bipartite_gnp,17,6,13,13,1.000000
bipartite_gnp,26,41,15,15,1.000000
bipartite_gnp,19,9,15,15,1.000000
bipartite_gnp,11,11,8,8,1.000000
bipartite_gnp,21,44,13,13,1.000000
bipartite_gnp,21,8,17,17,1.000000
bipartite_gnp,13,11,10,10,1.000000
bipartite_gnp,21,40,11,11,1.000000
bipartite_gnp,10,16,5,5,1.000000
bipartite_gnp,24,56,14,14,1.000000
bipartite_gnp,8,10,5,5,1.000000
bipartite_gnp,18,22,12,12,1.000000
bipartite_gnp,18,27,13,13,1.000000
bipartite_gnp,15,13,10,10,1.000000
bipartite_gnp,25,68,13,13,1.000000
bipartite_gnp,16,8,13,13,1.000000
bipartite_gnp,22,31,12,12,1.000000
bipartite_gnp,15,24,9,9,1.000000
bipartite_gnp,15,9,10,10,1.000000
bipartite_gnp,23,41,13,13,1.000000
bipartite_gnp,15,21,12,12,1.000000
bipartite_gnp,13,7,9,9,1.000000
bipartite_gnp,18,21,10,10,1.000000
bipartite_gnp,19,7,14,14,1.000000
bipartite_gnp,16,12,11,11,1.000000
bipartite_gnp,17,29,12,12,1.000000
bipartite_gnp,19,16,11,11,1.000000
bipartite_gnp,15,3,13,13,1.000000
bipartite_gnp,14,4,10,10,1.000000
bipartite_gnp,16,27,12,12,1.000000
bipartite_gnp,17,8,13,13,1.000000
bipartite_gnp,25,38,15,15,1.000000
bipartite_gnp,17,11,13,13,1.000000
bipartite_gnp,16,11,11,11,1.000000
bipartite_gnp,23,17,14,14,1.000000
bipartite_gnp,17,11,12,12,1.000000
bipartite_gnp,8,8,5,5,1.000000
bipartite_gnp,24,29,14,14,1.000000
bipartite_gnp,18,38,12,12,1.000000
bipartite_gnp,19,20,11,11,1.000000
bipartite_gnp,13,7,10,10,1.000000
bipartite_gnp,14,18,8,8,1.000000
bipartite_gnp,18,25,10,10,1.000000
bipartite_gnp,15,9,11,11,1.000000
bipartite_gnp,14,11,11,11,1.000000
bipartite_gnp,17,16,10,10,1.000000
bipartite_gnp,17,25,10,10,1.000000
bipartite_gnp,9,7,5,5,1.000000
bipartite_gnp,22,50,11,11,1.000000
bipartite_gnp,16,16,10,10,1.000000
bipartite_gnp,16,23,10,10,1.000000
bipartite_gnp,22,56,11,11,1.000000
bipartite_gnp,23,32,14,14,1.000000
bipartite_gnp,21,29,12,12,1.000000
bipartite_gnp,23,60,12,12,1.000000
bipartite_gnp,20,19,13,13,1.000000
bipartite_gnp,11,2,9,9,1.000000
bipartite_gnp,19,18,11,11,1.000000
bipartite_gnp,17,29,10,10,1.000000
bipartite_gnp,12,2,10,10,1.000000
bipartite_gnp,22,34,14,14,1.000000
bipartite_gnp,18,26,11,11,1.000000
bipartite_gnp,21,21,14,14,1.000000
bipartite_gnp,24,36,14,14,1.000000
bipartite_gnp,18,26,14,14,1.000000
bipartite_gnp,13,11,8,8,1.000000
bipartite_gnp,17,14,13,13,1.000000
bipartite_gnp,14,14,9,9,1.000000
bipartite_gnp,14,11,11,11,1.000000
bipartite_gnp,22,19,14,14,1.000000
bipartite_gnp,19,17,11,11,1.000000
bipartite_gnp,13,13,9,9,1.000000
bipartite_gnp,23,14,17,17,1.000000
bipartite_gnp,20,35,13,13,1.000000
bipartite_gnp,11,10,7,7,1.000000
bipartite_gnp,25,23,15,15,1.000000
bipartite_gnp,20,20,14,14,1.000000
bipartite_gnp,19,11,12,12,1.000000
bipartite_gnp,15,23,8,8,1.000000
bipartite_gnp,24,34,13,13,1.000000
bipartite_gnp,18,21,9,9,1.000000
bipartite_gnp,17,23,10,10,1.000000
bipartite_gnp,15,2,13,13,1.000000
bipartite_gnp,15,5,11,11,1.000000
bipartite_gnp,11,14,6,6,1.000000
bipartite_gnp,13,13,9,9,1.000000
bipartite_gnp,25,37,15,15,1.000000
bipartite_gnp,14,16,7,7,1.000000
bipartite_gnp,14,21,9,9,1.000000
bipartite_gnp,17,2,15,15,1.000000
bipartite_gnp,13,5,9,9,1.000000
bipartite_gnp,10,11,6,6,1.000000
bipartite_gnp,14,11,9,9,1.000000
bipartite_gnp,20,41,12,12,1.000000
bipartite_gnp,14,24,10,10,1.000000
bipartite_gnp,23,36,14,14,1.000000
bipartite_gnp,14,12,9,9,1.000000
bipartite_gnp,17,9,12,12,1.000000
bipartite_gnp,23,11,17,17,1.000000
bipartite_gnp,17,18,11,11,1.000000
bipartite_gnp,17,16,11,11,1.000000
bipartite_gnp,19,8,14,14,1.000000
bipartite_gnp,13,8,10,10,1.000000
bipartite_gnp,9,11,5,5,1.000000
bipartite_gnp,12,15,8,8,1.000000
bipartite_gnp,19,26,12,12,1.000000
bipartite_gnp,14,7,10,10,1.000000
bipartite_gnp,19,28,13,13,1.000000
bipartite_gnp,11,6,7,7,1.000000
bipartite_gnp,23,52,14,14,1.000000
bipartite_gnp,18,33,12,12,1.000000
bipartite_gnp,18,17,13,13,1.000000
bipartite_gnp,8,4,6,6,1.000000
bipartite_gnp,26,82,14,14,1.000000
bipartite_gnp,14,14,9,9,1.000000
bipartite_gnp,26,95,13,13,1.000000
bipartite_gnp,9,6,6,6,1.000000
bipartite_gnp,20,30,13,13,1.000000
bipartite_gnp,13,10,8,8,1.000000
bipartite_gnp,20,21,12,12,1.000000
bipartite_gnp,16,10,12,12,1.000000
bipartite_gnp,26,38,15,15,1.000000
bipartite_gnp,19,42,12,12,1.000000
bipartite_gnp,26,63,13,13,1.000000
bipartite_gnp,15,8,11,11,1.000000
bipartite_gnp,8,0,8,8,1.000000
bipartite_gnp,22,49,11,11,1.000000
bipartite_gnp,23,9,18,18,1.000000
bipartite_gnp,10,12,7,7,1.000000
bipartite_gnp,9,9,5,5,1.000000
bipartite_gnp,10,4,8,8,1.000000
bipartite_gnp,22,33,12,12,1.000000
bipartite_gnp,6,1,5,5,1.000000
bipartite_gnp,15,9,9,9,1.000000
bipartite_gnp,23,62,14,14,1.000000
bipartite_gnp,10,3,8,8,1.000000
bipartite_gnp,27,41,14,14,1.000000
bipartite_gnp,11,7,7,7,1.000000
bipartite_gnp,17,25,9,9,1.000000
bipartite_gnp,18,30,12,12,1.000000
bipartite_gnp,15,14,12,12,1.000000
bipartite_gnp,16,25,9,9,1.000000
bipartite_gnp,19,11,15,15,1.000000
bipartite_gnp,24,65,13,13,1.000000
bipartite_gnp,14,16,10,10,1.000000
bipartite_gnp,10,6,7,7,1.000000
bipartite_gnp,10,6,7,7,1.000000
bipartite_gnp,23,30,15,15,1.000000
bipartite_gnp,11,3,10,10,1.000000
bipartite_gnp,16,19,11,11,1.000000
bipartite_gnp,17,10,13,13,1.000000
bipartite_gnp,10,6,7,7,1.000000
bipartite_gnp,13,15,8,8,1.000000
bipartite_gnp,20,32,14,14,1.000000
bipartite_gnp,9,4,7,7,1.000000
bipartite_gnp,16,8,11,11,1.000000
bipartite_gnp,17,12,12,12,1.000000
bipartite_gnp,21,43,14,14,1.000000
bipartite_gnp,19,27,11,11,1.000000
bipartite_gnp,18,17,12,12,1.000000
bipartite_gnp,18,31,14,14,1.000000
bipartite_gnp,13,10,8,8,1.000000
bipartite_gnp,15,18,12,12,1.000000
bipartite_gnp,10,5,7,7,1.000000
bipartite_gnp,17,3,15,15,1.000000
bipartite_gnp,20,19,12,12,1.000000
bipartite_gnp,16,16,9,9,1.000000
bipartite_gnp,10,12,5,5,1.000000
bipartite_gnp,19,25,10,10,1.000000
bipartite_gnp,16,26,8,8,1.000000
bipartite_gnp,12,12,7,7,1.000000
bipartite_gnp,18,7,13,13,1.000000
bipartite_gnp,13,5,10,10,1.000000
bipartite_gnp,17,20,10,10,1.000000
bipartite_gnp,10,6,6,6,1.000000
bipartite_gnp,15,16,12,12,1.000000
bipartite_gnp,11,9,7,7,1.000000
bipartite_gnp,19,39,12,12,1.000000
bipartite_gnp,21,24,14,14,1.000000
bipartite_gnp,28,30,17,17,1.000000
bipartite_gnp,20,35,11,11,1.000000
bipartite_gnp,9,7,5,5,1.000000
bipartite_gnp,18,20,12,12,1.000000
bipartite_gnp,14,18,9,9,1.000000
bipartite_gnp,18,27,10,10,1.000000
bipartite_gnp,20,21,14,14,1.000000
bipartite_gnp,20,30,10,10,1.000000
bipartite_gnp,17,18,14,14,1.000000
bipartite_gnp,19,23,11,11,1.000000
bipartite_gnp,17,17,10,10,1.000000
bipartite_gnp,24,73,12,12,1.000000
bipartite_gnp,26,82,13,13,1.000000
bipartite_gnp,19,11,14,14,1.000000
bipartite_gnp,24,59,14,14,1.000000
bipartite_gnp,15,16,11,11,1.000000
bipartite_gnp,18,25,13,13,1.000000
bipartite_gnp,20,26,11,11,1.000000
bipartite_gnp,15,9,12,12,1.000000
bipartite_gnp,17,12,11,11,1.000000
bipartite_gnp,16,34,8,8,1.000000
bipartite_gnp,17,29,10,10,1.000000
bipartite_gnp,22,43,11,11,1.000000
bipartite_gnp,8,2,6,6,1.000000
bipartite_gnp,14,7,11,11,1.000000
bipartite_gnp,17,17,12,12,1.000000
bipartite_gnp,18,6,14,14,1.000000
bipartite_gnp,17,20,11,11,1.000000
bipartite_gnp,14,20,9,9,1.000000
bipartite_gnp,8,2,7,7,1.000000
bipartite_gnp,17,24,13,13,1.000000
bipartite_gnp,22,37,12,12,1.000000
bipartite_gnp,15,5,12,12,1.000000
bipartite_gnp,20,31,11,11,1.000000
bipartite_gnp,19,32,12,12,1.000000
bipartite_gnp,26,21,17,17,1.000000
bipartite_gnp,19,12,14,14,1.000000
bipartite_gnp,17,11,14,14,1.000000
bipartite_gnp,13,22,8,8,1.000000
bipartite_gnp,17,10,13,13,1.000000
bipartite_gnp,9,9,6,6,1.000000
bipartite_gnp,18,22,11,11,1.000000
bipartite_gnp,17,31,9,9,1.000000
bipartite_gnp,14,5,11,11,1.000000
bipartite_gnp,17,8,14,14,1.000000
bipartite_gnp,15,16,9,9,1.000000
bipartite_gnp,15,18,11,11,1.000000
bipartite_gnp,16,2,14,14,1.000000
bipartite_gnp,17,12,12,12,1.000000
bipartite_gnp,14,13,8,8,1.000000
bipartite_gnp,15,6,12,12,1.000000
bipartite_gnp,13,12,8,8,1.000000
bipartite_gnp,15,12,12,12,1.000000
bipartite_gnp,11,5,8,8,1.000000
bipartite_gnp,15,17,8,8,1.000000
bipartite_gnp,16,21,9,9,1.000000
bipartite_gnp,17,22,13,13,1.000000
bipartite_gnp,19,20,14,14,1.000000
bipartite_gnp,15,25,9,9,1.000000
bipartite_gnp,10,3,8,8,1.000000
bipartite_gnp,18,16,12,12,1.000000
bipartite_gnp,15,25,10,10,1.000000
bipartite_gnp,18,29,11,11,1.000000
bipartite_gnp,24,34,13,13,1.000000
bipartite_gnp,8,2,7,7,1.000000
bipartite_gnp,24,67,14,14,1.000000
bipartite_gnp,9,6,6,6,1.000000
bipartite_gnp,18,42,9,9,1.000000
bipartite_gnp,13,11,8,8,1.000000
bipartite_gnp,28,82,14,14,1.000000
bipartite_gnp,15,29,8,8,1.000000
bipartite_gnp,26,17,19,19,1.000000
bipartite_gnp,17,27,10,10,1.000000
bipartite_gnp,17,17,14,14,1.000000
bipartite_gnp,12,2,11,11,1.000000
bipartite_gnp,13,20,7,7,1.000000
bipartite_gnp,7,4,5,5,1.000000
bipartite_gnp,13,7,9,9,1.000000
bipartite_gnp,12,13,7,7,1.000000
bipartite_gnp,14,6,10,10,1.000000
bipartite_gnp,22,18,13,13,1.000000
bipartite_gnp,20,24,12,12,1.000000
bipartite_gnp,10,8,6,6,1.000000
bipartite_gnp,11,3,9,9,1.000000
bipartite_gnp,20,19,12,12,1.000000
bipartite_gnp,25,11,19,19,1.000000
bipartite_gnp,18,23,11,11,1.000000
bipartite_gnp,16,30,10,10,1.000000
bipartite_gnp,21,48,11,11,1.000000
bipartite_gnp,22,19,15,15,1.000000
bipartite_gnp,17,25,13,13,1.000000
bipartite_gnp,17,1,16,16,1.000000
bipartite_gnp,16,4,14,14,1.000000
bipartite_gnp,8,4,5,5,1.000000
bipartite_gnp,19,25,13,13,1.000000
bipartite_gnp,14,15,9,9,1.000000
bipartite_gnp,9,7,5,5,1.000000
bipartite_gnp,17,12,11,11,1.000000
bipartite_gnp,21,26,13,13,1.000000
bipartite_gnp,17,20,9,9,1.000000
bipartite_gnp,16,18,12,12,1.000000
bipartite_gnp,25,83,14,14,1.000000
bipartite_gnp,20,28,14,14,1.000000
bipartite_gnp,15,18,8,8,1.000000
bipartite_gnp,19,27,14,14,1.000000
bipartite_gnp,16,13,10,10,1.000000
bipartite_gnp,19,32,12,12,1.000000
bipartite_gnp,17,11,11,11,1.000000
bipartite_gnp,13,21,9,9,1.000000
bipartite_gnp,12,16,6,6,1.000000
bipartite_gnp,14,11,11,11,1.000000
bipartite_gnp,15,20,8,8,1.000000
bipartite_gnp,16,9,12,12,1.000000
bipartite_gnp,13,13,10,10,1.000000
bipartite_gnp,25,18,15,15,1.000000
bipartite_gnp,12,8,9,9,1.000000
bipartite_gnp,19,22,11,11,1.000000
bipartite_gnp,19,42,10,10,1.000000
bipartite_gnp,15,7,12,12,1.000000
bipartite_gnp,12,9,8,8,1.000000
bipartite_gnp,15,15,8,8,1.000000
bipartite_gnp,13,18,7,7,1.000000
bipartite_gnp,17,12,12,12,1.000000
bipartite_gnp,19,36,14,14,1.000000
bipartite_gnp,15,19,12,12,1.000000
bipartite_gnp,19,7,14,14,1.000000
bipartite_gnp,19,47,10,10,1.000000
bipartite_gnp,22,17,16,16,1.000000
bipartite_gnp,23,39,12,12,1.000000
bipartite_gnp,14,11,9,9,1.000000
bipartite_gnp,22,47,12,12,1.000000
bipartite_gnp,23,20,14,14,1.000000
bipartite_gnp,16,20,12,12,1.000000
bipartite_gnp,16,25,10,10,1.000000
bipartite_gnp,15,13,12,12,1.000000
bipartite_gnp,18,10,14,14,1.000000
bipartite_gnp,27,56,14,14,1.000000
bipartite_gnp,21,52,14,14,1.000000
bipartite_gnp,21,60,11,11,1.000000
bipartite_gnp,11,5,8,8,1.000000
bipartite_gnp,15,24,11,11,1.000000
bipartite_gnp,19,22,13,13,1.000000
bipartite_gnp,24,69,13,13,1.000000
bipartite_gnp,22,59,12,12,1.000000
bipartite_gnp,25,54,14,14,1.000000
bipartite_gnp,18,20,14,14,1.000000
bipartite_gnp,10,3,8,8,1.000000
bipartite_gnp,16,10,13,13,1.000000
bipartite_gnp,28,63,15,15,1.000000
bipartite_gnp,17,31,13,13,1.000000
bipartite_gnp,12,10,7,7,1.000000
bipartite_gnp,10,11,6,6,1.000000
bipartite_gnp,10,7,7,7,1.000000
bipartite_gnp,16,15,11,11,1.000000
bipartite_gnp,23,18,14,14,1.000000
bipartite_gnp,17,10,14,14,1.000000
bipartite_gnp,20,11,14,14,1.000000
bipartite_gnp,23,69,12,12,1.000000
bipartite_gnp,10,9,7,7,1.000000
bipartite_gnp,16,5,13,13,1.000000
bipartite_gnp,16,22,11,11,1.000000
bipartite_gnp,26,59,14,14,1.000000
bipartite_gnp,14,18,9,9,1.000000
bipartite_gnp,17,11,13,13,1.000000
bipartite_gnp,14,12,11,11,1.000000
bipartite_gnp,10,15,7,7,1.000000
bipartite_gnp,26,28,16,16,1.000000
bipartite_gnp,15,11,12,12,1.000000
bipartite_gnp,20,11,15,15,1.000000
bipartite_gnp,12,13,7,7,1.000000
bipartite_gnp,14,19,9,9,1.000000
bipartite_gnp,22,62,11,11,1.000000
bipartite_gnp,25,26,14,14,1.000000
bipartite_gnp,18,26,12,12,1.000000
bipartite_gnp,9,2,7,7,1.000000
bipartite_gnp,19,17,12,12,1.000000
bipartite_gnp,25,25,16,16,1.000000
bipartite_gnp,17,11,14,14,1.000000
bipartite_gnp,11,3,9,9,1.000000
bipartite_gnp,21,54,14,14,1.000000
bipartite_gnp,13,5,10,10,1.000000
bipartite_gnp,17,11,14,14,1.000000
bipartite_gnp,14,17,9,9,1.000000
bipartite_gnp,24,41,14,14,1.000000
bipartite_gnp,21,54,11,11,1.000000
bipartite_gnp,21,29,12,12,1.000000
bipartite_gnp,16,21,9,9,1.000000
bipartite_gnp,17,31,11,11,1.000000
bipartite_gnp,23,12,17,17,1.000000
bipartite_gnp,20,19,13,13,1.000000
bipartite_gnp,20,25,11,11,1.000000
bipartite_gnp,20,11,14,14,1.000000
bipartite_gnp,14,19,8,8,1.000000
bipartite_gnp,19,13,14,14,1.000000
bipartite_gnp,24,52,12,12,1.000000
bipartite_gnp,23,12,17,17,1.000000
bipartite_gnp,17,14,13,13,1.000000
bipartite_gnp,20,48,13,13,1.000000
bipartite_gnp,20,18,12,12,1.000000
bipartite_gnp,19,23,13,13,1.000000
bipartite_gnp,15,11,11,11,1.000000
bipartite_gnp,17,27,10,10,1.000000
bipartite_gnp,19,13,14,14,1.000000
bipartite_gnp,15,14,9,9,1.000000
bipartite_gnp,18,17,11,11,1.000000
bipartite_gnp,20,16,14,14,1.000000
bipartite_gnp,18,11,13,13,1.000000
bipartite_gnp,11,13,7,7,1.000000
bipartite_gnp,9,1,8,8,1.000000
bipartite_gnp,26,85,14,14,1.000000
bipartite_gnp,10,9,7,7,1.000000
bipartite_gnp,26,67,14,14,1.000000
bipartite_gnp,17,18,14,14,1.000000
bipartite_gnp,11,3,9,9,1.000000
bipartite_gnp,26,85,14,14,1.000000
bipartite_gnp,24,44,14,14,1.000000
bipartite_gnp,15,2,14,14,1.000000
bipartite_gnp,25,55,13,13,1.000000
bipartite_gnp,7,2,6,6,1.000000
bipartite_gnp,17,9,14,14,1.000000
bipartite_gnp,21,13,14,14,1.000000
bipartite_gnp,17,18,14,14,1.000000
bipartite_gnp,25,20,16,16,1.000000
bipartite_gnp,18,7,14,14,1.000000
bipartite_gnp,15,16,10,10,1.000000
bipartite_gnp,18,21,12,12,1.000000
bipartite_gnp,20,23,11,11,1.000000
bipartite_gnp,14,16,11,11,1.000000
bipartite_gnp,17,16,11,11,1.000000
bipartite_gnp,23,28,14,14,1.000000
bipartite_gnp,23,14,16,16,1.000000
bipartite_gnp,17,24,10,10,1.000000
bipartite_gnp,19,33,12,12,1.000000
bipartite_gnp,17,17,13,13,1.000000
bipartite_gnp,15,9,11,11,1.000000
bipartite_gnp,23,72,14,14,1.000000
bipartite_gnp,18,32,13,13,1.000000
bipartite_gnp,11,4,9,9,1.000000
bipartite_gnp,25,42,14,14,1.000000
bipartite_gnp,27,52,14,14,1.000000
bipartite_gnp,26,23,16,16,1.000000
bipartite_gnp,16,8,13,13,1.000000
bipartite_gnp,13,6,11,11,1.000000
bipartite_gnp,19,23,14,14,1.000000
bipartite_gnp,21,21,14,14,1.000000
bipartite_gnp,7,6,4,4,1.000000
bipartite_gnp,11,3,10,10,1.000000
bipartite_gnp,14,13,10,10,1.000000
bipartite_gnp,16,20,10,10,1.000000
bipartite_gnp,19,12,13,13,1.000000
bipartite_gnp,19,28,11,11,1.000000
bipartite_gnp,24,10,18,18,1.000000
bipartite_gnp,17,9,13,13,1.000000
bipartite_gnp,7,5,5,5,1.000000
bipartite_gnp,14,16,10,10,1.000000
bipartite_gnp,10,7,7,7,1.000000
bipartite_gnp,26,79,14,14,1.000000
bipartite_gnp,11,2,9,9,1.000000
bipartite_gnp,12,8,8,8,1.000000
bipartite_gnp,25,47,13,13,1.000000
bipartite_gnp,12,12,9,9,1.000000
bipartite_gnp,18,9,13,13,1.000000
bipartite_gnp,21,49,11,11,1.000000
bipartite_gnp,22,55,13,13,1.000000
bipartite_gnp,18,17,14,14,1.000000
bipartite_gnp,24,42,13,13,1.000000
bipartite_gnp,21,17,14,14,1.000000
bipartite_gnp,12,16,7,7,1.000000
bipartite_gnp,22,40,14,14,1.000000
bipartite_gnp,7,4,5,5,1.000000
bipartite_gnp,7,6,4,4,1.000000
bipartite_gnp,20,27,12,12,1.000000
bipartite_gnp,12,9,9,9,1.000000
bipartite_gnp,19,25,10,10,1.000000
bipartite_gnp,12,10,8,8,1.000000
bipartite_gnp,10,7,7,7,1.000000
bipartite_gnp,11,2,9,9,1.000000
bipartite_gnp,11,4,9,9,1.000000
bipartite_gnp,17,19,13,13,1.000000
bipartite_gnp,12,15,7,7,1.000000
bipartite_gnp,16,20,10,10,1.000000
bipartite_gnp,22,56,11,11,1.000000
bipartite_gnp,14,10,10,10,1.000000
bipartite_gnp,25,71,14,14,1.000000
bipartite_gnp,10,10,6,6,1.000000
bipartite_gnp,19,29,11,11,1.000000
bipartite_gnp,17,11,13,13,1.000000
bipartite_gnp,24,12,17,17,1.000000
bipartite_gnp,12,7,8,8,1.000000
bipartite_gnp,14,21,8,8,1.000000
bipartite_gnp,14,10,9,9,1.000000
bipartite_gnp,22,23,14,14,1.000000
bipartite_gnp,22,27,13,13,1.000000
bipartite_gnp,10,4,7,7,1.000000
bipartite_gnp,13,12,7,7,1.000000
bipartite_gnp,20,17,14,14,1.000000
bipartite_gnp,27,74,14,14,1.000000
bipartite_gnp,15,23,8,8,1.000000
bipartite_gnp,21,35,14,14,1.000000
bipartite_gnp,20,10,15,15,1.000000
bipartite_gnp,10,10,7,7,1.000000
bipartite_gnp,16,12,13,13,1.000000
bipartite_gnp,15,17,11,11,1.000000
bipartite_gnp,24,64,13,13,1.000000
bipartite_gnp,11,7,8,8,1.000000
bipartite_gnp,17,8,13,13,1.000000
bipartite_gnp,28,68,14,14,1.000000
bipartite_gnp,16,22,12,12,1.000000
bipartite_gnp,16,23,10,10,1.000000
bipartite_gnp,10,3,8,8,1.000000
bipartite_gnp,25,44,14,14,1.000000
bipartite_gnp,17,30,9,9,1.000000
bipartite_gnp,16,18,13,13,1.000000
bipartite_gnp,16,14,13,13,1.000000
bipartite_gnp,17,30,11,11,1.000000
bipartite_gnp,26,66,14,14,1.000000
bipartite_gnp,22,30,12,12,1.000000
bipartite_gnp,19,12,14,14,1.000000
bipartite_gnp,15,5,12,12,1.000000
bipartite_gnp,16,15,12,12,1.000000
bipartite_gnp,18,7,14,14,1.000000
bipartite_gnp,17,9,14,14,1.000000
bipartite_gnp,10,3,8,8,1.000000
bipartite_gnp,17,13,13,13,1.000000
bipartite_gnp,18,6,15,15,1.000000
bipartite_gnp,14,17,10,10,1.000000
bipartite_gnp,26,48,14,14,1.000000
bipartite_gnp,9,8,5,5,1.000000
bipartite_gnp,19,37,13,13,1.000000
bipartite_gnp,14,6,9,9,1.000000
bipartite_gnp,16,19,11,11,1.000000
bipartite_gnp,18,10,14,14,1.000000
bipartite_gnp,26,27,15,15,1.000000
bipartite_gnp,20,22,12,12,1.000000
bipartite_gnp,15,10,12,12,1.000000
bipartite_gnp,16,7,13,13,1.000000
bipartite_gnp,21,49,11,11,1.000000
bipartite_gnp,16,12,13,13,1.000000
bipartite_gnp,21,35,13,13,1.000000
bipartite_gnp,11,6,8,8,1.000000
bipartite_gnp,19,28,14,14,1.000000
bipartite_gnp,9,10,5,5,1.000000
bipartite_gnp,25,39,14,14,1.000000
bipartite_gnp,23,26,14,14,1.000000
bipartite_gnp,17,22,10,10,1.000000
bipartite_gnp,23,40,13,13,1.000000
bipartite_gnp,25,63,13,13,1.000000
bipartite_gnp,11,2,10,10,1.000000
bipartite_gnp,22,38,14,14,1.000000
bipartite_gnp,15,16,9,9,1.000000
bipartite_gnp,28,34,15,15,1.000000
bipartite_gnp,13,7,9,9,1.000000
bipartite_gnp,20,30,12,12,1.000000
bipartite_gnp,23,36,14,14,1.000000
bipartite_gnp,13,7,9,9,1.000000
bipartite_gnp,10,11,6,6,1.000000
bipartite_gnp,17,4,13,13,1.000000
bipartite_gnp,14,5,12,12,1.000000
bipartite_gnp,18,8,13,13,1.000000
bipartite_gnp,20,12,15,15,1.000000
bipartite_gnp,20,27,12,12,1.000000
bipartite_gnp,9,10,5,5,1.000000
bipartite_gnp,18,19,11,11,1.000000
bipartite_gnp,9,5,6,6,1.000000
bipartite_gnp,20,41,13,13,1.000000
bipartite_gnp,11,8,8,8,1.000000
bipartite_gnp,17,16,12,12,1.000000
bipartite_gnp,13,7,9,9,1.000000
bipartite_gnp,17,20,13,13,1.000000
bipartite_gnp,24,50,13,13,1.000000
bipartite_gnp,16,25,10,10,1.000000
bipartite_gnp,14,9,10,10,1.000000
bipartite_gnp,16,13,10,10,1.000000
bipartite_gnp,20,40,12,12,1.000000
bipartite_gnp,27,92,14,14,1.000000
bipartite_gnp,8,2,7,7,1.000000
bipartite_gnp,17,14,12,12,1.000000
bipartite_gnp,15,7,10,10,1.000000
bipartite_gnp,11,4,9,9,1.000000
bipartite_gnp,8,3,6,6,1.000000
bipartite_gnp,19,32,11,11,1.000000
bipartite_gnp,19,40,11,11,1.000000
bipartite_gnp,20,29,14,14,1.000000
bipartite_gnp,14,4,12,12,1.000000
bipartite_gnp,20,36,13,13,1.000000
bipartite_gnp,22,39,14,14,1.000000
bipartite_gnp,13,11,8,8,1.000000
bipartite_gnp,16,16,10,10,1.000000
bipartite_gnp,15,8,12,12,1.000000
bipartite_gnp,20,26,13,13,1.000000
bipartite_gnp,24,57,13,13,1.000000
bipartite_gnp,20,40,14,14,1.000000
bipartite_gnp,10,10,7,7,1.000000
bipartite_gnp,21,52,14,14,1.000000
bipartite_gnp,12,9,9,9,1.000000
bipartite_gnp,20,13,14,14,1.000000
bipartite_gnp,13,11,9,9,1.000000
bipartite_gnp,13,12,8,8,1.000000
bipartite_gnp,11,16,7,7,1.000000
bipartite_gnp,20,39,10,10,1.000000
bipartite_gnp,24,68,14,14,1.000000
bipartite_gnp,18,25,13,13,1.000000
bipartite_gnp,21,27,13,13,1.000000
bipartite_gnp,24,35,13,13,1.000000
bipartite_gnp,20,12,15,15,1.000000
bipartite_gnp,16,17,11,11,1.000000
bipartite_gnp,15,19,9,9,1.000000
bipartite_gnp,17,16,11,11,1.000000
bipartite_gnp,11,9,8,8,1.000000
bipartite_gnp,16,26,10,10,1.000000
bipartite_gnp,16,29,9,9,1.000000
bipartite_gnp,14,18,8,8,1.000000
bipartite_gnp,11,11,8,8,1.000000
bipartite_gnp,13,8,10,10,1.000000
bipartite_gnp,20,28,12,12,1.000000
bipartite_gnp,12,8,8,8,1.000000
bipartite_gnp,11,6,8,8,1.000000
bipartite_gnp,14,13,9,9,1.000000
bipartite_gnp,17,19,10,10,1.000000
bipartite_gnp,18,14,12,12,1.000000
bipartite_gnp,14,22,8,8,1.000000
bipartite_gnp,12,14,9,9,1.000000
bipartite_gnp,8,4,6,6,1.000000
bipartite_gnp,10,6,8,8,1.000000
bipartite_gnp,19,32,12,12,1.000000
bipartite_gnp,17,39,10,10,1.000000
bipartite_gnp,14,17,9,9,1.000000
bipartite_gnp,14,23,9,9,1.000000
bipartite_gnp,12,12,7,7,1.000000
bipartite_gnp,14,10,9,9,1.000000
bipartite_gnp,22,41,11,11,1.000000
bipartite_gnp,23,39,14,14,1.000000
bipartite_gnp,15,9,10,10,1.000000
bipartite_gnp,18,24,10,10,1.000000
bipartite_gnp,9,9,6,6,1.000000
bipartite_gnp,23,54,13,13,1.000000
bipartite_gnp,11,7,7,7,1.000000
bipartite_gnp,19,8,16,16,1.000000
bipartite_gnp,14,21,8,8,1.000000
bipartite_gnp,23,42,14,14,1.000000
bipartite_gnp,16,25,12,12,1.000000
bipartite_gnp,19,16,11,11,1.000000
bipartite_gnp,18,27,12,12,1.000000
bipartite_gnp,15,6,12,12,1.000000
bipartite_gnp,23,61,12,12,1.000000
bipartite_gnp,20,12,15,15,1.000000
bipartite_gnp,21,31,11,11,1.000000
bipartite_gnp,26,35,14,14,1.000000
bipartite_gnp,18,10,15,15,1.000000
bipartite_gnp,21,36,11,11,1.000000
bipartite_gnp,23,16,17,17,1.000000
bipartite_gnp,16,17,10,10,1.000000
bipartite_gnp,11,9,8,8,1.000000
bipartite_gnp,13,9,9,9,1.000000
bipartite_gnp,19,48,11,11,1.000000
bipartite_gnp,15,9,12,12,1.000000
bipartite_gnp,23,59,13,13,1.000000
bipartite_gnp,18,27,12,12,1.000000
bipartite_gnp,17,11,13,13,1.000000
bipartite_gnp,19,23,14,14,1.000000
bipartite_gnp,21,33,11,11,1.000000
bipartite_gnp,21,34,12,12,1.000000
bipartite_gnp,19,27,13,13,1.000000
bipartite_gnp,28,58,14,14,1.000000
bipartite_gnp,18,16,14,14,1.000000
bipartite_gnp,13,10,8,8,1.000000
bipartite_gnp,6,4,3,3,1.000000
bipartite_gnp,16,6,12,12,1.000000
bipartite_gnp,24,30,14,14,1.000000
bipartite_gnp,17,29,11,11,1.000000
bipartite_gnp,8,4,6,6,1.000000
bipartite_gnp,24,15,17,17,1.000000
bipartite_gnp,15,18,12,12,1.000000
bipartite_gnp,25,59,13,13,1.000000
bipartite_gnp,15,7,11,11,1.000000
bipartite_gnp,18,16,14,14,1.000000
bipartite_gnp,8,8,5,5,1.000000
bipartite_gnp,16,10,12,12,1.000000
bipartite_gnp,18,13,13,13,1.000000
bipartite_gnp,13,18,9,9,1.000000
bipartite_gnp,12,8,8,8,1.000000
bipartite_gnp,20,24,11,11,1.000000
bipartite_gnp,17,40,9,9,1.000000
bipartite_gnp,13,13,7,7,1.000000
bipartite_gnp,18,14,12,12,1.000000
bipartite_gnp,15,13,12,12,1.000000
bipartite_gnp,14,19,9,9,1.000000
bipartite_gnp,19,32,10,10,1.000000
bipartite_gnp,20,44,10,10,1.000000
bipartite_gnp,15,12,10,10,1.000000
bipartite_gnp,23,54,12,12,1.000000
bipartite_gnp,26,60,13,13,1.000000
bipartite_gnp,17,21,14,14,1.000000
bipartite_gnp,17,10,10,10,1.000000
bipartite_gnp,16,31,9,9,1.000000
bipartite_gnp,22,40,14,14,1.000000
bipartite_gnp,24,49,14,14,1.000000
bipartite_gnp,14,8,10,10,1.000000
bipartite_gnp,23,32,14,14,1.000000
bipartite_gnp,16,31,10,10,1.000000
bipartite_gnp,17,3,15,15,1.000000
bipartite_gnp,22,38,12,12,1.000000
bipartite_gnp,22,10,16,16,1.000000
bipartite_gnp,8,3,5,5,1.000000
bipartite_gnp,28,50,14,14,1.000000
bipartite_gnp,17,11,12,12,1.000000
bipartite_gnp,16,11,10,10,1.000000
bipartite_gnp,19,8,15,15,1.000000
bipartite_gnp,21,42,13,13,1.000000
bipartite_gnp,26,25,16,16,1.000000
bipartite_gnp,13,7,9,9,1.000000
bipartite_gnp,19,12,14,14,1.000000
bipartite_gnp,21,26,12,12,1.000000
bipartite_gnp,13,18,8,8,1.000000
bipartite_gnp,19,17,10,10,1.000000
bipartite_gnp,16,30,9,9,1.000000
bipartite_gnp,15,12,12,12,1.000000
bipartite_gnp,14,14,9,9,1.000000
bipartite_gnp,21,67,13,13,1.000000
bipartite_gnp,17,16,14,14,1.000000
bipartite_gnp,18,5,16,16,1.000000
bipartite_gnp,12,5,10,10,1.000000
bipartite_gnp,16,10,11,11,1.000000
bipartite_gnp,23,51,12,12,1.000000
bipartite_gnp,15,13,12,12,1.000000
bipartite_gnp,21,34,12,12,1.000000
bipartite_gnp,23,18,14,14,1.000000
bipartite_gnp,7,2,5,5,1.000000
bipartite_gnp,14,15,10,10,1.000000
bipartite_gnp,22,26,13,13,1.000000
bipartite_gnp,23,45,14,14,1.000000
bipartite_gnp,19,34,11,11,1.000000
bipartite_gnp,18,9,13,13,1.000000
bipartite_gnp,22,53,12,12,1.000000
bipartite_gnp,19,21,13,13,1.000000
bipartite_gnp,12,11,8,8,1.000000
bipartite_gnp,20,40,14,14,1.000000
bipartite_gnp,22,47,12,12,1.000000
bipartite_gnp,18,29,12,12,1.000000
bipartite_gnp,24,27,14,14,1.000000
bipartite_gnp,10,11,7,7,1.000000
bipartite_gnp,19,10,14,14,1.000000
bipartite_gnp,27,70,14,14,1.000000
bipartite_gnp,20,20,13,13,1.000000
bipartite_gnp,12,15,7,7,1.000000
bipartite_gnp,6,5,3,3,1.000000
bipartite_gnp,19,24,12,12,1.000000
bipartite_gnp,13,16,7,7,1.000000
bipartite_gnp,18,18,12,12,1.000000
bipartite_gnp,8,7,5,5,1.000000
bipartite_gnp,20,22,14,14,1.000000
bipartite_gnp,16,13,10,10,1.000000
bipartite_gnp,18,18,14,14,1.000000
bipartite_gnp,17,12,11,11,1.000000
bipartite_gnp,9,5,6,6,1.000000
bipartite_gnp,18,14,14,14,1.000000
bipartite_gnp,17,30,10,10,1.000000
bipartite_gnp,14,10,10,10,1.000000
bipartite_gnp,21,44,13,13,1.000000
bipartite_gnp,11,10,8,8,1.000000
bipartite_gnp,14,9,11,11,1.000000
bipartite_gnp,10,6,7,7,1.000000
bipartite_gnp,15,6,11,11,1.000000
bipartite_gnp,15,21,9,9,1.000000
bipartite_gnp,17,19,13,13,1.000000
bipartite_gnp,14,14,11,11,1.000000
bipartite_gnp,17,13,12,12,1.000000
bipartite_gnp,17,8,13,13,1.000000
bipartite_gnp,16,3,13,13,1.000000
bipartite_gnp,17,3,16,16,1.000000
bipartite_gnp,13,3,11,11,1.000000
bipartite_gnp,9,6,6,6,1.000000
bipartite_gnp,13,11,8,8,1.000000
bipartite_gnp,20,42,12,12,1.000000
bipartite_gnp,26,93,13,13,1.000000
bipartite_gnp,19,22,12,12,1.000000
bipartite_gnp,13,15,9,9,1.000000
bipartite_gnp,18,19,13,13,1.000000
bipartite_gnp,20,27,14,14,1.000000
bipartite_gnp,17,33,9,9,1.000000
bipartite_gnp,16,26,11,11,1.000000
bipartite_gnp,20,47,12,12,1.000000
bipartite_gnp,8,6,6,6,1.000000
bipartite_gnp,10,6,7,7,1.000000
bipartite_gnp,17,19,11,11,1.000000
bipartite_gnp,25,58,14,14,1.000000
bipartite_gnp,10,6,7,7,1.000000
bipartite_gnp,17,9,13,13,1.000000
bipartite_gnp,10,3,8,8,1.000000
bipartite_gnp,24,49,13,13,1.000000
bipartite_gnp,17,25,10,10,1.000000
bipartite_gnp,22,26,15,15,1.000000
bipartite_gnp,14,2,13,13,1.000000
bipartite_gnp,22,41,12,12,1.000000
bipartite_gnp,21,14,14,14,1.000000
bipartite_gnp,23,35,13,13,1.000000
bipartite_gnp,25,69,13,13,1.000000
bipartite_gnp,10,5,7,7,1.000000
bipartite_gnp,21,33,12,12,1.000000
bipartite_gnp,25,36,14,14,1.000000
bipartite_gnp,11,5,8,8,1.000000
bipartite_gnp,16,19,12,12,1.000000
bipartite_gnp,8,10,5,5,1.000000
bipartite_gnp,20,16,13,13,1.000000
bipartite_gnp,14,2,12,12,1.000000
bipartite_gnp,12,25,6,6,1.000000
bipartite_gnp,13,7,10,10,1.000000
bipartite_gnp,17,17,12,12,1.000000
bipartite_gnp,18,24,14,14,1.000000
bipartite_gnp,25,26,15,15,1.000000
bipartite_gnp,13,7,9,9,1.000000
bipartite_gnp,19,15,14,14,1.000000
bipartite_gnp,27,18,17,17,1.000000
bipartite_gnp,14,6,10,10,1.000000
bipartite_gnp,9,3,7,7,1.000000
bipartite_gnp,18,26,14,14,1.000000
bipartite_gnp,20,20,13,13,1.000000
bipartite_gnp,8,7,5,5,1.000000
bipartite_gnp,18,8,14,14,1.000000
bipartite_gnp,20,18,12,12,1.000000
bipartite_gnp,14,5,11,11,1.000000
bipartite_gnp,23,43,13,13,1.000000
bipartite_gnp,9,7,6,6,1.000000
bipartite_gnp,18,14,15,15,1.000000
bipartite_gnp,13,7,10,10,1.000000
bipartite_gnp,8,3,6,6,1.000000
bipartite_gnp,18,33,13,13,1.000000
bipartite_gnp,10,5,7,7,1.000000
bipartite_gnp,9,5,6,6,1.000000
bipartite_gnp,23,63,14,14,1.000000
bipartite_gnp,20,22,13,13,1.000000
bipartite_gnp,15,12,9,9,1.000000
bipartite_gnp,9,9,5,5,1.000000
bipartite_gnp,10,11,6,6,1.000000
bipartite_gnp,20,32,11,11,1.000000
bipartite_gnp,17,14,11,11,1.000000
bipartite_gnp,15,12,9,9,1.000000
bipartite_gnp,15,9,12,12,1.000000
bipartite_gnp,20,47,11,11,1.000000
bipartite_gnp,16,25,12,12,1.000000
bipartite_gnp,25,41,14,14,1.000000
bipartite_gnp,11,7,7,7,1.000000
bipartite_gnp,16,11,13,13,1.000000
bipartite_gnp,20,45,14,14,1.000000
bipartite_gnp,16,19,10,10,1.000000
bipartite_gnp,11,11,7,7,1.000000
bipartite_gnp,12,13,7,7,1.000000
bipartite_gnp,22,46,11,11,1.000000
bipartite_gnp,12,15,7,7,1.000000
bipartite_gnp,21,41,12,12,1.000000
bipartite_gnp,27,52,14,14,1.000000
bipartite_gnp,11,5,7,7,1.000000
bipartite_gnp,19,32,12,12,1.000000
bipartite_gnp,17,13,12,12,1.000000
bipartite_gnp,11,7,6,6,1.000000
bipartite_gnp,13,11,9,9,1.000000
bipartite_gnp,12,9,9,9,1.000000
bipartite_gnp,17,39,10,10,1.000000
bipartite_gnp,22,40,14,14,1.000000
bipartite_gnp,24,23,14,14,1.000000
bipartite_gnp,23,40,14,14,1.000000
bipartite_gnp,13,18,7,7,1.000000
bipartite_gnp,13,13,8,8,1.000000
bipartite_gnp,13,19,8,8,1.000000
bipartite_gnp,16,14,12,12,1.000000
bipartite_gnp,12,6,9,9,1.000000
bipartite_gnp,10,5,7,7,1.000000
bipartite_gnp,12,8,8,8,1.000000
bipartite_gnp,17,12,10,10,1.000000
bipartite_gnp,12,3,10,10,1.000000
bipartite_gnp,9,8,6,6,1.000000
bipartite_gnp,15,9,11,11,1.000000
bipartite_gnp,23,10,17,17,1.000000
bipartite_gnp,20,12,15,15,1.000000
bipartite_gnp,26,39,14,14,1.000000
bipartite_gnp,17,21,10,10,1.000000
bipartite_gnp,26,74,14,14,1.000000
bipartite_gnp,24,37,15,15,1.000000
bipartite_gnp,21,22,14,14,1.000000
bipartite_gnp,15,9,10,10,1.000000
bipartite_gnp,16,22,11,11,1.000000
bipartite_gnp,9,9,5,5,1.000000
bipartite_gnp,13,3,10,10,1.000000
bipartite_gnp,22,43,12,12,1.000000
bipartite_gnp,24,21,15,15,1.000000
bipartite_gnp,17,7,14,14,1.000000
bipartite_gnp,15,13,10,10,1.000000
bipartite_gnp,17,6,14,14,1.000000
bipartite_gnp,20,25,11,11,1.000000
bipartite_gnp,13,14,8,8,1.000000
bipartite_gnp,18,24,11,11,1.000000
bipartite_gnp,14,9,10,10,1.000000
bipartite_gnp,17,37,9,9,1.000000
bipartite_gnp,27,70,14,14,1.000000
bipartite_gnp,12,13,8,8,1.000000
bipartite_gnp,15,5,12,12,1.000000
bipartite_gnp,14,9,12,12,1.000000
bipartite_gnp,17,27,10,10,1.000000
bipartite_gnp,13,16,9,9,1.000000
bipartite_gnp,8,7,5,5,1.000000
bipartite_gnp,19,9,14,14,1.000000
bipartite_gnp,13,7,11,11,1.000000
bipartite_gnp,24,17,16,16,1.000000
bipartite_gnp,23,32,12,12,1.000000
bipartite_gnp,19,39,14,14,1.000000
bipartite_gnp,13,8,9,9,1.000000
bipartite_gnp,17,23,12,12,1.000000
bipartite_gnp,19,48,11,11,1.000000
bipartite_gnp,20,27,14,14,1.000000
bipartite_gnp,12,13,8,8,1.000000
bipartite_gnp,11,7,8,8,1.000000
bipartite_gnp,18,27,14,14,1.000000
bipartite_gnp,23,62,14,14,1.000000
bipartite_gnp,11,10,8,8,1.000000
bipartite_gnp,20,27,12,12,1.000000
bipartite_gnp,18,33,12,12,1.000000
bipartite_gnp,19,34,11,11,1.000000
bipartite_gnp,10,13,6,6,1.000000
bipartite_gnp,8,1,7,7,1.000000
bipartite_gnp,25,34,14,14,1.000000
bipartite_gnp,16,15,11,11,1.000000
bipartite_gnp,15,7,12,12,1.000000
bipartite_gnp,17,38,9,9,1.000000
bipartite_gnp,24,49,14,14,1.000000
bipartite_gnp,20,33,13,13,1.000000
bipartite_gnp,13,14,9,9,1.000000
bipartite_gnp,14,15,8,8,1.000000
bipartite_gnp,18,38,9,9,1.000000
bipartite_gnp,19,21,13,13,1.000000
bipartite_gnp,21,29,14,14,1.000000
bipartite_gnp,20,16,14,14,1.000000
bipartite_gnp,25,72,14,14,1.000000
bipartite_gnp,18,28,10,10,1.000000
bipartite_gnp,12,13,8,8,1.000000
bipartite_gnp,24,17,16,16,1.000000
bipartite_gnp,15,17,12,12,1.000000
bipartite_gnp,16,9,13,13,1.000000
bipartite_gnp,18,6,13,13,1.000000
bipartite_gnp,21,15,13,13,1.000000
bipartite_gnp,11,13,7,7,1.000000
bipartite_gnp,9,3,7,7,1.000000
bipartite_gnp,15,17,10,10,1.000000
bipartite_gnp,16,9,11,11,1.000000
bipartite_gnp,24,31,13,13,1.000000
bipartite_gnp,9,4,6,6,1.000000
bipartite_gnp,22,24,13,13,1.000000
bipartite_gnp,17,20,11,11,1.000000
bipartite_gnp,13,17,7,7,1.000000
bipartite_gnp,22,43,13,13,1.000000
bipartite_gnp,11,8,7,7,1.000000
bipartite_gnp,22,53,14,14,1.000000
bipartite_gnp,17,30,11,11,1.000000
bipartite_gnp,22,52,13,13,1.000000
bipartite_gnp,18,25,13,13,1.000000
bipartite_gnp,13,8,9,9,1.000000
bipartite_gnp,18,13,13,13,1.000000
bipartite_gnp,19,26,11,11,1.000000
bipartite_gnp,23,48,14,14,1.000000
bipartite_gnp,22,23,13,13,1.000000
bipartite_gnp,20,36,11,11,1.000000
bipartite_gnp,20,41,12,12,1.000000
bipartite_gnp,14,11,10,10,1.000000
bipartite_gnp,23,34,13,13,1.000000
bipartite_gnp,10,5,7,7,1.000000
bipartite_gnp,25,79,13,13,1.000000
bipartite_gnp,21,19,14,14,1.000000
bipartite_gnp,17,35,9,9,1.000000
bipartite_gnp,10,7,7,7,1.000000
bipartite_gnp,7,6,4,4,1.000000
bipartite_gnp,14,11,9,9,1.000000
bipartite_gnp,15,16,10,10,1.000000
bipartite_gnp,25,60,14,14,1.000000
bipartite_gnp,11,8,6,6,1.000000
bipartite_gnp,15,28,9,9,1.000000
bipartite_gnp,16,10,12,12,1.000000
bipartite_gnp,13,13,8,8,1.000000
bipartite_gnp,8,1,7,7,1.000000
bipartite_gnp,25,52,14,14,1.000000
bipartite_gnp,19,16,12,12,1.000000
bipartite_gnp,21,18,13,13,1.000000
bipartite_gnp,28,45,15,15,1.000000
bipartite_gnp,9,4,6,6,1.000000
bipartite_gnp,25,60,13,13,1.000000
bipartite_gnp,21,19,13,13,1.000000
bipartite_gnp,16,9,11,11,1.000000
bipartite_gnp,11,2,10,10,1.000000
bipartite_gnp,13,12,8,8,1.000000
bipartite_gnp,6,2,5,5,1.000000
bipartite_gnp,24,47,14,14,1.000000
bipartite_gnp,19,33,11,11,1.000000
bipartite_gnp,10,15,5,5,1.000000
bipartite_gnp,12,13,9,9,1.000000
bipartite_gnp,27,58,15,15,1.000000
bipartite_gnp,23,33,13,13,1.000000
bipartite_gnp,14,11,8,8,1.000000
bipartite_gnp,15,17,11,11,1.000000
bipartite_gnp,13,23,7,7,1.000000
bipartite_gnp,23,73,14,14,1.000000
bipartite_gnp,9,8,5,5,1.000000
bipartite_gnp,21,40,14,14,1.000000
bipartite_gnp,16,19,13,13,1.000000
bipartite_gnp,22,35,12,12,1.000000
bipartite_gnp,13,9,9,9,1.000000
bipartite_gnp,9,4,6,6,1.000000
bipartite_gnp,17,29,11,11,1.000000
bipartite_gnp,20,39,12,12,1.000000
bipartite_gnp,28,68,14,14,1.000000
bipartite_gnp,22,26,14,14,1.000000
bipartite_gnp,15,23,9,9,1.000000
bipartite_gnp,10,13,5,5,1.000000
bipartite_gnp,20,46,11,11,1.000000
bipartite_gnp,9,6,6,6,1.000000
bipartite_gnp,28,41,15,15,1.000000
bipartite_gnp,18,23,12,12,1.000000
bipartite_gnp,17,22,11,11,1.000000
bipartite_gnp,21,29,14,14,1.000000
bipartite_gnp,21,25,14,14,1.000000
bipartite_gnp,24,51,14,14,1.000000
bipartite_gnp,13,9,9,9,1.000000
bipartite_gnp,23,52,13,13,1.000000
bipartite_gnp,18,12,11,11,1.000000
bipartite_gnp,9,4,6,6,1.000000
bipartite_gnp,17,19,12,12,1.000000
bipartite_gnp,17,22,13,13,1.000000
bipartite_gnp,13,8,9,9,1.000000
bipartite_gnp,9,5,6,6,1.000000
bipartite_gnp,21,17,13,13,1.000000
bipartite_gnp,16,11,13,13,1.000000
bipartite_gnp,17,17,13,13,1.000000
bipartite_gnp,22,24,13,13,1.000000
bipartite_gnp,15,4,12,12,1.000000
bipartite_gnp,22,54,13,13,1.000000
bipartite_gnp,16,13,12,12,1.000000
bipartite_gnp,10,2,9,9,1.000000
bipartite_gnp,15,8,11,11,1.000000
bipartite_gnp,13,9,9,9,1.000000
bipartite_gnp,15,18,11,11,1.000000
bipartite_gnp,17,29,9,9,1.000000
bipartite_gnp,12,7,9,9,1.000000
bipartite_gnp,22,15,15,15,1.000000
bipartite_gnp,18,13,12,12,1.000000
bipartite_gnp,25,39,13,13,1.000000
bipartite_gnp,10,6,7,7,1.000000
bipartite_gnp,21,21,14,14,1.000000
bipartite_gnp,17,9,14,14,1.000000
bipartite_gnp,12,14,8,8,1.000000
bipartite_gnp,19,6,16,16,1.000000
bipartite_gnp,23,47,14,14,1.000000
bipartite_gnp,15,6,12,12,1.000000
bipartite_gnp,16,19,9,9,1.000000
bipartite_gnp,13,13,8,8,1.000000
bipartite_gnp,18,10,14,14,1.000000
bipartite_gnp,17,29,9,9,1.000000
bipartite_gnp,15,5,12,12,1.000000
bipartite_gnp,20,10,15,15,1.000000
bipartite_gnp,14,7,11,11,1.000000
bipartite_gnp,14,12,8,8,1.000000
bipartite_gnp,16,13,10,10,1.000000
bipartite_gnp,8,6,5,5,1.000000
bipartite_gnp,13,11,10,10,1.000000
bipartite_gnp,20,48,12,12,1.000000
bipartite_gnp,18,11,12,12,1.000000
bipartite_gnp,23,48,13,13,1.000000
bipartite_gnp,15,13,12,12,1.000000
bipartite_gnp,26,79,14,14,1.000000
bipartite_gnp,18,17,14,14,1.000000
bipartite_gnp,19,21,13,13,1.000000
bipartite_gnp,23,48,14,14,1.000000
bipartite_gnp,14,8,10,10,1.000000
bipartite_gnp,15,5,12,12,1.000000
bipartite_gnp,21,13,15,15,1.000000
bipartite_gnp,14,9,10,10,1.000000
bipartite_gnp,14,7,11,11,1.000000
bipartite_gnp,15,6,12,12,1.000000
bipartite_gnp,17,20,13,13,1.000000
bipartite_gnp,18,36,11,11,1.000000
bipartite_gnp,10,9,6,6,1.000000
bipartite_gnp,9,4,7,7,1.000000
bipartite_gnp,10,8,6,6,1.000000
bipartite_gnp,23,46,12,12,1.000000
bipartite_gnp,21,52,11,11,1.000000
bipartite_gnp,20,13,14,14,1.000000
bipartite_gnp,17,22,11,11,1.000000
bipartite_gnp,14,20,11,11,1.000000
bipartite_gnp,17,22,14,14,1.000000
bipartite_gnp,21,28,12,12,1.000000
bipartite_gnp,24,15,16,16,1.000000
bipartite_gnp,19,19,12,12,1.000000
bipartite_gnp,24,70,12,12,1.000000
bipartite_gnp,19,28,11,11,1.000000
bipartite_gnp,10,13,6,6,1.000000
bipartite_gnp,26,39,14,14,1.000000
bipartite_gnp,18,27,14,14,1.000000
bipartite_gnp,14,25,7,7,1.000000
bipartite_gnp,13,9,8,8,1.000000
bipartite_gnp,22,35,14,14,1.000000
bipartite_gnp,12,4,9,9,1.000000
bipartite_gnp,17,15,13,13,1.000000
bipartite_gnp,24,34,14,14,1.000000
bipartite_gnp,10,5,7,7,1.000000
bipartite_gnp,20,30,13,13,1.000000
bipartite_gnp,25,41,15,15,1.000000
bipartite_gnp,15,9,11,11,1.000000
bipartite_gnp,18,24,10,10,1.000000
bipartite_gnp,24,53,14,14,1.000000
bipartite_gnp,14,3,11,11,1.000000
bipartite_gnp,15,18,11,11,1.000000
bipartite_gnp,16,21,13,13,1.000000
bipartite_gnp,9,10,5,5,1.000000
bipartite_gnp,14,11,9,9,1.000000
bipartite_gnp,13,5,10,10,1.000000
bipartite_gnp,22,33,14,14,1.000000
bipartite_gnp,16,23,9,9,1.000000
bipartite_gnp,13,13,10,10,1.000000
bipartite_gnp,12,14,8,8,1.000000
bipartite_gnp,19,41,12,12,1.000000
bipartite_gnp,17,10,14,14,1.000000
bipartite_gnp,16,3,14,14,1.000000
bipartite_gnp,20,37,13,13,1.000000
bipartite_gnp,13,6,9,9,1.000000
bipartite_gnp,14,12,10,10,1.000000
bipartite_gnp,23,52,14,14,1.000000
bipartite_gnp,16,27,10,10,1.000000
bipartite_gnp,21,23,12,12,1.000000
bipartite_gnp,24,38,14,14,1.000000
bipartite_gnp,19,14,14,14,1.000000
bipartite_gnp,21,44,13,13,1.000000
bipartite_gnp,10,5,7,7,1.000000
bipartite_gnp,23,56,14,14,1.000000
bipartite_gnp,13,7,9,9,1.000000
bipartite_gnp,16,19,9,9,1.000000
bipartite_gnp,12,4,8,8,1.000000
bipartite_gnp,22,54,11,11,1.000000
bipartite_gnp,20,50,10,10,1.000000
bipartite_gnp,13,22,7,7,1.000000
bipartite_gnp,15,15,11,11,1.000000
bipartite_gnp,15,23,10,10,1.000000
bipartite_gnp,26,49,14,14,1.000000
bipartite_gnp,15,17,8,8,1.000000
bipartite_gnp,17,19,12,12,1.000000
bipartite_gnp,13,11,7,7,1.000000
bipartite_gnp,21,32,14,14,1.000000
bipartite_gnp,10,10,7,7,1.000000
bipartite_gnp,13,10,9,9,1.000000
bipartite_gnp,21,21,13,13,1.000000
bipartite_gnp,8,8,5,5,1.000000
bipartite_gnp,9,8,5,5,1.000000
bipartite_gnp,17,21,14,14,1.000000
bipartite_gnp,17,16,14,14,1.000000
bipartite_gnp,26,37,13,13,1.000000
bipartite_gnp,19,24,13,13,1.000000
bipartite_gnp,23,18,16,16,1.000000
bipartite_gnp,16,4,13,13,1.000000
bipartite_gnp,23,44,14,14,1.000000
bipartite_gnp,23,42,14,14,1.000000
bipartite_gnp,22,56,14,14,1.000000
bipartite_gnp,10,7,7,7,1.000000
bipartite_gnp,14,10,10,10,1.000000
bipartite_gnp,22,22,13,13,1.000000
bipartite_gnp,11,6,8,8,1.000000
bipartite_gnp,16,12,11,11,1.000000
bipartite_gnp,12,13,7,7,1.000000
bipartite_gnp,11,4,8,8,1.000000
bipartite_gnp,23,36,13,13,1.000000
bipartite_gnp,8,6,4,4,1.000000
bipartite_gnp,23,18,15,15,1.000000
bipartite_gnp,22,17,14,14,1.000000
bipartite_gnp,14,19,10,10,1.000000
bipartite_gnp,24,18,16,16,1.000000
bipartite_gnp,25,38,15,15,1.000000
bipartite_gnp,22,25,14,14,1.000000
bipartite_gnp,9,3,8,8,1.000000
bipartite_gnp,26,70,14,14,1.000000
bipartite_gnp,20,35,11,11,1.000000
bipartite_gnp,13,11,8,8,1.000000
bipartite_gnp,15,14,9,9,1.000000
bipartite_gnp,16,24,9,9,1.000000
bipartite_gnp,12,8,8,8,1.000000
bipartite_gnp,9,7,6,6,1.000000
bipartite_gnp,14,6,11,11,1.000000
bipartite_gnp,11,7,7,7,1.000000
bipartite_gnp,14,20,8,8,1.000000
bipartite_gnp,9,7,5,5,1.000000
bipartite_gnp,19,5,16,16,1.000000
bipartite_gnp,8,2,6,6,1.000000
bipartite_gnp,8,4,5,5,1.000000
bipartite_gnp,21,43,11,11,1.000000
bipartite_gnp,11,12,7,7,1.000000
bipartite_gnp,22,17,14,14,1.000000
bipartite_gnp,13,16,10,10,1.000000
bipartite_gnp,26,46,13,13,1.000000
bipartite_gnp,22,17,14,14,1.000000
bipartite_gnp,14,24,8,8,1.000000
bipartite_gnp,21,24,14,14,1.000000
bipartite_gnp,10,10,6,6,1.000000
bipartite_gnp,19,25,10,10,1.000000
bipartite_gnp,22,31,12,12,1.000000
bipartite_gnp,16,9,12,12,1.000000
bipartite_gnp,16,15,12,12,1.000000
bipartite_gnp,12,9,8,8,1.000000
bipartite_gnp,19,15,13,13,1.000000
bipartite_gnp,23,56,12,12,1.000000
bipartite_gnp,12,10,9,9,1.000000
bipartite_gnp,20,31,12,12,1.000000
bipartite_gnp,20,43,12,12,1.000000
bipartite_gnp,18,19,11,11,1.000000
bipartite_gnp,11,9,7,7,1.000000
bipartite_gnp,18,11,14,14,1.000000
bipartite_gnp,15,14,12,12,1.000000
bipartite_gnp,17,12,13,13,1.000000
bipartite_gnp,14,15,9,9,1.000000
bipartite_gnp,8,2,7,7,1.000000
bipartite_gnp,15,15,11,11,1.000000
bipartite_gnp,19,12,13,13,1.000000
bipartite_gnp,8,5,5,5,1.000000
bipartite_gnp,11,10,7,7,1.000000
bipartite_gnp,20,42,10,10,1.000000
bipartite_gnp,13,6,9,9,1.000000
bipartite_gnp,15,5,12,12,1.000000
bipartite_gnp,14,19,9,9,1.000000
bipartite_gnp,23,20,16,16,1.000000
bipartite_gnp,17,28,10,10,1.000000
bipartite_gnp,20,39,14,14,1.000000
bipartite_gnp,13,11,8,8,1.000000
bipartite_gnp,16,21,9,9,1.000000
bipartite_gnp,12,9,8,8,1.000000
bipartite_gnp,15,22,9,9,1.000000
bipartite_gnp,17,24,11,11,1.000000
bipartite_gnp,9,10,6,6,1.000000
bipartite_gnp,20,32,11,11,1.000000
bipartite_gnp,20,12,15,15,1.000000
bipartite_gnp,21,10,16,16,1.000000
bipartite_gnp,25,39,13,13,1.000000
bipartite_gnp,16,15,11,11,1.000000
bipartite_gnp,25,26,14,14,1.000000
bipartite_gnp,11,7,8,8,1.000000
bipartite_gnp,15,14,9,9,1.000000
bipartite_gnp,15,17,8,8,1.000000
bipartite_gnp,27,69,14,14,1.000000
bipartite_gnp,14,14,8,8,1.000000
bipartite_gnp,19,33,10,10,1.000000
bipartite_gnp,23,22,13,13,1.000000
bipartite_gnp,17,29,11,11,1.000000
bipartite_gnp,12,16,8,8,1.000000
bipartite_gnp,14,25,7,7,1.000000
bipartite_gnp,18,21,10,10,1.000000
bipartite_gnp,16,4,13,13,1.000000
bipartite_gnp,17,13,12,12,1.000000
bipartite_gnp,19,22,13,13,1.000000
bipartite_gnp,20,20,13,13,1.000000
bipartite_gnp,9,5,7,7,1.000000
bipartite_gnp,15,29,8,8,1.000000
bipartite_gnp,26,76,13,13,1.000000
bipartite_gnp,12,4,10,10,1.000000
bipartite_gnp,20,24,14,14,1.000000
bipartite_gnp,21,36,12,12,1.000000
bipartite_gnp,13,12,8,8,1.000000
bipartite_gnp,12,7,10,10,1.000000
bipartite_gnp,20,53,10,10,1.000000
bipartite_gnp,15,13,9,9,1.000000
bipartite_gnp,15,30,9,9,1.000000
bipartite_gnp,10,7,7,7,1.000000
bipartite_gnp,18,10,14,14,1.000000
bipartite_gnp,17,14,14,14,1.000000
bipartite_gnp,16,8,13,13,1.000000
bipartite_gnp,16,25,10,10,1.000000
bipartite_gnp,13,13,10,10,1.000000
bipartite_gnp,26,41,14,14,1.000000
bipartite_gnp,17,16,14,14,1.000000
bipartite_gnp,20,40,11,11,1.000000
bipartite_gnp,12,21,6,6,1.000000
bipartite_gnp,11,4,8,8,1.000000
bipartite_gnp,17,3,15,15,1.000000
bipartite_gnp,15,24,10,10,1.000000
bipartite_gnp,11,4,7,7,1.000000
bipartite_gnp,18,17,12,12,1.000000
bipartite_gnp,23,40,12,12,1.000000
bipartite_gnp,23,22,13,13,1.000000
bipartite_gnp,18,12,12,12,1.000000
bipartite_gnp,15,23,10,10,1.000000
bipartite_gnp,12,11,8,8,1.000000
bipartite_gnp,18,24,11,11,1.000000
bipartite_gnp,6,3,4,4,1.000000
bipartite_gnp,8,2,7,7,1.000000
bipartite_gnp,22,41,13,13,1.000000
bipartite_gnp,7,6,4,4,1.000000
bipartite_gnp,22,36,15,15,1.000000
bipartite_gnp,11,5,8,8,1.000000
bipartite_gnp,24,60,14,14,1.000000
bipartite_gnp,11,6,7,7,1.000000
bipartite_gnp,12,10,7,7,1.000000
bipartite_gnp,20,39,10,10,1.000000
bipartite_gnp,20,41,13,13,1.000000
bipartite_gnp,7,2,5,5,1.000000
bipartite_gnp,18,23,13,13,1.000000
bipartite_gnp,19,18,13,13,1.000000
bipartite_gnp,25,42,13,13,1.000000
bipartite_gnp,16,12,10,10,1.000000
bipartite_gnp,18,33,10,10,1.000000
bipartite_gnp,20,45,10,10,1.000000
bipartite_gnp,11,8,8,8,1.000000
bipartite_gnp,13,13,9,9,1.000000
bipartite_gnp,12,11,6,6,1.000000
bipartite_gnp,13,14,7,7,1.000000
bipartite_gnp,15,6,13,13,1.000000
bipartite_gnp,8,7,5,5,1.000000
bipartite_gnp,9,5,6,6,1.000000
bipartite_gnp,12,15,9,9,1.000000
bipartite_gnp,21,47,13,13,1.000000
bipartite_gnp,21,27,12,12,1.000000
bipartite_gnp,9,6,6,6,1.000000
bipartite_gnp,18,12,11,11,1.000000
bipartite_gnp,19,38,14,14,1.000000
bipartite_gnp,20,22,13,13,1.000000
bipartite_gnp,16,17,13,13,1.000000
bipartite_gnp,21,31,11,11,1.000000
bipartite_gnp,15,20,9,9,1.000000
bipartite_gnp,17,10,14,14,1.000000
bipartite_gnp,25,68,13,13,1.000000
bipartite_gnp,18,11,13,13,1.000000
bipartite_gnp,25,63,14,14,1.000000
bipartite_gnp,22,25,13,13,1.000000
bipartite_gnp,21,45,13,13,1.000000
bipartite_gnp,15,13,12,12,1.000000
bipartite_gnp,9,5,6,6,1.000000
bipartite_gnp,9,6,6,6,1.000000
bipartite_gnp,21,38,14,14,1.000000
bipartite_gnp,19,26,14,14,1.000000
bipartite_gnp,22,51,12,12,1.000000
bipartite_gnp,14,21,7,7,1.000000
bipartite_gnp,19,20,13,13,1.000000
bipartite_gnp,17,22,11,11,1.000000
bipartite_gnp,16,8,12,12,1.000000
bipartite_gnp,7,5,4,4,1.000000
bipartite_gnp,10,9,6,6,1.000000
bipartite_gnp,20,26,12,12,1.000000
bipartite_gnp,11,9,6,6,1.000000
bipartite_gnp,12,9,9,9,1.000000
bipartite_gnp,11,4,8,8,1.000000
bipartite_gnp,8,2,6,6,1.000000
bipartite_gnp,19,14,15,15,1.000000
bipartite_gnp,25,59,13,13,1.000000
bipartite_gnp,13,9,10,10,1.000000
bipartite_gnp,20,37,11,11,1.000000
bipartite_gnp,17,12,13,13,1.000000
bipartite_gnp,17,7,13,13,1.000000
bipartite_gnp,9,5,8,8,1.000000
bipartite_gnp,11,6,8,8,1.000000
bipartite_gnp,18,18,10,10,1.000000
bipartite_gnp,22,38,14,14,1.000000
bipartite_gnp,17,23,13,13,1.000000
bipartite_gnp,19,12,14,14,1.000000
bipartite_gnp,17,28,9,9,1.000000
bipartite_gnp,21,27,13,13,1.000000
bipartite_gnp,15,20,11,11,1.000000
bipartite_gnp,26,28,17,17,1.000000
bipartite_gnp,16,25,8,8,1.000000
bipartite_gnp,15,19,10,10,1.000000
bipartite_gnp,12,3,10,10,1.000000
bipartite_gnp,12,13,9,9,1.000000
bipartite_gnp,11,15,7,7,1.000000
bipartite_gnp,18,16,13,13,1.000000
bipartite_gnp,14,21,8,8,1.000000
bipartite_gnp,22,22,14,14,1.000000
bipartite_gnp,11,9,7,7,1.000000
bipartite_gnp,15,24,8,8,1.000000
bipartite_gnp,19,37,11,11,1.000000
bipartite_gnp,26,55,13,13,1.000000
bipartite_gnp,13,9,10,10,1.000000
bipartite_gnp,18,25,14,14,1.000000
bipartite_gnp,25,43,14,14,1.000000
bipartite_gnp,22,34,14,14,1.000000
bipartite_gnp,10,3,7,7,1.000000
bipartite_gnp,16,21,13,13,1.000000
bipartite_gnp,25,26,15,15,1.000000
bipartite_gnp,21,29,14,14,1.000000
bipartite_gnp,19,9,14,14,1.000000
bipartite_gnp,19,9,15,15,1.000000
bipartite_gnp,19,31,10,10,1.000000
bipartite_gnp,18,18,14,14,1.000000
bipartite_gnp,9,8,6,6,1.000000
bipartite_gnp,18,14,13,13,1.000000
bipartite_gnp,19,33,12,12,1.000000
bipartite_gnp,15,27,8,8,1.000000
bipartite_gnp,21,48,13,13,1.000000
bipartite_gnp,23,43,12,12,1.000000
bipartite_gnp,15,7,11,11,1.000000
bipartite_gnp,13,11,9,9,1.000000
bipartite_gnp,21,17,14,14,1.000000
bipartite_gnp,19,17,11,11,1.000000
bipartite_gnp,21,52,12,12,1.000000
bipartite_gnp,18,32,10,10,1.000000
bipartite_gnp,20,18,12,12,1.000000
bipartite_gnp,10,10,6,6,1.000000
bipartite_gnp,21,50,14,14,1.000000
bipartite_gnp,17,19,11,11,1.000000
bipartite_gnp,24,38,12,12,1.000000
bipartite_gnp,19,27,13,13,1.000000
bipartite_gnp,13,6,10,10,1.000000
bipartite_gnp,18,15,12,12,1.000000
bipartite_gnp,19,10,14,14,1.000000
bipartite_gnp,11,14,6,6,1.000000
bipartite_gnp,23,50,12,12,1.000000
bipartite_gnp,9,5,6,6,1.000000
bipartite_gnp,24,39,14,14,1.000000
bipartite_gnp,10,7,7,7,1.000000
bipartite_gnp,23,16,16,16,1.000000
bipartite_gnp,13,21,9,9,1.000000
bipartite_gnp,16,17,10,10,1.000000
bipartite_gnp,17,11,14,14,1.000000
bipartite_gnp,11,8,8,8,1.000000
bipartite_gnp,15,20,10,10,1.000000
bipartite_gnp,18,18,12,12,1.000000
bipartite_gnp,25,18,17,17,1.000000
bipartite_gnp,9,3,7,7,1.000000
bipartite_gnp,19,26,13,13,1.000000
bipartite_gnp,22,56,14,14,1.000000
bipartite_gnp,17,15,14,14,1.000000
bipartite_gnp,19,32,13,13,1.000000
bipartite_gnp,10,4,8,8,1.000000
bipartite_gnp,15,21,10,10,1.000000
bipartite_gnp,24,47,14,14,1.000000
bipartite_gnp,16,14,12,12,1.000000
bipartite_gnp,24,40,14,14,1.000000
bipartite_gnp,10,11,7,7,1.000000
bipartite_gnp,8,3,6,6,1.000000
bipartite_gnp,18,14,13,13,1.000000
bipartite_gnp,14,18,11,11,1.000000
bipartite_gnp,13,16,10,10,1.000000
bipartite_gnp,18,32,13,13,1.000000
bipartite_gnp,18,33,13,13,1.000000
bipartite_gnp,10,2,9,9,1.000000
bipartite_gnp,24,25,15,15,1.000000
bipartite_gnp,7,4,5,5,1.000000
bipartite_gnp,23,67,13,13,1.000000
bipartite_gnp,15,8,12,12,1.000000
bipartite_gnp,27,40,14,14,1.000000
bipartite_gnp,15,11,12,12,1.000000
bipartite_gnp,25,68,14,14,1.000000
bipartite_gnp,13,5,10,10,1.000000
bipartite_gnp,11,13,7,7,1.000000
bipartite_gnp,11,12,8,8,1.000000
bipartite_gnp,11,11,8,8,1.000000
bipartite_gnp,23,32,13,13,1.000000
bipartite_gnp,19,45,11,11,1.000000
bipartite_gnp,22,26,13,13,1.000000
bipartite_gnp,22,39,13,13,1.000000
bipartite_gnp,11,4,9,9,1.000000
bipartite_gnp,12,18,7,7,1.000000
bipartite_gnp,16,10,11,11,1.000000
bipartite_gnp,18,25,14,14,1.000000
bipartite_gnp,12,6,8,8,1.000000
bipartite_gnp,12,7,9,9,1.000000
bipartite_gnp,12,7,8,8,1.000000
bipartite_gnp,13,14,9,9,1.000000
bipartite_gnp,18,11,13,13,1.000000
bipartite_gnp,15,9,12,12,1.000000
bipartite_gnp,13,13,10,10,1.000000
bipartite_gnp,15,16,12,12,1.000000
bipartite_gnp,25,72,13,13,1.000000
bipartite_gnp,23,22,15,15,1.000000
bipartite_gnp,18,20,11,11,1.000000
bipartite_gnp,8,3,6,6,1.000000
bipartite_gnp,11,11,7,7,1.000000
bipartite_gnp,14,10,10,10,1.000000
bipartite_gnp,21,6,17,17,1.000000
bipartite_gnp,20,43,11,11,1.000000
bipartite_gnp,17,29,12,12,1.000000
bipartite_gnp,24,24,14,14,1.000000
bipartite_gnp,15,21,10,10,1.000000
bipartite_gnp,15,25,11,11,1.000000
bipartite_gnp,12,17,9,9,1.000000
bipartite_gnp,16,13,10,10,1.000000
bipartite_gnp,17,39,10,10,1.000000
bipartite_gnp,14,9,10,10,1.000000
bipartite_gnp,22,41,13,13,1.000000
bipartite_gnp,21,19,15,15,1.000000
bipartite_gnp,12,21,7,7,1.000000
bipartite_gnp,10,7,7,7,1.000000
bipartite_gnp,15,24,9,9,1.000000
bipartite_gnp,17,23,12,12,1.000000
bipartite_gnp,13,6,10,10,1.000000
bipartite_gnp,19,10,13,13,1.000000
bipartite_gnp,20,31,14,14,1.000000
bipartite_gnp,17,8,11,11,1.000000
bipartite_gnp,26,48,13,13,1.000000
bipartite_gnp,13,15,9,9,1.000000
bipartite_gnp,23,71,14,14,1.000000
bipartite_gnp,10,9,7,7,1.000000
bipartite_gnp,12,3,10,10,1.000000
bipartite_gnp,20,45,13,13,1.000000
bipartite_gnp,16,21,10,10,1.000000
bipartite_gnp,18,27,12,12,1.000000
bipartite_gnp,9,8,5,5,1.000000
bipartite_gnp,15,10,11,11,1.000000
bipartite_gnp,21,28,13,13,1.000000
bipartite_gnp,19,30,12,12,1.000000
bipartite_gnp,19,18,12,12,1.000000
bipartite_gnp,22,25,15,15,1.000000
bipartite_gnp,19,40,10,10,1.000000
bipartite_gnp,13,14,7,7,1.000000
bipartite_gnp,21,40,12,12,1.000000
bipartite_gnp,9,3,7,7,1.000000
bipartite_gnp,9,5,5,5,1.000000
bipartite_gnp,22,24,14,14,1.000000
bipartite_gnp,20,42,13,13,1.000000
bipartite_gnp,27,30,17,17,1.000000
bipartite_gnp,13,2,11,11,1.000000
bipartite_gnp,23,19,14,14,1.000000
bipartite_gnp,11,12,8,8,1.000000
bipartite_gnp,23,13,15,15,1.000000
bipartite_gnp,11,4,8,8,1.000000
bipartite_gnp,20,32,13,13,1.000000
bipartite_gnp,19,23,10,10,1.000000
bipartite_gnp,15,3,13,13,1.000000
bipartite_gnp,17,23,11,11,1.000000
bipartite_gnp,14,4,12,12,1.000000
bipartite_gnp,15,9,12,12,1.000000
bipartite_gnp,15,24,8,8,1.000000
bipartite_gnp,10,16,6,6,1.000000
bipartite_gnp,8,6,5,5,1.000000
bipartite_gnp,19,10,14,14,1.000000
bipartite_gnp,26,61,13,13,1.000000
bipartite_gnp,9,12,6,6,1.000000
bipartite_gnp,19,33,14,14,1.000000
bipartite_gnp,20,25,12,12,1.000000
bipartite_gnp,17,28,12,12,1.000000
bipartite_gnp,26,47,14,14,1.000000
bipartite_gnp,17,22,9,9,1.000000
bipartite_gnp,12,2,10,10,1.000000
bipartite_gnp,17,12,14,14,1.000000
bipartite_gnp,11,11,6,6,1.000000
bipartite_gnp,19,18,14,14,1.000000
bipartite_gnp,13,11,9,9,1.000000
bipartite_gnp,28,71,14,14,1.000000
bipartite_gnp,17,29,12,12,1.000000
bipartite_gnp,12,5,9,9,1.000000
bipartite_gnp,8,6,5,5,1.000000
bipartite_gnp,20,26,11,11,1.000000
bipartite_gnp,13,8,9,9,1.000000
bipartite_gnp,13,6,10,10,1.000000
bipartite_gnp,17,34,11,11,1.000000
bipartite_gnp,11,12,8,8,1.000000
bipartite_gnp,21,28,13,13,1.000000
bipartite_gnp,16,10,11,11,1.000000
bipartite_gnp,9,5,7,7,1.000000
bipartite_gnp,19,18,14,14,1.000000
bipartite_gnp,27,53,14,14,1.000000
bipartite_gnp,17,9,13,13,1.000000
bipartite_gnp,23,69,14,14,1.000000
bipartite_gnp,14,19,8,8,1.000000
bipartite_gnp,12,3,10,10,1.000000
bipartite_gnp,23,11,18,18,1.000000
bipartite_gnp,11,7,8,8,1.000000
bipartite_gnp,23,31,14,14,1.000000
bipartite_gnp,14,24,8,8,1.000000
bipartite_gnp,6,4,4,4,1.000000
bipartite_gnp,19,6,16,16,1.000000
bipartite_gnp,20,15,14,14,1.000000
bipartite_gnp,19,11,14,14,1.000000
bipartite_gnp,12,12,8,8,1.000000
bipartite_gnp,23,31,14,14,1.000000
bipartite_gnp,16,13,12,12,1.000000
bipartite_gnp,18,28,11,11,1.000000
bipartite_gnp,25,79,14,14,1.000000
bipartite_gnp,9,2,7,7,1.000000
bipartite_gnp,21,40,11,11,1.000000
bipartite_gnp,13,17,10,10,1.000000
bipartite_gnp,28,70,14,14,1.000000
bipartite_gnp,17,11,12,12,1.000000
bipartite_gnp,15,17,9,9,1.000000
bipartite_gnp,16,6,11,11,1.000000
bipartite_gnp,26,56,14,14,1.000000
bipartite_gnp,25,41,14,14,1.000000
bipartite_gnp,23,37,13,13,1.000000
bipartite_gnp,13,4,11,11,1.000000
bipartite_gnp,9,7,5,5,1.000000
bipartite_gnp,26,28,16,16,1.000000
bipartite_gnp,19,12,13,13,1.000000
bipartite_gnp,16,29,11,11,1.000000
bipartite_gnp,22,21,12,12,1.000000
bipartite_gnp,17,23,10,10,1.000000
bipartite_gnp,10,0,10,10,1.000000
bipartite_gnp,14,15,8,8,1.000000
bipartite_gnp,16,16,10,10,1.000000
bipartite_gnp,14,15,9,9,1.000000
bipartite_gnp,24,63,12,12,1.000000
bipartite_gnp,21,46,14,14,1.000000
bipartite_gnp,11,5,8,8,1.000000
bipartite_gnp,18,12,12,12,1.000000
bipartite_gnp,25,36,13,13,1.000000
bipartite_gnp,19,32,14,14,1.000000
bipartite_gnp,25,26,15,15,1.000000
bipartite_gnp,17,13,12,12,1.000000
bipartite_gnp,28,59,15,15,1.000000
bipartite_gnp,15,28,8,8,1.000000
bipartite_gnp,23,43,14,14,1.000000
bipartite_gnp,19,12,13,13,1.000000
bipartite_gnp,20,26,11,11,1.000000
bipartite_gnp,22,51,12,12,1.000000
bipartite_gnp,15,15,11,11,1.000000
bipartite_gnp,25,33,14,14,1.000000
bipartite_gnp,18,32,11,11,1.000000
bipartite_gnp,20,14,13,13,1.000000
bipartite_gnp,16,22,12,12,1.000000
bipartite_gnp,26,59,14,14,1.000000
bipartite_gnp,20,24,14,14,1.000000
bipartite_gnp,23,36,13,13,1.000000
bipartite_gnp,15,17,11,11,1.000000
bipartite_gnp,10,11,7,7,1.000000
bipartite_gnp,17,31,10,10,1.000000
bipartite_gnp,16,26,11,11,1.000000
bipartite_gnp,25,74,13,13,1.000000
bipartite_gnp,23,20,15,15,1.000000
bipartite_gnp,26,55,13,13,1.000000
bipartite_gnp,19,40,14,14,1.000000
bipartite_gnp,24,63,13,13,1.000000
bipartite_gnp,16,25,9,9,1.000000
bipartite_gnp,16,30,11,11,1.000000
bipartite_gnp,9,6,6,6,1.000000
bipartite_gnp,20,44,13,13,1.000000
bipartite_gnp,17,33,9,9,1.000000
bipartite_gnp,17,7,12,12,1.000000
bipartite_gnp,13,7,11,11,1.000000
bipartite_gnp,19,14,14,14,1.000000
bipartite_gnp,17,21,13,13,1.000000
bipartite_gnp,12,12,9,9,1.000000
bipartite_gnp,18,23,14,14,1.000000
bipartite_gnp,14,17,8,8,1.000000
bipartite_gnp,25,57,13,13,1.000000
bipartite_gnp,16,19,12,12,1.000000
bipartite_gnp,18,27,13,13,1.000000
bipartite_gnp,12,7,7,7,1.000000
bipartite_gnp,23,39,12,12,1.000000
bipartite_gnp,20,8,14,14,1.000000
bipartite_gnp,13,20,8,8,1.000000
bipartite_gnp,22,30,12,12,1.000000
bipartite_gnp,13,17,8,8,1.000000
bipartite_gnp,19,39,11,11,1.000000
bipartite_gnp,12,9,8,8,1.000000
bipartite_gnp,15,25,8,8,1.000000
bipartite_gnp,17,10,13,13,1.000000
bipartite_gnp,16,15,10,10,1.000000
bipartite_gnp,26,23,15,15,1.000000
bipartite_gnp,22,46,13,13,1.000000
bipartite_gnp,9,4,7,7,1.000000
bipartite_gnp,14,14,10,10,1.000000
bipartite_gnp,18,33,10,10,1.000000
bipartite_gnp,17,26,12,12,1.000000
bipartite_gnp,18,12,12,12,1.000000
bipartite_gnp,23,45,14,14,1.000000
bipartite_gnp,18,28,11,11,1.000000
bipartite_gnp,17,26,10,10,1.000000
bipartite_gnp,19,7,14,14,1.000000
bipartite_gnp,15,23,9,9,1.000000
bipartite_gnp,27,31,15,15,1.000000
bipartite_gnp,24,46,13,13,1.000000
bipartite_gnp,23,25,14,14,1.000000
bipartite_gnp,11,6,8,8,1.000000
bipartite_gnp,24,54,13,13,1.000000
bipartite_gnp,19,15,12,12,1.000000
bipartite_gnp,23,22,14,14,1.000000
bipartite_gnp,17,31,10,10,1.000000
bipartite_gnp,9,5,6,6,1.000000
bipartite_gnp,11,15,8,8,1.000000
bipartite_gnp,21,11,16,16,1.000000
bipartite_gnp,12,10,8,8,1.000000
bipartite_gnp,27,65,14,14,1.000000
bipartite_gnp,15,5,11,11,1.000000
bipartite_gnp,22,15,15,15,1.000000
bipartite_gnp,20,12,14,14,1.000000
bipartite_gnp,17,13,13,13,1.000000
bipartite_gnp,13,17,7,7,1.000000
bipartite_gnp,12,13,8,8,1.000000
bipartite_gnp,21,19,13,13,1.000000
bipartite_gnp,16,15,13,13,1.000000
bipartite_gnp,24,58,13,13,1.000000
bipartite_gnp,12,8,8,8,1.000000
bipartite_gnp,9,9,6,6,1.000000
bipartite_gnp,20,17,13,13,1.000000
bipartite_gnp,22,40,13,13,1.000000
bipartite_gnp,13,7,9,9,1.000000
bipartite_gnp,15,19,9,9,1.000000
bipartite_gnp,23,33,13,13,1.000000
bipartite_gnp,18,25,14,14,1.000000
bipartite_gnp,18,31,10,10,1.000000
bipartite_gnp,24,65,13,13,1.000000
bipartite_gnp,12,1,11,11,1.000000
bipartite_gnp,17,21,14,14,1.000000
bipartite_gnp,11,1,10,10,1.000000
bipartite_gnp,16,24,11,11,1.000000
bipartite_gnp,28,26,17,17,1.000000
bipartite_gnp,21,18,14,14,1.000000
bipartite_gnp,13,15,8,8,1.000000
bipartite_gnp,14,6,11,11,1.000000
bipartite_gnp,19,32,14,14,1.000000
bipartite_gnp,12,13,8,8,1.000000
bipartite_gnp,10,3,8,8,1.000000
bipartite_gnp,10,9,6,6,1.000000
bipartite_gnp,18,36,11,11,1.000000
bipartite_gnp,14,20,9,9,1.000000
bipartite_gnp,17,22,9,9,1.000000
bipartite_gnp,21,15,14,14,1.000000
bipartite_gnp,17,26,11,11,1.000000
bipartite_gnp,22,26,12,12,1.000000
bipartite_gnp,23,67,14,14,1.000000
bipartite_gnp,17,23,9,9,1.000000
bipartite_gnp,13,15,10,10,1.000000
bipartite_gnp,16,15,12,12,1.000000
bipartite_gnp,20,8,15,15,1.000000
bipartite_gnp,26,32,14,14,1.000000
bipartite_gnp,25,31,14,14,1.000000
bipartite_gnp,13,13,10,10,1.000000
bipartite_gnp,18,35,10,10,1.000000
bipartite_gnp,19,28,12,12,1.000000
bipartite_gnp,19,33,14,14,1.000000
bipartite_gnp,13,14,10,10,1.000000
bipartite_gnp,11,6,8,8,1.000000
bipartite_gnp,16,18,13,13,1.000000
bipartite_gnp,20,14,13,13,1.000000
bipartite_gnp,15,7,12,12,1.000000
bipartite_gnp,16,10,12,12,1.000000
bipartite_gnp,25,46,14,14,1.000000
bipartite_gnp,27,69,14,14,1.000000
bipartite_gnp,14,5,12,12,1.000000
bipartite_gnp,17,5,13,13,1.000000
bipartite_gnp,21,42,14,14,1.000000
bipartite_gnp,14,14,8,8,1.000000
bipartite_gnp,17,19,9,9,1.000000
bipartite_gnp,18,22,14,14,1.000000
bipartite_gnp,8,1,7,7,1.000000
bipartite_gnp,22,49,14,14,1.000000
bipartite_gnp,17,29,9,9,1.000000
bipartite_gnp,13,11,9,9,1.000000
bipartite_gnp,16,12,12,12,1.000000
bipartite_gnp,6,3,4,4,1.000000
bipartite_gnp,22,19,14,14,1.000000
bipartite_gnp,13,9,8,8,1.000000
bipartite_gnp,10,4,8,8,1.000000
bipartite_gnp,17,31,9,9,1.000000
bipartite_gnp,11,5,9,9,1.000000
bipartite_gnp,18,30,11,11,1.000000
bipartite_gnp,24,22,15,15,1.000000
bipartite_gnp,23,58,14,14,1.000000
bipartite_gnp,16,30,10,10,1.000000
bipartite_gnp,10,4,8,8,1.000000
bipartite_gnp,22,34,14,14,1.000000
bipartite_gnp,21,43,13,13,1.000000
bipartite_gnp,14,22,8,8,1.000000
bipartite_gnp,18,28,14,14,1.000000
bipartite_gnp,20,36,13,13,1.000000
bipartite_gnp,16,12,13,13,1.000000
bipartite_gnp,15,9,10,10,1.000000
bipartite_gnp,23,51,12,12,1.000000
bipartite_gnp,15,21,11,11,1.000000
bipartite_gnp,18,18,14,14,1.000000
bipartite_gnp,22,11,15,15,1.000000
bipartite_gnp,19,40,11,11,1.000000
bipartite_gnp,10,1,9,9,1.000000
bipartite_gnp,24,74,14,14,1.000000
bipartite_gnp,26,93,14,14,1.000000
bipartite_gnp,20,9,14,14,1.000000
bipartite_gnp,19,25,13,13,1.000000
bipartite_gnp,13,5,10,10,1.000000
bipartite_gnp,16,28,10,10,1.000000
bipartite_gnp,14,9,11,11,1.000000
bipartite_gnp,9,4,6,6,1.000000
bipartite_gnp,17,13,12,12,1.000000
bipartite_gnp,24,67,13,13,1.000000
bipartite_gnp,16,14,11,11,1.000000
bipartite_gnp,20,20,13,13,1.000000
bipartite_gnp,27,42,15,15,1.000000
bipartite_gnp,16,8,13,13,1.000000
bipartite_gnp,22,39,11,11,1.000000
bipartite_gnp,9,5,6,6,1.000000
bipartite_gnp,20,8,15,15,1.000000
bipartite_gnp,12,4,9,9,1.000000
bipartite_gnp,13,22,7,7,1.000000
bipartite_gnp,16,31,9,9,1.000000
bipartite_gnp,14,15,8,8,1.000000
bipartite_gnp,10,6,7,7,1.000000
bipartite_gnp,13,15,9,9,1.000000
bipartite_gnp,23,50,14,14,1.000000
bipartite_gnp,11,9,7,7,1.000000
bipartite_gnp,9,4,7,7,1.000000
bipartite_gnp,17,13,10,10,1.000000
bipartite_gnp,9,7,5,5,1.000000
bipartite_gnp,22,33,13,13,1.000000
bipartite_gnp,24,13,18,18,1.000000
bipartite_gnp,21,51,12,12,1.000000
bipartite_gnp,25,47,14,14,1.000000
bipartite_gnp,23,11,16,16,1.000000
bipartite_gnp,15,10,10,10,1.000000
bipartite_gnp,18,17,11,11,1.000000
bipartite_gnp,15,12,10,10,1.000000
bipartite_gnp,19,16,11,11,1.000000
bipartite_gnp,25,72,14,14,1.000000
bipartite_gnp,7,9,4,4,1.000000
bipartite_gnp,14,2,13,13,1.000000
bipartite_gnp,19,12,13,13,1.000000
bipartite_gnp,23,27,15,15,1.000000
bipartite_gnp,22,14,15,15,1.000000
bipartite_gnp,15,5,12,12,1.000000
bipartite_gnp,14,5,11,11,1.000000
bipartite_gnp,20,27,11,11,1.000000
bipartite_gnp,17,31,11,11,1.000000
bipartite_gnp,8,8,5,5,1.000000
bipartite_gnp,18,31,11,11,1.000000
bipartite_gnp,17,5,13,13,1.000000
bipartite_gnp,18,28,13,13,1.000000
bipartite_gnp,26,54,14,14,1.000000
bipartite_gnp,18,42,11,11,1.000000
bipartite_gnp,6,2,5,5,1.000000
bipartite_gnp,14,20,9,9,1.000000
bipartite_gnp,16,19,12,12,1.000000
bipartite_gnp,27,81,14,14,1.000000
bipartite_gnp,11,7,8,8,1.000000
bipartite_gnp,21,38,11,11,1.000000
bipartite_gnp,10,1,9,9,1.000000
bipartite_gnp,13,4,11,11,1.000000
bipartite_gnp,12,18,9,9,1.000000
bipartite_gnp,20,36,12,12,1.000000
bipartite_gnp,13,19,9,9,1.000000
bipartite_gnp,19,25,14,14,1.000000
bipartite_gnp,14,20,8,8,1.000000
bipartite_gnp,11,7,8,8,1.000000
bipartite_gnp,15,13,11,11,1.000000
bipartite_gnp,9,7,6,6,1.000000
bipartite_gnp,20,15,15,15,1.000000
bipartite_gnp,13,6,9,9,1.000000
bipartite_gnp,26,69,13,13,1.000000
bipartite_gnp,15,22,11,11,1.000000
bipartite_gnp,12,4,10,10,1.000000
bipartite_gnp,9,5,7,7,1.000000
bipartite_gnp,17,14,12,12,1.000000
bipartite_gnp,16,11,13,13,1.000000
bipartite_gnp,18,33,13,13,1.000000
bipartite_gnp,26,31,15,15,1.000000
bipartite_gnp,16,31,10,10,1.000000
bipartite_gnp,17,34,9,9,1.000000
bipartite_gnp,17,8,13,13,1.000000
bipartite_gnp,13,3,11,11,1.000000
bipartite_gnp,20,47,12,12,1.000000
bipartite_gnp,16,19,10,10,1.000000
bipartite_gnp,18,12,15,15,1.000000
bipartite_gnp,15,12,12,12,1.000000
bipartite_gnp,22,21,14,14,1.000000
bipartite_gnp,16,12,10,10,1.000000
bipartite_gnp,10,9,6,6,1.000000
bipartite_gnp,11,13,7,7,1.000000
bipartite_gnp,20,17,15,15,1.000000
bipartite_gnp,20,40,11,11,1.000000
bipartite_gnp,20,21,14,14,1.000000
bipartite_gnp,11,7,8,8,1.000000
bipartite_gnp,8,2,7,7,1.000000
bipartite_gnp,15,29,10,10,1.000000
bipartite_gnp,24,61,14,14,1.000000
bipartite_gnp,16,16,11,11,1.000000
bipartite_gnp,20,40,14,14,1.000000
bipartite_gnp,19,15,14,14,1.000000
bipartite_gnp,8,5,5,5,1.000000
bipartite_gnp,23,25,13,13,1.000000
bipartite_gnp,21,44,11,11,1.000000
bipartite_gnp,12,2,10,10,1.000000
bipartite_gnp,17,28,11,11,1.000000
bipartite_gnp,26,55,13,13,1.000000
bipartite_gnp,8,2,6,6,1.000000
bipartite_gnp,23,31,14,14,1.000000
bipartite_gnp,15,9,11,11,1.000000
bipartite_gnp,21,41,13,13,1.000000
bipartite_gnp,16,8,12,12,1.000000
bipartite_gnp,25,44,14,14,1.000000
bipartite_gnp,22,60,11,11,1.000000
bipartite_gnp,23,64,13,13,1.000000
bipartite_gnp,14,15,11,11,1.000000
bipartite_gnp,15,6,12,12,1.000000
bipartite_gnp,16,14,10,10,1.000000
bipartite_gnp,21,49,13,13,1.000000
bipartite_gnp,18,13,13,13,1.000000
bipartite_gnp,23,10,17,17,1.000000
bipartite_gnp,15,19,12,12,1.000000
bipartite_gnp,12,12,7,7,1.000000
bipartite_gnp,20,31,13,13,1.000000
bipartite_gnp,11,10,7,7,1.000000
bipartite_gnp,15,22,9,9,1.000000
bipartite_gnp,20,20,13,13,1.000000
bipartite_gnp,22,33,13,13,1.000000
bipartite_gnp,10,11,7,7,1.000000
bipartite_gnp,18,36,11,11,1.000000
bipartite_gnp,14,17,8,8,1.000000
bipartite_gnp,18,36,13,13,1.000000
bipartite_gnp,13,11,8,8,1.000000
bipartite_gnp,14,10,11,11,1.000000
bipartite_gnp,18,38,10,10,1.000000
bipartite_gnp,13,13,9,9,1.000000
bipartite_gnp,20,32,13,13,1.000000
bipartite_gnp,24,36,13,13,1.000000
bipartite_gnp,25,52,14,14,1.000000
bipartite_gnp,14,2,13,13,1.000000
bipartite_gnp,13,3,10,10,1.000000
bipartite_gnp,10,11,6,6,1.000000
bipartite_gnp,21,9,16,16,1.000000
bipartite_gnp,19,38,11,11,1.000000
bipartite_gnp,17,26,12,12,1.000000
bipartite_gnp,15,15,12,12,1.000000
bipartite_gnp,15,7,10,10,1.000000
bipartite_gnp,22,57,11,11,1.000000
bipartite_gnp,24,55,13,13,1.000000
bipartite_gnp,18,22,14,14,1.000000
bipartite_gnp,15,15,9,9,1.000000
bipartite_gnp,19,32,11,11,1.000000
bipartite_gnp,22,17,15,15,1.000000
bipartite_gnp,26,61,14,14,1.000000
bipartite_gnp,23,55,12,12,1.000000
bipartite_gnp,16,9,13,13,1.000000
bipartite_gnp,26,87,14,14,1.000000
bipartite_gnp,20,16,14,14,1.000000
bipartite_gnp,13,8,8,8,1.000000
bipartite_gnp,26,49,14,14,1.000000
bipartite_gnp,16,13,10,10,1.000000
bipartite_gnp,18,23,14,14,1.000000
bipartite_gnp,12,18,7,7,1.000000
bipartite_gnp,20,13,14,14,1.000000
bipartite_gnp,19,40,14,14,1.000000
bipartite_gnp,21,39,14,14,1.000000
bipartite_gnp,20,17,15,15,1.000000
bipartite_gnp,20,13,14,14,1.000000
bipartite_gnp,13,10,9,9,1.000000
bipartite_gnp,12,15,8,8,1.000000
bipartite_gnp,14,7,10,10,1.000000
bipartite_gnp,10,4,8,8,1.000000
bipartite_gnp,20,31,11,11,1.000000
bipartite_gnp,14,29,9,9,1.000000
bipartite_gnp,12,4,11,11,1.000000
bipartite_gnp,15,13,11,11,1.000000
bipartite_gnp,15,12,10,10,1.000000
bipartite_gnp,7,6,4,4,1.000000
bipartite_gnp,19,25,12,12,1.000000
bipartite_gnp,21,7,16,16,1.000000
bipartite_gnp,25,55,14,14,1.000000
bipartite_gnp,17,12,13,13,1.000000
bipartite_gnp,10,9,6,6,1.000000
bipartite_gnp,25,49,14,14,1.000000
bipartite_gnp,19,37,10,10,1.000000
bipartite_gnp,18,16,13,13,1.000000
bipartite_gnp,18,27,10,10,1.000000
bipartite_gnp,24,58,13,13,1.000000
bipartite_gnp,17,32,10,10,1.000000
bipartite_gnp,15,18,9,9,1.000000
bipartite_gnp,24,20,16,16,1.000000
bipartite_gnp,27,60,14,14,1.000000
bipartite_gnp,18,18,14,14,1.000000
bipartite_gnp,14,4,11,11,1.000000
bipartite_gnp,19,32,10,10,1.000000
bipartite_gnp,18,11,14,14,1.000000
bipartite_gnp,11,9,6,6,1.000000
bipartite_gnp,23,47,13,13,1.000000
bipartite_gnp,20,9,15,15,1.000000
bipartite_gnp,22,67,11,11,1.000000
bipartite_gnp,15,9,10,10,1.000000
bipartite_gnp,14,15,8,8,1.000000
bipartite_gnp,15,13,9,9,1.000000
bipartite_gnp,18,36,10,10,1.000000
bipartite_gnp,25,37,14,14,1.000000
bipartite_gnp,12,2,11,11,1.000000
bipartite_gnp,25,56,13,13,1.000000
bipartite_gnp,19,39,10,10,1.000000
bipartite_gnp,25,35,13,14,1.076923
bipartite_gnp,22,40,13,13,1.000000
bipartite_gnp,24,60,12,12,1.000000
bipartite_gnp,24,61,13,13,1.000000
bipartite_gnp,27,23,16,16,1.000000
bipartite_gnp,23,39,12,12,1.000000
bipartite_gnp,27,104,14,14,1.000000
bipartite_gnp,13,12,10,10,1.000000
bipartite_gnp,20,24,14,14,1.000000
bipartite_gnp,10,7,7,7,1.000000
bipartite_gnp,10,4,8,8,1.000000
bipartite_gnp,16,12,12,12,1.000000
bipartite_gnp,28,59,14,14,1.000000
bipartite_gnp,17,31,10,10,1.000000
bipartite_gnp,23,65,14,14,1.000000
bipartite_gnp,18,29,13,13,1.000000
bipartite_gnp,11,8,8,8,1.000000
bipartite_gnp,24,36,14,14,1.000000
bipartite_gnp,22,56,11,11,1.000000
bipartite_gnp,20,25,12,12,1.000000
bipartite_gnp,12,3,9,9,1.000000
bipartite_gnp,23,42,12,12,1.000000
bipartite_gnp,13,15,7,7,1.000000
bipartite_gnp,12,10,8,8,1.000000
bipartite_gnp,19,23,13,13,1.000000
bipartite_gnp,10,8,6,6,1.000000
bipartite_gnp,18,14,14,14,1.000000
bipartite_gnp,22,54,11,11,1.000000
bipartite_gnp,26,39,14,14,1.000000
bipartite_gnp,18,13,12,12,1.000000
bipartite_gnp,19,20,14,14,1.000000
bipartite_gnp,10,0,10,10,1.000000
bipartite_gnp,12,17,8,8,1.000000
bipartite_gnp,17,4,14,14,1.000000
bipartite_gnp,12,12,7,7,1.000000
bipartite_gnp,11,12,7,7,1.000000
bipartite_gnp,20,34,14,14,1.000000
bipartite_gnp,14,2,13,13,1.000000
bipartite_gnp,15,11,12,12,1.000000
bipartite_gnp,17,18,12,12,1.000000
bipartite_gnp,16,7,12,12,1.000000
bipartite_gnp,8,1,7,7,1.000000
bipartite_gnp,18,32,13,13,1.000000
bipartite_gnp,20,48,13,13,1.000000
bipartite_gnp,9,8,6,6,1.000000
bipartite_gnp,14,5,11,11,1.000000
bipartite_gnp,10,2,8,8,1.000000
bipartite_gnp,16,4,13,13,1.000000
bipartite_gnp,11,5,8,8,1.000000
bipartite_gnp,15,8,11,11,1.000000
bipartite_gnp,11,6,9,9,1.000000
bipartite_gnp,28,66,15,15,1.000000
bipartite_gnp,7,3,5,5,1.000000
bipartite_gnp,20,15,14,14,1.000000
bipartite_gnp,18,25,12,12,1.000000
bipartite_gnp,25,41,14,14,1.000000
bipartite_gnp,12,11,7,7,1.000000
bipartite_gnp,8,4,5,5,1.000000
bipartite_gnp,16,11,13,13,1.000000
bipartite_gnp,17,17,14,14,1.000000
bipartite_gnp,19,12,14,14,1.000000
bipartite_gnp,11,8,8,8,1.000000
bipartite_gnp,18,31,13,13,1.000000
bipartite_gnp,20,41,13,13,1.000000
bipartite_gnp,18,18,14,14,1.000000
bipartite_gnp,28,27,17,17,1.000000
bipartite_gnp,23,69,12,12,1.000000
bipartite_gnp,15,5,12,12,1.000000
bipartite_gnp,25,67,13,13,1.000000
bipartite_gnp,12,10,8,8,1.000000
bipartite_gnp,18,24,14,14,1.000000
bipartite_gnp,7,4,5,5,1.000000
bipartite_gnp,10,10,7,7,1.000000
bipartite_gnp,12,3,10,10,1.000000
bipartite_gnp,14,16,9,9,1.000000
bipartite_gnp,16,16,13,13,1.000000
bipartite_gnp,18,27,13,13,1.000000
bipartite_gnp,17,12,11,11,1.000000
bipartite_gnp,22,17,14,14,1.000000
bipartite_gnp,17,25,14,14,1.000000
bipartite_gnp,17,19,10,10,1.000000
bipartite_gnp,26,20,16,16,1.000000
bipartite_gnp,14,17,10,10,1.000000
bipartite_gnp,22,27,13,13,1.000000
bipartite_gnp,17,8,14,14,1.000000
bipartite_gnp,20,25,12,12,1.000000
bipartite_gnp,12,19,6,6,1.000000
bipartite_gnp,20,33,13,13,1.000000
bipartite_gnp,23,26,13,13,1.000000
bipartite_gnp,20,46,11,11,1.000000
bipartite_gnp,20,48,11,11,1.000000
bipartite_gnp,17,19,14,14,1.000000
bipartite_gnp,19,18,14,14,1.000000
bipartite_gnp,10,3,7,7,1.000000
bipartite_gnp,13,6,9,9,1.000000
bipartite_gnp,24,22,14,14,1.000000
bipartite_gnp,12,5,10,10,1.000000
bipartite_gnp,13,18,8,8,1.000000
bipartite_gnp,15,16,11,11,1.000000
bipartite_gnp,12,7,9,9,1.000000
bipartite_gnp,24,45,14,14,1.000000
bipartite_gnp,13,3,11,11,1.000000
bipartite_gnp,19,29,12,12,1.000000
bipartite_gnp,15,18,10,10,1.000000
bipartite_gnp,21,33,12,12,1.000000
bipartite_gnp,12,8,6,6,1.000000
bipartite_gnp,12,13,7,7,1.000000
bipartite_gnp,15,14,12,12,1.000000
bipartite_gnp,22,30,12,12,1.000000
bipartite_gnp,10,2,8,8,1.000000
bipartite_gnp,14,7,11,11,1.000000
bipartite_gnp,16,12,13,13,1.000000
bipartite_gnp,20,31,12,12,1.000000
bipartite_gnp,14,4,10,10,1.000000
bipartite_gnp,17,26,9,9,1.000000
bipartite_gnp,16,20,12,12,1.000000
bipartite_gnp,20,32,14,14,1.000000
bipartite_gnp,10,12,7,7,1.000000
bipartite_gnp,27,57,14,14,1.000000
bipartite_gnp,28,76,15,15,1.000000
bipartite_gnp,16,13,13,13,1.000000
bipartite_gnp,16,15,9,9,1.000000
bipartite_gnp,16,5,12,12,1.000000
bipartite_gnp,24,44,14,14,1.000000
bipartite_gnp,19,38,12,12,1.000000
bipartite_gnp,16,10,11,11,1.000000
bipartite_gnp,24,62,13,13,1.000000
bipartite_gnp,15,25,10,10,1.000000
bipartite_gnp,20,9,16,16,1.000000
bipartite_gnp,20,35,12,12,1.000000
bipartite_gnp,15,21,12,12,1.000000
bipartite_gnp,21,44,11,11,1.000000
bipartite_gnp,21,15,14,14,1.000000
bipartite_gnp,17,23,11,11,1.000000
bipartite_gnp,24,67,13,13,1.000000
bipartite_gnp,22,40,14,14,1.000000
bipartite_gnp,12,3,10,10,1.000000
bipartite_gnp,23,54,12,12,1.000000
bipartite_gnp,14,12,9,9,1.000000
bipartite_gnp,13,16,9,9,1.000000
bipartite_gnp,16,18,8,8,1.000000
bipartite_gnp,9,1,8,8,1.000000
bipartite_gnp,19,10,14,14,1.000000
bipartite_gnp,12,8,8,8,1.000000
bipartite_gnp,13,11,10,10,1.000000
bipartite_gnp,22,33,14,14,1.000000
bipartite_gnp,11,8,7,7,1.000000
bipartite_gnp,14,15,9,9,1.000000
bipartite_gnp,25,32,14,14,1.000000
bipartite_gnp,13,19,8,8,1.000000
bipartite_gnp,21,15,14,14,1.000000
bipartite_gnp,13,16,9,9,1.000000
bipartite_gnp,22,31,13,13,1.000000
bipartite_gnp,19,23,10,10,1.000000
bipartite_gnp,12,6,8,8,1.000000
bipartite_gnp,20,12,13,13,1.000000
bipartite_gnp,7,4,4,4,1.000000
bipartite_gnp,22,29,12,12,1.000000
bipartite_gnp,17,16,12,12,1.000000
bipartite_gnp,11,3,9,9,1.000000
bipartite_gnp,21,55,12,12,1.000000
bipartite_gnp,12,11,8,8,1.000000
bipartite_gnp,22,59,12,12,1.000000
bipartite_gnp,23,24,14,14,1.000000
bipartite_gnp,20,21,14,14,1.000000
bipartite_gnp,23,56,14,14,1.000000
bipartite_gnp,13,13,10,10,1.000000
bipartite_gnp,19,27,10,10,1.000000
bipartite_gnp,14,11,9,9,1.000000
bipartite_gnp,9,6,6,6,1.000000
bipartite_gnp,22,38,13,13,1.000000
bipartite_gnp,19,43,12,12,1.000000
bipartite_gnp,26,40,13,13,1.000000
bipartite_gnp,16,20,9,9,1.000000
bipartite_gnp,12,11,9,9,1.000000
bipartite_gnp,19,21,11,11,1.000000
bipartite_gnp,15,21,10,10,1.000000
bipartite_gnp,18,22,13,13,1.000000
bipartite_gnp,20,30,12,12,1.000000
bipartite_gnp,14,19,10,10,1.000000
bipartite_gnp,14,8,10,10,1.000000
bipartite_gnp,22,56,14,14,1.000000
bipartite_gnp,16,28,10,10,1.000000
bipartite_gnp,22,45,13,13,1.000000
bipartite_gnp,15,14,11,11,1.000000
bipartite_gnp,18,14,13,13,1.000000
bipartite_gnp,24,36,14,14,1.000000
bipartite_gnp,24,44,14,14,1.000000
bipartite_gnp,28,93,14,14,1.000000
bipartite_gnp,17,14,13,13,1.000000
bipartite_gnp,10,4,7,7,1.000000
bipartite_gnp,13,21,7,7,1.000000
bipartite_gnp,22,41,14,14,1.000000
bipartite_gnp,21,31,14,14,1.000000
bipartite_gnp,19,22,11,11,1.000000
bipartite_gnp,13,8,9,9,1.000000
bipartite_gnp,15,15,12,12,1.000000
bipartite_gnp,23,47,13,13,1.000000
bipartite_gnp,17,12,11,11,1.000000
bipartite_gnp,13,2,11,11,1.000000
bipartite_gnp,18,16,14,14,1.000000
bipartite_gnp,13,7,10,10,1.000000
bipartite_gnp,26,19,18,18,1.000000
bipartite_gnp,16,11,12,12,1.000000
bipartite_gnp,12,9,9,9,1.000000
bipartite_gnp,19,18,12,12,1.000000
bipartite_gnp,23,41,14,14,1.000000
bipartite_gnp,9,3,7,7,1.000000
bipartite_gnp,19,25,11,11,1.000000
bipartite_gnp,10,7,7,7,1.000000
bipartite_gnp,13,3,11,11,1.000000
bipartite_gnp,26,87,13,13,1.000000
bipartite_gnp,9,5,6,6,1.000000
bipartite_gnp,18,23,11,11,1.000000
bipartite_gnp,17,23,13,13,1.000000
bipartite_gnp,18,34,11,11,1.000000
bipartite_gnp,21,32,13,13,1.000000
bipartite_gnp,25,50,14,14,1.000000
bipartite_gnp,19,41,11,11,1.000000
bipartite_gnp,17,10,14,14,1.000000
bipartite_gnp,21,16,15,15,1.000000
bipartite_gnp,23,59,12,12,1.000000
bipartite_gnp,22,42,12,12,1.000000
bipartite_gnp,20,35,13,13,1.000000
bipartite_gnp,20,21,13,13,1.000000
bipartite_gnp,22,43,14,14,1.000000
bipartite_gnp,16,18,13,13,1.000000
bipartite_gnp,14,8,10,10,1.000000
bipartite_gnp,22,40,14,14,1.000000
bipartite_gnp,24,18,15,15,1.000000
bipartite_gnp,22,27,14,14,1.000000
bipartite_gnp,15,10,9,9,1.000000
bipartite_gnp,9,9,5,5,1.000000
bipartite_gnp,15,20,9,9,1.000000
bipartite_gnp,10,8,7,7,1.000000
bipartite_gnp,12,19,6,6,1.000000
bipartite_gnp,20,33,11,11,1.000000
bipartite_gnp,25,34,13,13,1.000000
bipartite_gnp,28,64,14,14,1.000000
bipartite_gnp,12,14,8,8,1.000000
bipartite_gnp,13,7,8,8,1.000000
bipartite_gnp,17,13,12,12,1.000000
bipartite_gnp,14,11,10,10,1.000000
bipartite_gnp,13,10,8,8,1.000000
bipartite_gnp,9,1,8,8,1.000000
bipartite_gnp,17,29,10,10,1.000000
bipartite_gnp,19,24,13,13,1.000000
bipartite_gnp,20,17,12,12,1.000000
bipartite_gnp,18,22,13,13,1.000000
bipartite_gnp,8,7,5,5,1.000000
bipartite_gnp,16,21,9,9,1.000000
bipartite_gnp,10,4,7,7,1.000000
bipartite_gnp,19,32,10,10,1.000000
bipartite_gnp,13,2,11,11,1.000000
bipartite_gnp,14,14,11,11,1.000000
bipartite_gnp,14,9,9,9,1.000000
bipartite_gnp,18,13,12,12,1.000000
bipartite_gnp,13,11,9,9,1.000000
bipartite_gnp,21,41,13,13,1.000000
bipartite_gnp,12,11,8,8,1.000000
bipartite_gnp,17,1,16,16,1.000000
bipartite_gnp,19,14,13,13,1.000000
bipartite_gnp,11,3,9,9,1.000000
bipartite_gnp,15,18,10,10,1.000000
bipartite_gnp,16,39,10,10,1.000000
bipartite_gnp,15,13,11,11,1.000000
bipartite_gnp,14,4,10,10,1.000000
bipartite_gnp,8,6,6,6,1.000000
bipartite_gnp,25,71,14,14,1.000000
bipartite_gnp,12,18,7,7,1.000000
bipartite_gnp,17,5,13,13,1.000000
bipartite_gnp,25,48,14,14,1.000000
bipartite_gnp,17,7,13,13,1.000000
bipartite_gnp,13,14,7,7,1.000000
bipartite_gnp,19,23,11,11,1.000000
bipartite_gnp,20,30,14,14,1.000000
bipartite_gnp,18,39,9,9,1.000000
bipartite_gnp,23,48,14,14,1.000000
bipartite_gnp,18,7,13,13,1.000000
bipartite_gnp,24,24,14,14,1.000000
bipartite_gnp,17,34,11,11,1.000000
bipartite_gnp,16,27,9,9,1.000000
bipartite_gnp,17,26,11,11,1.000000
bipartite_gnp,22,72,11,11,1.000000
bipartite_gnp,23,12,17,17,1.000000
bipartite_gnp,22,50,14,14,1.000000
bipartite_gnp,16,15,11,11,1.000000
bipartite_gnp,20,11,14,14,1.000000
bipartite_gnp,19,19,12,12,1.000000
bipartite_gnp,15,18,8,8,1.000000
bipartite_gnp,25,53,13,13,1.000000
bipartite_gnp,7,3,5,5,1.000000
bipartite_gnp,14,5,12,12,1.000000
bipartite_gnp,22,55,14,14,1.000000
bipartite_gnp,27,69,14,14,1.000000
bipartite_gnp,19,36,11,11,1.000000
bipartite_gnp,6,4,3,3,1.000000
bipartite_gnp,15,7,11,11,1.000000
bipartite_gnp,21,45,12,12,1.000000
bipartite_gnp,21,42,14,14,1.000000
bipartite_gnp,19,28,13,13,1.000000
bipartite_gnp,24,77,13,13,1.000000
bipartite_gnp,15,15,9,9,1.000000
bipartite_gnp,17,20,13,13,1.000000
bipartite_gnp,21,10,14,14,1.000000
bipartite_gnp,26,61,13,13,1.000000
bipartite_gnp,21,36,13,13,1.000000
bipartite_gnp,15,21,8,8,1.000000
bipartite_gnp,19,8,14,14,1.000000
bipartite_gnp,16,11,12,12,1.000000
bipartite_gnp,21,30,12,12,1.000000
bipartite_gnp,17,15,13,13,1.000000
bipartite_gnp,18,9,14,14,1.000000
bipartite_gnp,20,26,11,11,1.000000
bipartite_gnp,13,9,9,9,1.000000
bipartite_gnp,13,11,9,9,1.000000
bipartite_gnp,11,6,8,8,1.000000
bipartite_gnp,24,46,13,13,1.000000
bipartite_gnp,27,31,16,16,1.000000
bipartite_gnp,18,15,11,11,1.000000
bipartite_gnp,14,19,9,9,1.000000
bipartite_gnp,9,3,7,7,1.000000
bipartite_gnp,27,70,15,15,1.000000
bipartite_gnp,25,43,14,14,1.000000
bipartite_gnp,18,25,10,10,1.000000
bipartite_gnp,19,44,10,10,1.000000
bipartite_gnp,9,4,7,7,1.000000
bipartite_gnp,17,21,13,13,1.000000
bipartite_gnp,15,15,9,9,1.000000
bipartite_gnp,15,12,9,9,1.000000
bipartite_gnp,21,35,14,14,1.000000
bipartite_gnp,16,18,12,12,1.000000
bipartite_gnp,19,24,14,14,1.000000
bipartite_gnp,16,20,11,11,1.000000
bipartite_gnp,16,23,11,11,1.000000
bipartite_gnp,7,1,6,6,1.000000
bipartite_gnp,8,2,6,6,1.000000
bipartite_gnp,17,24,10,10,1.000000
bipartite_gnp,15,18,10,10,1.000000
bipartite_gnp,12,3,10,10,1.000000
bipartite_gnp,19,36,11,11,1.000000
bipartite_gnp,13,1,12,12,1.000000
bipartite_gnp,26,65,14,14,1.000000
bipartite_gnp,15,9,11,11,1.000000
bipartite_gnp,20,43,13,13,1.000000
bipartite_gnp,20,46,10,10,1.000000
bipartite_gnp,10,10,6,6,1.000000
bipartite_gnp,14,11,11,11,1.000000
bipartite_gnp,18,28,13,13,1.000000
bipartite_gnp,20,50,11,11,1.000000
bipartite_gnp,15,14,11,11,1.000000
bipartite_gnp,17,20,12,12,1.000000
bipartite_gnp,27,49,14,14,1.000000
bipartite_gnp,22,37,14,14,1.000000
bipartite_gnp,24,54,13,13,1.000000
bipartite_gnp,21,30,13,13,1.000000
bipartite_gnp,20,30,13,13,1.000000
bipartite_gnp,20,10,14,14,1.000000
bipartite_gnp,18,13,12,12,1.000000
bipartite_gnp,19,29,12,12,1.000000
bipartite_gnp,17,13,12,12,1.000000
bipartite_gnp,23,40,13,13,1.000000
bipartite_gnp,14,12,9,9,1.000000
bipartite_gnp,20,36,11,11,1.000000
bipartite_gnp,21,19,13,13,1.000000
bipartite_gnp,20,36,13,13,1.000000
bipartite_gnp,20,27,14,14,1.000000
bipartite_gnp,14,15,9,9,1.000000
bipartite_gnp,15,19,11,11,1.000000
bipartite_gnp,14,7,10,10,1.000000
bipartite_gnp,8,4,6,6,1.000000
bipartite_gnp,16,15,10,10,1.000000
bipartite_gnp,17,11,12,12,1.000000
bipartite_gnp,24,46,13,13,1.000000
bipartite_gnp,21,42,14,14,1.000000
bipartite_gnp,21,21,13,13,1.000000
bipartite_gnp,11,5,8,8,1.000000
bipartite_gnp,6,1,5,5,1.000000
bipartite_gnp,14,18,9,9,1.000000
bipartite_gnp,13,17,8,8,1.000000
bipartite_gnp,26,77,13,13,1.000000
bipartite_gnp,17,7,13,13,1.000000
bipartite_gnp,16,15,10,10,1.000000
bipartite_gnp,17,28,12,12,1.000000
bipartite_gnp,18,38,9,9,1.000000
bipartite_gnp,17,37,9,9,1.000000
bipartite_gnp,13,17,10,10,1.000000
bipartite_gnp,13,5,10,10,1.000000
bipartite_gnp,20,46,12,12,1.000000
bipartite_gnp,18,17,12,12,1.000000
bipartite_gnp,22,37,14,14,1.000000
bipartite_gnp,20,25,14,14,1.000000
bipartite_gnp,23,58,13,13,1.000000
bipartite_gnp,27,57,14,14,1.000000
bipartite_gnp,18,21,14,14,1.000000
bipartite_gnp,15,16,11,11,1.000000
bipartite_gnp,19,35,11,11,1.000000
bipartite_gnp,23,57,12,12,1.000000
bipartite_gnp,11,12,7,7,1.000000
bipartite_gnp,18,6,14,14,1.000000
bipartite_gnp,16,9,13,13,1.000000
bipartite_gnp,17,38,9,9,1.000000
bipartite_gnp,7,7,4,4,1.000000
bipartite_gnp,17,31,10,10,1.000000
bipartite_gnp,19,10,14,14,1.000000
bipartite_gnp,20,28,11,11,1.000000
bipartite_gnp,9,9,6,6,1.000000
bipartite_gnp,20,53,11,11,1.000000
bipartite_gnp,16,31,9,9,1.000000
bipartite_gnp,8,6,5,5,1.000000
bipartite_gnp,20,16,14,14,1.000000
bipartite_gnp,17,21,11,11,1.000000
bipartite_gnp,11,5,8,8,1.000000
bipartite_gnp,13,20,10,10,1.000000
bipartite_gnp,22,11,16,16,1.000000
bipartite_gnp,23,44,14,14,1.000000
bipartite_gnp,17,15,12,12,1.000000
bipartite_gnp,15,8,11,11,1.000000
bipartite_gnp,13,6,9,9,1.000000
bipartite_gnp,21,31,14,14,1.000000
bipartite_gnp,15,2,13,13,1.000000
bipartite_gnp,16,11,11,11,1.000000
bipartite_gnp,10,5,7,7,1.000000
bipartite_gnp,14,18,9,9,1.000000
bipartite_gnp,22,49,14,14,1.000000
bipartite_gnp,22,22,14,14,1.000000
bipartite_gnp,21,56,11,11,1.000000
bipartite_gnp,15,22,8,8,1.000000
bipartite_gnp,23,54,12,12,1.000000
bipartite_gnp,20,15,15,15,1.000000
bipartite_gnp,15,7,11,11,1.000000
bipartite_gnp,22,19,15,15,1.000000
bipartite_gnp,17,25,12,12,1.000000
bipartite_gnp,15,9,10,10,1.000000
bipartite_gnp,21,17,13,13,1.000000
bipartite_gnp,14,7,11,11,1.000000
bipartite_gnp,21,25,14,14,1.000000
bipartite_gnp,11,6,7,7,1.000000
regular,14,21,6,6,1.000000
regular,8,16,3,3,1.000000
regular,12,30,3,3,1.000000
regular,9,18,3,3,1.000000
regular,14,35,4,4,1.000000
regular,16,32,6,6,1.000000
regular,16,40,5,5,1.000000
regular,13,26,5,5,1.000000
regular,14,35,4,4,1.000000
regular,12,18,5,5,1.000000
regular,13,26,5,5,1.000000
regular,12,30,4,4,1.000000
regular,13,26,5,5,1.000000
regular,11,22,4,4,1.000000
regular,10,15,4,4,1.000000
regular,16,40,5,5,1.000000
regular,14,21,6,6,1.000000
regular,12,24,5,5,1.000000
regular,14,35,4,4,1.000000
regular,10,15,4,4,1.000000
regular,12,30,4,4,1.000000
regular,11,22,4,4,1.000000
regular,10,25,3,3,1.000000
regular,16,24,6,6,1.000000
regular,12,18,5,5,1.000000
regular,12,18,5,5,1.000000
regular,16,24,6,6,1.000000
regular,16,24,6,6,1.000000
regular,16,24,6,6,1.000000
regular,14,21,6,6,1.000000
regular,8,12,3,3,1.000000
regular,12,24,4,4,1.000000
regular,16,32,6,6,1.000000
regular,11,22,4,4,1.000000
regular,10,20,3,3,1.000000
regular,9,18,3,3,1.000000
regular,11,22,4,4,1.000000
regular,8,20,2,2,1.000000
regular,12,30,4,4,1.000000
regular,12,30,4,4,1.000000
regular,8,16,3,3,1.000000
regular,12,18,5,5,1.000000
regular,8,20,2,2,1.000000
regular,10,15,4,4,1.000000
regular,10,20,4,4,1.000000
regular,14,21,6,6,1.000000
regular,12,18,4,5,1.250000
regular,16,24,7,7,1.000000
regular,9,18,3,3,1.000000
regular,14,21,6,6,1.000000
regular,8,20,2,2,1.000000
regular,12,24,4,4,1.000000
regular,16,40,6,6,1.000000
regular,15,30,5,5,1.000000
regular,10,25,3,3,1.000000
regular,8,20,2,2,1.000000
regular,12,30,3,3,1.000000
regular,8,20,3,3,1.000000
regular,11,22,4,4,1.000000
regular,16,40,5,5,1.000000
regular,16,40,6,6,1.000000
regular,15,30,5,6,1.200000
regular,16,24,7,7,1.000000
regular,9,18,3,3,1.000000
regular,10,25,3,3,1.000000
regular,12,30,4,4,1.000000
regular,16,24,6,6,1.000000
regular,10,15,4,4,1.000000
regular,14,35,6,6,1.000000
regular,12,30,4,4,1.000000
regular,14,35,5,5,1.000000
regular,13,26,5,5,1.000000
regular,10,15,4,4,1.000000
regular,16,24,7,7,1.000000
regular,10,15,4,4,1.000000
regular,12,24,4,4,1.000000
regular,8,12,3,3,1.000000
regular,14,35,5,5,1.000000
regular,16,24,7,7,1.000000
regular,9,18,3,3,1.000000
regular,8,20,2,2,1.000000
regular,16,24,7,7,1.000000
regular,14,35,4,4,1.000000
regular,16,40,5,5,1.000000
regular,14,21,6,6,1.000000
regular,10,25,3,3,1.000000
regular,8,12,3,3,1.000000
regular,10,15,4,4,1.000000
regular,14,35,4,4,1.000000
regular,16,40,5,6,1.200000
regular,14,35,4,4,1.000000
regular,16,24,6,6,1.000000
regular,15,30,5,5,1.000000
regular,11,22,4,4,1.000000
regular,8,20,2,2,1.000000
regular,8,12,3,3,1.000000
regular,10,25,4,4,1.000000
regular,10,20,3,3,1.000000
regular,8,12,3,3,1.000000
regular,8,20,2,2,1.000000
regular,10,15,4,4,1.000000
regular,11,22,4,4,1.000000
regular,10,15,4,4,1.000000
regular,10,15,4,4,1.000000
regular,10,25,3,3,1.000000
regular,10,20,3,3,1.000000
regular,8,12,3,3,1.000000
regular,12,24,5,5,1.000000
regular,8,12,3,3,1.000000
regular,8,20,2,2,1.000000
regular,16,40,6,6,1.000000
regular,16,24,7,7,1.000000
regular,12,18,5,5,1.000000
regular,12,30,4,4,1.000000
regular,8,12,3,3,1.000000
regular,12,18,5,5,1.000000
regular,10,15,4,4,1.000000
regular,8,12,3,3,1.000000
regular,16,24,7,7,1.000000
regular,8,16,2,2,1.000000
regular,15,30,6,6,1.000000
regular,16,24,7,7,1.000000
regular,14,35,5,5,1.000000
regular,8,20,2,2,1.000000
regular,16,40,5,5,1.000000
regular,11,22,4,4,1.000000
regular,16,24,6,6,1.000000
regular,12,18,5,5,1.000000
regular,12,18,5,5,1.000000
regular,14,28,5,5,1.000000
regular,13,26,5,5,1.000000
regular,8,12,3,3,1.000000
regular,10,25,4,4,1.000000
regular,10,25,3,3,1.000000
regular,8,20,2,2,1.000000
regular,13,26,5,5,1.000000
regular,10,20,4,4,1.000000
regular,8,16,3,3,1.000000
regular,10,15,4,4,1.000000
regular,12,30,4,4,1.000000
regular,8,16,3,3,1.000000
regular,16,32,6,6,1.000000
regular,14,28,5,5,1.000000
regular,14,35,5,5,1.000000
regular,12,18,4,4,1.000000
regular,16,40,5,5,1.000000
regular,16,24,7,7,1.000000
regular,15,30,6,6,1.000000
regular,14,21,6,6,1.000000
regular,15,30,6,6,1.000000
regular,14,28,5,5,1.000000
regular,14,21,6,6,1.000000
regular,14,21,6,6,1.000000
regular,12,18,5,5,1.000000
regular,10,15,4,4,1.000000
regular,11,22,4,4,1.000000
regular,16,24,7,7,1.000000
regular,10,25,3,3,1.000000
regular,15,30,5,5,1.000000
regular,14,21,5,6,1.200000
regular,14,21,5,6,1.200000
regular,16,24,7,7,1.000000
regular,12,18,5,5,1.000000
regular,13,26,5,5,1.000000
regular,14,35,5,5,1.000000
regular,8,20,2,2,1.000000
regular,12,24,4,4,1.000000
regular,12,30,4,4,1.000000
regular,10,20,4,4,1.000000
regular,10,20,3,3,1.000000
regular,16,24,6,6,1.000000
regular,16,24,7,7,1.000000
regular,10,25,3,3,1.000000
regular,12,18,5,5,1.000000
regular,12,18,6,6,1.000000
regular,16,24,6,7,1.166667
regular,15,30,6,6,1.000000
regular,14,35,4,5,1.250000
regular,12,18,5,5,1.000000
regular,14,21,6,6,1.000000
regular,8,12,3,3,1.000000
regular,8,12,3,3,1.000000
regular,14,35,4,4,1.000000
regular,16,24,6,6,1.000000
regular,16,40,5,5,1.000000
regular,16,40,5,5,1.000000
regular,10,25,3,3,1.000000
regular,8,20,2,2,1.000000
regular,10,20,3,3,1.000000
regular,12,30,4,4,1.000000
regular,16,24,7,7,1.000000
regular,10,20,4,4,1.000000
regular,16,24,6,6,1.000000
regular,14,28,5,5,1.000000
regular,12,18,5,5,1.000000
regular,16,32,6,6,1.000000
regular,12,18,5,5,1.000000
regular,10,25,3,3,1.000000
regular,14,21,5,6,1.200000
regular,14,21,6,6,1.000000
regular,9,18,3,3,1.000000
regular,12,18,5,5,1.000000
regular,9,18,3,3,1.000000
regular,10,20,3,3,1.000000
regular,15,30,5,5,1.000000
regular,16,24,6,6,1.000000
regular,11,22,4,4,1.000000
regular,8,12,2,2,1.000000
regular,9,18,3,3,1.000000
regular,15,30,5,5,1.000000
regular,16,32,6,6,1.000000
regular,12,30,4,4,1.000000
regular,10,15,4,4,1.000000
regular,14,21,6,6,1.000000
regular,12,30,4,4,1.000000
regular,12,18,5,5,1.000000
regular,8,16,3,3,1.000000
regular,9,18,3,3,1.000000
regular,8,20,2,2,1.000000
regular,12,24,4,4,1.000000
regular,10,25,3,3,1.000000
regular,10,25,3,3,1.000000
regular,10,15,4,4,1.000000
regular,8,12,3,3,1.000000
regular,14,21,5,5,1.000000
regular,14,21,5,5,1.000000
regular,14,35,4,4,1.000000
regular,14,35,5,5,1.000000
regular,14,35,5,5,1.000000
regular,16,40,6,6,1.000000
regular,14,35,5,5,1.000000
regular,8,16,2,2,1.000000
regular,15,30,5,6,1.200000
regular,13,26,5,5,1.000000
regular,16,40,5,5,1.000000
regular,10,25,3,3,1.000000
regular,12,18,5,5,1.000000
regular,8,12,3,3,1.000000
regular,16,32,6,6,1.000000
regular,10,15,4,4,1.000000
regular,9,18,3,3,1.000000
regular,10,25,4,4,1.000000
regular,9,18,3,3,1.000000
regular,13,26,5,5,1.000000
regular,16,40,5,5,1.000000
regular,14,28,5,5,1.000000
regular,9,18,3,3,1.000000
regular,10,15,4,4,1.000000
regular,8,16,3,3,1.000000
regular,16,32,6,6,1.000000
regular,10,25,3,3,1.000000
regular,14,35,4,4,1.000000
regular,12,24,4,4,1.000000
regular,10,25,3,3,1.000000
regular,12,30,4,4,1.000000
regular,12,18,5,5,1.000000
regular,16,24,7,7,1.000000
regular,12,30,4,4,1.000000
regular,16,24,7,7,1.000000
regular,9,18,3,3,1.000000
regular,14,28,5,5,1.000000
regular,10,25,3,3,1.000000
regular,8,16,3,3,1.000000
regular,16,40,6,6,1.000000
regular,14,35,4,4,1.000000
regular,8,12,3,3,1.000000
regular,11,22,4,4,1.000000
regular,12,24,4,4,1.000000
regular,8,16,3,3,1.000000
regular,10,15,3,4,1.333333
regular,16,40,5,5,1.000000
regular,16,40,5,5,1.000000
regular,10,25,4,4,1.000000
regular,15,30,6,6,1.000000
regular,16,24,7,7,1.000000
regular,16,32,5,6,1.200000
regular,14,28,5,5,1.000000
regular,10,15,4,4,1.000000
regular,16,24,6,6,1.000000
regular,12,18,5,5,1.000000
regular,8,12,3,3,1.000000
regular,15,30,5,5,1.000000
regular,10,25,4,4,1.000000
regular,10,20,4,4,1.000000
regular,9,18,4,4,1.000000
regular,16,32,6,6,1.000000
regular,14,28,5,5,1.000000
regular,14,28,5,5,1.000000
regular,12,30,3,3,1.000000
regular,10,20,4,4,1.000000
regular,8,20,2,2,1.000000
regular,12,24,4,4,1.000000
regular,14,21,6,6,1.000000
regular,14,28,5,5,1.000000
regular,10,15,4,4,1.000000
regular,10,25,3,3,1.000000
regular,16,40,6,6,1.000000
regular,12,24,5,5,1.000000
regular,13,26,4,4,1.000000
regular,10,25,3,3,1.000000
regular,10,25,3,3,1.000000
regular,16,40,5,5,1.000000
regular,16,24,7,7,1.000000
regular,10,25,3,3,1.000000
regular,16,24,7,7,1.000000
regular,14,35,4,4,1.000000
regular,10,20,3,3,1.000000
regular,14,21,6,6,1.000000
regular,8,20,2,2,1.000000
regular,8,16,3,3,1.000000
regular,14,21,6,6,1.000000
regular,16,40,5,5,1.000000
regular,12,30,4,4,1.000000
regular,16,32,6,6,1.000000
regular,15,30,6,6,1.000000
regular,12,24,5,5,1.000000
regular,10,15,4,4,1.000000
regular,15,30,5,5,1.000000
regular,12,30,4,4,1.000000
regular,14,28,5,5,1.000000
regular,10,20,3,3,1.000000
regular,14,35,4,5,1.250000
regular,9,18,4,4,1.000000
regular,8,20,3,3,1.000000
regular,9,18,3,3,1.000000
regular,14,21,6,6,1.000000
regular,12,24,4,4,1.000000
regular,16,40,5,5,1.000000
regular,14,35,4,5,1.250000
regular,12,18,5,5,1.000000
regular,8,12,3,3,1.000000
regular,16,24,6,7,1.166667
regular,12,24,4,4,1.000000
regular,10,15,4,4,1.000000
regular,14,21,6,6,1.000000
regular,14,21,6,6,1.000000
regular,8,20,2,2,1.000000
regular,10,25,3,3,1.000000
regular,10,15,4,4,1.000000
regular,14,35,4,4,1.000000
regular,14,35,5,5,1.000000
regular,10,15,4,4,1.000000
regular,8,20,3,3,1.000000
regular,12,30,3,4,1.333333
regular,16,32,6,6,1.000000
regular,16,24,6,7,1.166667
regular,10,25,3,3,1.000000
regular,12,24,5,5,1.000000
regular,16,24,7,7,1.000000
regular,12,18,5,5,1.000000
regular,8,16,3,3,1.000000
regular,9,18,3,3,1.000000
regular,10,25,4,4,1.000000
regular,11,22,4,4,1.000000
regular,14,21,6,6,1.000000
regular,8,16,3,3,1.000000
regular,8,12,3,3,1.000000
regular,16,24,7,7,1.000000
regular,14,21,5,6,1.200000
regular,11,22,4,4,1.000000
regular,12,18,5,5,1.000000
regular,12,24,4,4,1.000000
regular,8,20,2,2,1.000000
regular,13,26,4,4,1.000000
regular,8,16,3,3,1.000000
regular,14,21,5,5,1.000000
regular,8,16,2,2,1.000000
regular,10,25,3,3,1.000000
regular,16,32,6,6,1.000000
regular,9,18,3,3,1.000000
regular,15,30,6,6,1.000000
regular,12,18,4,5,1.250000
regular,16,24,6,6,1.000000
regular,10,25,3,3,1.000000
regular,10,25,3,3,1.000000
regular,10,15,4,4,1.000000
regular,8,20,2,2,1.000000
regular,8,16,3,3,1.000000
regular,12,24,4,4,1.000000
regular,14,21,5,5,1.000000
regular,12,30,4,4,1.000000
regular,10,15,4,4,1.000000
regular,8,16,2,2,1.000000
regular,14,28,5,5,1.000000
regular,16,24,6,6,1.000000
regular,10,20,4,4,1.000000
regular,10,20,3,3,1.000000
regular,14,21,6,6,1.000000
regular,10,20,3,3,1.000000
regular,10,25,3,3,1.000000
regular,11,22,4,4,1.000000
regular,14,35,5,5,1.000000
regular,10,25,3,3,1.000000
regular,10,15,4,4,1.000000
regular,14,28,5,5,1.000000
regular,13,26,5,5,1.000000
regular,12,24,5,5,1.000000
regular,11,22,4,4,1.000000
regular,16,40,5,6,1.200000
regular,16,40,5,5,1.000000
regular,16,40,6,6,1.000000
regular,10,20,4,4,1.000000
regular,10,15,4,4,1.000000
regular,12,18,5,5,1.000000
regular,10,20,3,3,1.000000
regular,16,40,6,6,1.000000
regular,8,12,3,3,1.000000
regular,14,35,4,5,1.250000
regular,16,40,5,5,1.000000
regular,16,24,7,7,1.000000
regular,10,25,3,3,1.000000
regular,15,30,5,5,1.000000
regular,12,18,5,5,1.000000
regular,12,24,4,4,1.000000
regular,12,24,4,4,1.000000
regular,16,24,7,7,1.000000
regular,14,21,6,6,1.000000
regular,16,32,5,6,1.200000
regular,10,15,4,4,1.000000
regular,16,32,6,6,1.000000
regular,14,21,6,6,1.000000
regular,15,30,5,5,1.000000
regular,16,32,6,6,1.000000
regular,10,15,4,4,1.000000
regular,8,12,3,3,1.000000
regular,11,22,4,4,1.000000
regular,14,21,6,6,1.000000
regular,14,28,5,5,1.000000
regular,13,26,5,5,1.000000
regular,12,18,5,5,1.000000
regular,14,21,5,5,1.000000
regular,9,18,3,3,1.000000
regular,10,15,4,4,1.000000
regular,14,28,5,5,1.000000
regular,12,30,4,4,1.000000
regular,8,12,3,3,1.000000
regular,16,32,6,6,1.000000
regular,8,12,3,3,1.000000
regular,12,30,4,4,1.000000
regular,10,15,4,4,1.000000
regular,10,15,4,4,1.000000
regular,10,25,3,3,1.000000
regular,8,12,3,3,1.000000
regular,16,24,7,7,1.000000
regular,14,21,5,6,1.200000
regular,16,32,6,6,1.000000
regular,16,40,5,5,1.000000
regular,11,22,4,4,1.000000
regular,8,16,3,3,1.000000
regular,16,32,6,6,1.000000
regular,16,24,6,6,1.000000
regular,14,28,4,5,1.250000
regular,10,25,3,3,1.000000
regular,8,20,2,2,1.000000
regular,10,15,4,4,1.000000
regular,10,25,3,3,1.000000
regular,8,16,3,3,1.000000
regular,14,21,6,6,1.000000
regular,10,15,4,4,1.000000
regular,12,30,4,4,1.000000
regular,10,15,4,4,1.000000
regular,8,20,2,2,1.000000
regular,8,20,2,2,1.000000
regular,11,22,4,4,1.000000
regular,10,15,4,4,1.000000
regular,8,20,2,2,1.000000
regular,16,40,5,5,1.000000
regular,12,24,4,4,1.000000
regular,12,18,5,5,1.000000
regular,14,35,4,4,1.000000
regular,12,30,4,4,1.000000
regular,10,20,3,3,1.000000
regular,14,35,5,5,1.000000
regular,14,35,5,5,1.000000
regular,8,16,3,3,1.000000
regular,8,20,2,2,1.000000
regular,15,30,5,6,1.200000
regular,10,15,4,4,1.000000
regular,8,16,3,3,1.000000
regular,16,40,5,5,1.000000
regular,10,25,4,4,1.000000
regular,12,18,5,5,1.000000
regular,8,12,3,3,1.000000
regular,11,22,4,4,1.000000
regular,10,15,4,4,1.000000
regular,12,24,5,5,1.000000
regular,10,25,3,3,1.000000
regular,14,35,5,5,1.000000
regular,8,16,3,3,1.000000
regular,16,24,6,6,1.000000
regular,16,24,7,7,1.000000
regular,16,40,5,5,1.000000
regular,10,15,4,4,1.000000
regular,8,12,3,3,1.000000
regular,8,12,3,3,1.000000
regular,16,24,7,7,1.000000
regular,12,30,4,4,1.000000
regular,8,20,2,2,1.000000
regular,10,25,3,3,1.000000
regular,14,35,4,4,1.000000
regular,14,35,4,4,1.000000
regular,10,25,4,4,1.000000
regular,8,12,3,3,1.000000
regular,11,22,4,4,1.000000
regular,12,30,4,4,1.000000
regular,10,15,4,4,1.000000
regular,11,22,4,4,1.000000
regular,9,18,3,3,1.000000
regular,10,20,3,3,1.000000
regular,14,21,6,6,1.000000
regular,10,15,4,4,1.000000
regular,14,21,6,6,1.000000
regular,16,24,6,6,1.000000
regular,12,24,5,5,1.000000
regular,14,21,6,6,1.000000
regular,16,40,5,5,1.000000
regular,8,16,3,3,1.000000
regular,9,18,3,3,1.000000
regular,16,40,5,5,1.000000
regular,14,35,5,5,1.000000
regular,8,20,2,2,1.000000
regular,14,21,6,6,1.000000
regular,12,18,5,5,1.000000
regular,16,32,6,6,1.000000
regular,10,25,3,3,1.000000
regular,16,24,7,7,1.000000
regular,8,16,2,2,1.000000
regular,16,24,6,7,1.166667
regular,10,15,4,4,1.000000
regular,16,32,6,6,1.000000
regular,10,15,4,4,1.000000
regular,12,30,4,4,1.000000
regular,10,15,4,4,1.000000
regular,10,15,4,4,1.000000
regular,10,20,3,3,1.000000
regular,12,24,5,5,1.000000
regular,8,12,3,3,1.000000
regular,12,30,4,4,1.000000
regular,8,12,3,3,1.000000
regular,14,28,5,5,1.000000
regular,15,30,6,6,1.000000
regular,14,21,6,6,1.000000
regular,10,25,3,3,1.000000
regular,14,21,6,6,1.000000
regular,12,18,5,5,1.000000
regular,8,12,3,3,1.000000
regular,16,24,7,7,1.000000
regular,16,40,6,6,1.000000
regular,8,12,4,4,1.000000
regular,14,35,5,5,1.000000
regular,14,28,5,5,1.000000
regular,14,21,6,6,1.000000
regular,16,32,6,6,1.000000
regular,8,12,3,3,1.000000
regular,14,28,5,5,1.000000
regular,12,18,5,5,1.000000
regular,14,35,5,5,1.000000
regular,16,40,5,5,1.000000
regular,14,28,5,5,1.000000
regular,10,20,4,4,1.000000
regular,8,16,3,3,1.000000
regular,10,25,3,3,1.000000
regular,12,24,4,4,1.000000
regular,12,30,4,4,1.000000
regular,12,24,5,5,1.000000
regular,14,28,5,5,1.000000
regular,12,24,5,5,1.000000
regular,16,40,5,5,1.000000
regular,8,12,3,3,1.000000
regular,14,21,6,6,1.000000
regular,10,25,3,3,1.000000
regular,16,24,7,7,1.000000
regular,14,21,5,5,1.000000
regular,12,30,4,4,1.000000
regular,12,18,5,5,1.000000
regular,12,30,4,4,1.000000
regular,10,20,4,4,1.000000
regular,14,35,5,5,1.000000
regular,15,30,6,6,1.000000
regular,15,30,7,7,1.000000
regular,16,40,5,5,1.000000
regular,8,12,3,3,1.000000
regular,8,20,3,3,1.000000
regular,12,18,5,5,1.000000
regular,8,12,3,3,1.000000
regular,8,16,3,3,1.000000
regular,8,20,2,2,1.000000
regular,12,18,4,4,1.000000
regular,10,15,4,4,1.000000
regular,16,24,7,7,1.000000
regular,13,26,4,5,1.250000
regular,10,20,3,3,1.000000
regular,16,24,6,6,1.000000
regular,14,21,6,6,1.000000
regular,16,24,7,7,1.000000
regular,12,24,4,4,1.000000
regular,14,28,5,5,1.000000
regular,14,35,4,4,1.000000
regular,14,35,4,4,1.000000
regular,16,40,6,6,1.000000
regular,14,35,4,5,1.250000
regular,14,21,6,6,1.000000
regular,10,15,4,4,1.000000
regular,12,24,4,4,1.000000
regular,14,21,6,6,1.000000
regular,10,20,3,3,1.000000
regular,9,18,3,3,1.000000
regular,10,15,4,4,1.000000
regular,16,32,6,6,1.000000
regular,8,12,3,3,1.000000
regular,16,40,5,5,1.000000
regular,13,26,4,4,1.000000
regular,11,22,4,4,1.000000
regular,14,35,5,5,1.000000
regular,10,15,3,3,1.000000
regular,10,15,4,4,1.000000
regular,11,22,4,4,1.000000
regular,8,16,3,3,1.000000
regular,8,12,3,3,1.000000
regular,14,28,5,5,1.000000
regular,8,12,3,3,1.000000
regular,14,21,6,6,1.000000
regular,11,22,4,4,1.000000
regular,16,32,6,6,1.000000
regular,8,12,3,3,1.000000
regular,14,35,5,5,1.000000
regular,14,21,6,6,1.000000
regular,14,28,5,5,1.000000
regular,8,12,3,3,1.000000
regular,11,22,4,4,1.000000
regular,16,40,5,5,1.000000
regular,10,25,3,3,1.000000
regular,9,18,3,3,1.000000
regular,12,18,4,5,1.250000
regular,16,24,7,7,1.000000
regular,16,40,6,6,1.000000
regular,10,20,4,4,1.000000
regular,13,26,4,4,1.000000
regular,12,24,4,4,1.000000
regular,12,30,4,4,1.000000
regular,8,20,2,2,1.000000
regular,14,28,5,5,1.000000
regular,14,21,5,5,1.000000
regular,8,16,3,3,1.000000
regular,14,35,5,5,1.000000
regular,11,22,4,4,1.000000
regular,10,15,4,4,1.000000
regular,11,22,4,4,1.000000
regular,10,20,4,4,1.000000
regular,11,22,4,4,1.000000
regular,14,21,6,6,1.000000
regular,12,24,4,4,1.000000
regular,8,20,2,2,1.000000
regular,12,24,4,4,1.000000
regular,12,18,5,5,1.000000
regular,16,40,6,6,1.000000
regular,8,20,2,2,1.000000
regular,8,20,2,2,1.000000
regular,15,30,5,6,1.200000
regular,8,20,2,2,1.000000
regular,16,40,5,5,1.000000
regular,8,20,2,2,1.000000
regular,16,40,5,5,1.000000
regular,8,16,3,3,1.000000
regular,12,18,5,5,1.000000
regular,14,21,6,6,1.000000
regular,16,24,6,7,1.166667
regular,12,18,5,5,1.000000
regular,12,18,4,4,1.000000
regular,14,21,6,6,1.000000
regular,14,28,5,5,1.000000
regular,8,12,3,3,1.000000
regular,8,12,3,3,1.000000
regular,14,35,5,5,1.000000
regular,15,30,6,6,1.000000
regular,12,30,3,3,1.000000
regular,8,20,2,2,1.000000
regular,13,26,4,4,1.000000
regular,10,15,4,4,1.000000
regular,14,28,5,5,1.000000
regular,14,28,5,5,1.000000
regular,10,15,4,4,1.000000
regular,14,21,6,6,1.000000
regular,8,20,2,2,1.000000
regular,9,18,3,3,1.000000
regular,10,15,4,4,1.000000
regular,12,24,4,4,1.000000
regular,14,35,4,5,1.250000
regular,10,15,4,4,1.000000
regular,8,20,2,2,1.000000
regular,8,20,2,2,1.000000
regular,14,28,5,5,1.000000
regular,16,32,6,6,1.000000
regular,10,15,4,4,1.000000
regular,16,24,7,7,1.000000
regular,9,18,3,3,1.000000
regular,8,12,3,3,1.000000
regular,10,15,4,4,1.000000
regular,16,32,6,6,1.000000
regular,16,24,7,7,1.000000
regular,10,20,4,4,1.000000
regular,10,25,3,3,1.000000
regular,12,18,5,5,1.000000
regular,8,16,2,2,1.000000
regular,8,20,2,2,1.000000
regular,12,30,4,4,1.000000
regular,16,24,6,6,1.000000
regular,12,30,4,4,1.000000
regular,10,15,4,4,1.000000
regular,8,12,3,3,1.000000
regular,10,15,4,4,1.000000
regular,12,18,5,5,1.000000
regular,15,30,5,5,1.000000
regular,16,32,6,6,1.000000
regular,10,15,4,4,1.000000
regular,8,16,2,2,1.000000
regular,16,24,7,7,1.000000
regular,11,22,4,4,1.000000
regular,12,30,4,4,1.000000
regular,8,20,2,2,1.000000
regular,16,40,5,5,1.000000
regular,14,35,6,6,1.000000
regular,8,12,4,4,1.000000
regular,12,24,5,5,1.000000
regular,16,32,6,6,1.000000
regular,12,24,4,4,1.000000
regular,11,22,4,4,1.000000
regular,16,24,6,6,1.000000
regular,8,12,3,3,1.000000
regular,14,21,5,6,1.200000
regular,16,24,6,6,1.000000
regular,8,16,3,3,1.000000
regular,14,21,5,5,1.000000
regular,8,20,2,2,1.000000
regular,16,32,5,5,1.000000
regular,11,22,4,4,1.000000
regular,8,20,2,2,1.000000
regular,8,16,3,3,1.000000
regular,10,20,3,4,1.333333
regular,16,40,6,6,1.000000
regular,14,28,6,6,1.000000
regular,8,20,3,3,1.000000
regular,13,26,5,5,1.000000
regular,12,18,5,5,1.000000
regular,10,15,4,4,1.000000
regular,14,35,4,4,1.000000
regular,9,18,3,3,1.000000
regular,14,21,6,6,1.000000
regular,11,22,4,4,1.000000
regular,11,22,4,4,1.000000
regular,14,35,4,4,1.000000
regular,16,24,6,6,1.000000
regular,16,40,5,5,1.000000
regular,10,20,4,4,1.000000
regular,12,30,4,4,1.000000
regular,10,25,3,3,1.000000
regular,12,18,5,5,1.000000
regular,10,25,3,3,1.000000
regular,12,30,4,4,1.000000
regular,16,40,5,5,1.000000
regular,9,18,3,3,1.000000
regular,9,18,3,3,1.000000
regular,12,30,4,4,1.000000
regular,8,12,3,3,1.000000
regular,16,24,6,6,1.000000
regular,14,21,6,6,1.000000
regular,16,32,6,6,1.000000
regular,13,26,5,5,1.000000
regular,14,35,5,5,1.000000
regular,12,30,4,4,1.000000
regular,10,20,4,4,1.000000
regular,12,18,5,5,1.000000
regular,10,25,3,3,1.000000
regular,9,18,3,3,1.000000
regular,15,30,5,5,1.000000
regular,14,35,5,5,1.000000
regular,10,20,3,3,1.000000
regular,8,20,2,2,1.000000
regular,12,18,5,5,1.000000
regular,10,15,4,4,1.000000
regular,12,30,4,4,1.000000
regular,8,20,3,3,1.000000
regular,16,40,6,6,1.000000
regular,16,24,6,6,1.000000
regular,12,30,4,4,1.000000
regular,10,15,4,4,1.000000
regular,8,12,3,3,1.000000
regular,16,32,6,6,1.000000
regular,15,30,5,5,1.000000
regular,16,24,6,7,1.166667
regular,8,12,4,4,1.000000
regular,12,30,4,4,1.000000
regular,14,35,5,5,1.000000
regular,14,35,5,5,1.000000
regular,12,30,4,4,1.000000
regular,12,18,5,5,1.000000
regular,16,32,6,7,1.166667
regular,14,35,5,5,1.000000
regular,10,15,4,4,1.000000
regular,10,15,4,4,1.000000
regular,14,21,6,6,1.000000
regular,13,26,5,5,1.000000
regular,16,24,6,6,1.000000
regular,9,18,3,3,1.000000
regular,14,35,4,4,1.000000
regular,10,25,3,3,1.000000
regular,16,32,6,6,1.000000
regular,9,18,3,3,1.000000
regular,12,30,4,4,1.000000
regular,13,26,5,5,1.000000
regular,13,26,5,5,1.000000
regular,8,12,3,3,1.000000
regular,14,21,6,6,1.000000
regular,16,40,6,6,1.000000
regular,10,20,3,4,1.333333
regular,15,30,5,5,1.000000
regular,16,32,6,6,1.000000
regular,12,18,5,5,1.000000
regular,16,24,7,7,1.000000
regular,14,35,5,5,1.000000
regular,16,24,7,7,1.000000
regular,12,30,4,4,1.000000
regular,12,24,4,4,1.000000
regular,12,18,5,5,1.000000
regular,16,32,6,6,1.000000
regular,10,25,3,3,1.000000
regular,12,18,5,5,1.000000
regular,10,20,4,4,1.000000
regular,10,25,3,3,1.000000
regular,10,15,4,4,1.000000
regular,16,24,7,7,1.000000
regular,10,15,4,4,1.000000
regular,16,24,7,7,1.000000
regular,12,18,4,4,1.000000
regular,8,12,4,4,1.000000
regular,10,25,3,3,1.000000
regular,12,18,5,5,1.000000
regular,16,40,6,6,1.000000
regular,16,24,7,7,1.000000
regular,8,12,3,3,1.000000
regular,12,24,5,5,1.000000
regular,10,25,4,4,1.000000
regular,12,18,5,5,1.000000
regular,8,12,3,3,1.000000
regular,14,35,5,5,1.000000
regular,10,15,4,4,1.000000
regular,8,20,2,2,1.000000
regular,11,22,4,4,1.000000
regular,14,35,5,5,1.000000
regular,14,28,5,5,1.000000
regular,14,35,5,5,1.000000
regular,14,35,5,5,1.000000
regular,10,25,3,3,1.000000
regular,14,35,5,5,1.000000
regular,14,21,5,6,1.200000
regular,16,24,7,7,1.000000
regular,8,16,3,3,1.000000
regular,16,32,6,6,1.000000
regular,12,24,4,4,1.000000
regular,14,35,5,5,1.000000
regular,13,26,4,4,1.000000
regular,11,22,4,4,1.000000
regular,14,35,5,5,1.000000
regular,8,12,3,3,1.000000
regular,12,18,5,5,1.000000
regular,16,40,6,6,1.000000
regular,16,32,6,6,1.000000
regular,12,24,4,4,1.000000
regular,12,24,4,4,1.000000
regular,8,12,3,3,1.000000
regular,16,24,7,7,1.000000
regular,12,30,4,4,1.000000
regular,10,15,4,4,1.000000
regular,10,25,3,3,1.000000
regular,10,15,4,4,1.000000
regular,12,30,3,4,1.333333
regular,16,24,7,7,1.000000
regular,15,30,5,5,1.000000
regular,14,21,6,6,1.000000
regular,16,32,6,6,1.000000
regular,8,20,2,2,1.000000
regular,16,40,5,5,1.000000
regular,14,21,6,6,1.000000
regular,12,30,4,4,1.000000
regular,10,20,4,4,1.000000
regular,9,18,3,3,1.000000
regular,10,20,4,4,1.000000
regular,8,16,3,3,1.000000
regular,10,25,3,3,1.000000
regular,10,15,4,4,1.000000
regular,12,18,5,5,1.000000
regular,11,22,4,4,1.000000
regular,10,15,4,4,1.000000
regular,16,24,7,7,1.000000
regular,16,40,5,6,1.200000
regular,16,40,5,5,1.000000
regular,8,12,3,3,1.000000
regular,14,21,6,6,1.000000
regular,14,28,6,6,1.000000
regular,14,35,5,5,1.000000
regular,16,24,7,7,1.000000
regular,14,35,4,4,1.000000
regular,8,20,2,2,1.000000
regular,14,21,5,6,1.200000
regular,9,18,3,3,1.000000
regular,14,21,5,6,1.200000
regular,13,26,5,5,1.000000
regular,8,12,3,3,1.000000
regular,10,15,4,4,1.000000
regular,14,21,6,6,1.000000
regular,10,25,3,3,1.000000
regular,9,18,3,3,1.000000
regular,8,20,2,2,1.000000
regular,14,21,6,6,1.000000
regular,14,21,6,6,1.000000
regular,12,18,5,5,1.000000
regular,12,30,4,4,1.000000
regular,15,30,5,5,1.000000
regular,8,20,2,2,1.000000
regular,12,30,4,4,1.000000
regular,12,24,4,4,1.000000
regular,8,20,2,2,1.000000
regular,14,21,6,6,1.000000
regular,14,21,5,5,1.000000
regular,14,21,5,6,1.200000
regular,12,18,5,5,1.000000
regular,16,40,5,5,1.000000
regular,9,18,3,3,1.000000
regular,16,40,5,5,1.000000
regular,16,32,6,6,1.000000
regular,10,25,4,4,1.000000
regular,16,40,6,6,1.000000
regular,16,24,7,7,1.000000
regular,14,35,5,5,1.000000
regular,16,32,6,6,1.000000
regular,10,20,4,4,1.000000
regular,9,18,3,3,1.000000
regular,10,25,3,3,1.000000
regular,8,12,3,3,1.000000
regular,10,25,3,3,1.000000
regular,15,30,6,6,1.000000
regular,13,26,5,5,1.000000
regular,16,40,5,5,1.000000
regular,14,28,5,5,1.000000
regular,10,15,4,4,1.000000
regular,10,20,4,4,1.000000
regular,14,35,5,5,1.000000
regular,11,22,4,4,1.000000
regular,12,18,5,5,1.000000
regular,12,18,5,5,1.000000
regular,12,24,4,4,1.000000
regular,8,16,3,3,1.000000
regular,14,21,6,6,1.000000
regular,14,35,5,5,1.000000
regular,12,24,4,4,1.000000
regular,12,30,4,4,1.000000
regular,12,18,5,5,1.000000
regular,9,18,3,3,1.000000
regular,8,12,3,3,1.000000
regular,14,28,5,5,1.000000
regular,10,25,3,3,1.000000
regular,16,24,7,7,1.000000
regular,9,18,3,3,1.000000
regular,12,30,4,4,1.000000
regular,16,24,7,7,1.000000
regular,12,18,4,4,1.000000
regular,16,32,6,6,1.000000
regular,14,21,5,6,1.200000
regular,12,30,4,4,1.000000
regular,14,21,5,6,1.200000
regular,10,25,3,3,1.000000
regular,10,15,4,4,1.000000
regular,8,16,3,3,1.000000
regular,12,30,3,3,1.000000
regular,10,15,4,4,1.000000
regular,10,15,4,4,1.000000
regular,12,30,4,4,1.000000
regular,10,25,4,4,1.000000
regular,14,21,6,6,1.000000
regular,13,26,4,4,1.000000
regular,12,30,4,4,1.000000
regular,8,20,2,2,1.000000
regular,8,12,4,4,1.000000
regular,8,20,2,2,1.000000
regular,12,30,4,4,1.000000
regular,8,16,3,3,1.000000
regular,15,30,6,6,1.000000
regular,12,18,5,5,1.000000
regular,13,26,5,5,1.000000
regular,8,16,3,3,1.000000
regular,12,30,4,4,1.000000
regular,13,26,5,5,1.000000
regular,13,26,5,5,1.000000
regular,12,24,4,4,1.000000
regular,14,35,5,5,1.000000
regular,10,25,3,3,1.000000
regular,16,32,6,6,1.000000
regular,14,35,4,4,1.000000
regular,12,18,4,5,1.250000
regular,11,22,4,4,1.000000
regular,12,24,5,5,1.000000
regular,16,24,6,6,1.000000
regular,14,35,5,5,1.000000
regular,10,15,4,4,1.000000
regular,14,21,6,6,1.000000
regular,14,35,5,5,1.000000
regular,16,40,5,5,1.000000
regular,14,28,5,5,1.000000
regular,11,22,4,4,1.000000
regular,8,20,2,2,1.000000
regular,8,20,2,2,1.000000
regular,8,20,2,2,1.000000
regular,16,32,5,5,1.000000
regular,12,18,5,5,1.000000
regular,10,25,3,3,1.000000
regular,8,20,2,2,1.000000
regular,14,35,4,4,1.000000
regular,15,30,6,6,1.000000
regular,10,15,4,4,1.000000
regular,16,40,5,5,1.000000
regular,15,30,5,6,1.200000
regular,12,30,4,4,1.000000
regular,15,30,5,5,1.000000
regular,14,35,5,5,1.000000
regular,8,20,2,2,1.000000
regular,8,20,3,3,1.000000
regular,16,24,6,6,1.000000
regular,14,35,5,5,1.000000
regular,16,40,5,5,1.000000
regular,13,26,5,5,1.000000
regular,12,18,5,5,1.000000
regular,8,16,3,3,1.000000
regular,16,24,6,6,1.000000
regular,10,25,3,3,1.000000
regular,12,18,5,5,1.000000
regular,12,18,5,5,1.000000
regular,10,25,3,3,1.000000
regular,10,15,4,4,1.000000
regular,14,28,5,5,1.000000
regular,8,20,2,2,1.000000
regular,12,30,4,4,1.000000
regular,8,16,3,3,1.000000
regular,10,25,3,3,1.000000
regular,9,18,3,3,1.000000
regular,8,12,3,3,1.000000
regular,8,12,3,3,1.000000
regular,10,15,4,4,1.000000
regular,12,18,5,5,1.000000
regular,10,20,4,4,1.000000
regular,14,35,5,5,1.000000
regular,12,30,4,4,1.000000
regular,12,18,5,5,1.000000
regular,16,24,7,7,1.000000
regular,12,24,4,4,1.000000
regular,16,40,5,5,1.000000
regular,8,20,3,3,1.000000
regular,12,30,4,4,1.000000
regular,8,16,3,3,1.000000
regular,8,20,2,2,1.000000
regular,14,28,5,5,1.000000
regular,10,15,4,4,1.000000
regular,16,24,6,6,1.000000
regular,10,15,4,4,1.000000
regular,8,12,3,3,1.000000
regular,16,32,6,6,1.000000
regular,14,21,5,6,1.200000
regular,8,20,2,2,1.000000
regular,12,30,4,4,1.000000
regular,16,32,5,5,1.000000
regular,16,40,5,5,1.000000
regular,10,20,3,3,1.000000
regular,15,30,5,5,1.000000
regular,12,18,5,5,1.000000
regular,16,24,7,7,1.000000
regular,11,22,4,4,1.000000
regular,8,20,2,2,1.000000
regular,8,20,2,2,1.000000
regular,16,24,7,7,1.000000
regular,16,24,7,7,1.000000
regular,12,30,4,4,1.000000
regular,10,15,4,4,1.000000
regular,12,18,5,5,1.000000
regular,8,12,3,3,1.000000
regular,12,24,4,4,1.000000
regular,10,15,4,4,1.000000
regular,14,35,4,5,1.250000
regular,8,12,3,3,1.000000
regular,13,26,5,5,1.000000
regular,12,18,5,5,1.000000
regular,14,28,5,5,1.000000
regular,10,25,3,3,1.000000
regular,14,28,5,5,1.000000
regular,9,18,3,3,1.000000
regular,15,30,6,6,1.000000
regular,8,20,2,2,1.000000
regular,16,24,6,6,1.000000
regular,12,30,4,4,1.000000
regular,14,28,6,6,1.000000
regular,10,15,4,4,1.000000
regular,10,20,4,4,1.000000
regular,8,20,2,2,1.000000
regular,8,12,3,3,1.000000
regular,8,12,3,3,1.000000
regular,10,15,3,4,1.333333
regular,10,15,4,4,1.000000
regular,15,30,6,6,1.000000
regular,14,28,5,5,1.000000
regular,8,20,2,2,1.000000
regular,9,18,3,3,1.000000
regular,8,20,2,2,1.000000
regular,14,21,6,6,1.000000
regular,16,40,5,5,1.000000
regular,10,20,4,4,1.000000
regular,16,32,6,6,1.000000
regular,9,18,3,3,1.000000
regular,14,35,4,4,1.000000
regular,12,18,5,5,1.000000
regular,9,18,3,3,1.000000
regular,8,12,3,3,1.000000
regular,12,18,5,5,1.000000
regular,8,20,2,2,1.000000
regular,10,25,3,3,1.000000
regular,12,30,4,4,1.000000
regular,14,21,6,6,1.000000
regular,13,26,5,5,1.000000
regular,11,22,4,4,1.000000
regular,12,30,4,4,1.000000
regular,16,40,6,6,1.000000
regular,14,35,5,5,1.000000
regular,11,22,4,4,1.000000
regular,8,20,2,2,1.000000
regular,10,20,3,3,1.000000
regular,12,24,4,4,1.000000
regular,14,35,5,5,1.000000
regular,14,21,6,6,1.000000
regular,10,15,4,4,1.000000
regular,12,24,5,5,1.000000
regular,14,35,5,5,1.000000
regular,9,18,3,3,1.000000
regular,10,25,3,3,1.000000
regular,10,25,3,3,1.000000
regular,12,18,5,5,1.000000
regular,16,24,7,7,1.000000
regular,8,12,3,3,1.000000
regular,10,25,3,3,1.000000
regular,8,12,3,3,1.000000
regular,9,18,3,3,1.000000
regular,11,22,4,4,1.000000
regular,11,22,4,4,1.000000
regular,14,35,5,5,1.000000
regular,8,12,3,3,1.000000
regular,10,20,4,4,1.000000
regular,16,40,5,5,1.000000
regular,11,22,4,4,1.000000
regular,16,24,6,7,1.166667
regular,14,21,6,6,1.000000
regular,16,40,5,5,1.000000
regular,9,18,3,3,1.000000
regular,8,12,3,3,1.000000
regular,16,40,5,5,1.000000
regular,16,40,5,5,1.000000
regular,12,18,4,5,1.250000
regular,10,15,4,4,1.000000
regular,14,21,6,6,1.000000
regular,15,30,5,5,1.000000
regular,11,22,4,4,1.000000
regular,14,35,5,5,1.000000
regular,14,35,4,4,1.000000
regular,10,15,4,4,1.000000
regular,11,22,4,4,1.000000
regular,14,21,6,6,1.000000
regular,8,12,3,3,1.000000
regular,16,24,7,7,1.000000
regular,12,24,5,5,1.000000
regular,10,25,3,3,1.000000
regular,13,26,5,5,1.000000
regular,10,15,4,4,1.000000
regular,12,24,5,5,1.000000
regular,12,24,4,4,1.000000
regular,10,20,4,4,1.000000
regular,13,26,5,5,1.000000
regular,14,21,5,5,1.000000
regular,10,25,3,3,1.000000
regular,12,24,4,4,1.000000
regular,8,12,3,3,1.000000
regular,16,40,5,5,1.000000
regular,16,24,6,6,1.000000
regular,10,25,3,3,1.000000
regular,16,40,5,5,1.000000
regular,11,22,4,4,1.000000
regular,16,24,7,7,1.000000
regular,14,35,4,4,1.000000
regular,12,18,5,5,1.000000
regular,8,20,2,2,1.000000
regular,14,35,5,5,1.000000
regular,8,12,3,3,1.000000
regular,8,12,3,3,1.000000
regular,8,20,2,2,1.000000
regular,14,35,4,4,1.000000
regular,8,16,3,3,1.000000
regular,12,18,5,5,1.000000
regular,10,25,3,3,1.000000
regular,10,25,3,3,1.000000
regular,14,21,5,6,1.200000
regular,10,25,3,3,1.000000
regular,14,21,6,6,1.000000
regular,12,24,4,4,1.000000
regular,10,15,4,4,1.000000
regular,15,30,5,5,1.000000
regular,12,30,4,4,1.000000
regular,10,15,4,4,1.000000
regular,11,22,4,4,1.000000
regular,12,24,4,4,1.000000
regular,14,21,5,5,1.000000
regular,14,21,6,6,1.000000
regular,12,30,4,4,1.000000
regular,9,18,3,3,1.000000
regular,12,24,4,4,1.000000
regular,14,21,6,6,1.000000
regular,13,26,5,5,1.000000
regular,12,30,4,4,1.000000
regular,16,32,6,6,1.000000
regular,16,40,5,5,1.000000
regular,16,40,5,5,1.000000
regular,12,18,4,5,1.250000
regular,12,24,5,5,1.000000
regular,16,40,5,5,1.000000
regular,12,30,4,4,1.000000
regular,16,40,6,6,1.000000
regular,8,12,3,3,1.000000
regular,16,24,6,6,1.000000
regular,8,12,3,3,1.000000
regular,14,21,5,6,1.200000
regular,14,35,5,5,1.000000
regular,12,18,4,4,1.000000
regular,14,35,5,5,1.000000
regular,8,20,2,2,1.000000
regular,16,24,6,6,1.000000
regular,8,12,3,3,1.000000
regular,13,26,5,5,1.000000
regular,16,40,5,5,1.000000
regular,8,12,3,3,1.000000
regular,16,32,6,6,1.000000
regular,8,12,3,3,1.000000
regular,16,32,6,6,1.000000
regular,12,18,5,5,1.000000
regular,8,20,2,2,1.000000
regular,14,35,4,4,1.000000
regular,13,26,5,5,1.000000
regular,11,22,4,4,1.000000
regular,10,20,3,4,1.333333
regular,10,15,4,4,1.000000
regular,12,24,5,5,1.000000
regular,12,30,4,4,1.000000
regular,12,30,4,4,1.000000
regular,10,20,3,3,1.000000
regular,12,24,4,4,1.000000
regular,14,21,6,6,1.000000
regular,12,18,5,5,1.000000
regular,8,20,2,2,1.000000
regular,16,24,6,6,1.000000
regular,15,30,6,6,1.000000
regular,10,20,3,3,1.000000
regular,10,15,4,4,1.000000
regular,16,24,6,6,1.000000
regular,10,20,3,3,1.000000
regular,12,18,5,5,1.000000
regular,8,16,3,3,1.000000
regular,8,12,3,3,1.000000
regular,12,30,4,4,1.000000
regular,13,26,5,5,1.000000
regular,10,15,4,4,1.000000
regular,12,18,5,5,1.000000
regular,16,40,6,6,1.000000
regular,14,21,6,6,1.000000
regular,14,35,4,4,1.000000
regular,12,18,5,5,1.000000
regular,11,22,4,4,1.000000
regular,14,28,6,6,1.000000
regular,8,16,2,2,1.000000
regular,11,22,4,4,1.000000
regular,14,35,5,5,1.000000
regular,16,24,7,7,1.000000
regular,14,21,5,5,1.000000
regular,16,24,6,6,1.000000
regular,14,35,5,5,1.000000
regular,8,12,3,3,1.000000
regular,12,18,5,5,1.000000
regular,10,25,3,3,1.000000
regular,16,24,6,7,1.166667
regular,14,35,4,4,1.000000
regular,10,25,3,3,1.000000
regular,14,21,6,6,1.000000
regular,10,20,3,3,1.000000
regular,10,25,3,3,1.000000
regular,12,24,4,4,1.000000
regular,16,32,6,6,1.000000
regular,15,30,5,5,1.000000
regular,12,24,5,5,1.000000
regular,16,40,5,5,1.000000
regular,16,32,6,6,1.000000
regular,16,40,5,5,1.000000
regular,10,25,3,3,1.000000
regular,14,21,6,6,1.000000
regular,12,24,4,4,1.000000
regular,13,26,5,5,1.000000
regular,12,18,5,5,1.000000
regular,8,20,2,2,1.000000
regular,13,26,5,5,1.000000
regular,8,16,2,2,1.000000
regular,8,12,4,4,1.000000
regular,14,21,6,6,1.000000
regular,10,15,4,4,1.000000
regular,14,35,4,5,1.250000
regular,10,15,4,4,1.000000
regular,12,18,5,5,1.000000
regular,14,35,4,5,1.250000
regular,10,15,4,4,1.000000
regular,12,30,4,4,1.000000
regular,12,24,5,5,1.000000
regular,14,35,5,5,1.000000
regular,16,32,6,6,1.000000
regular,14,21,5,6,1.200000
regular,16,40,5,5,1.000000
regular,13,26,5,5,1.000000
regular,8,16,2,2,1.000000
regular,14,35,4,4,1.000000
regular,16,40,5,5,1.000000
regular,14,35,5,5,1.000000
regular,10,15,4,4,1.000000
regular,8,20,2,2,1.000000
regular,16,24,6,6,1.000000
regular,11,22,4,4,1.000000
regular,12,24,4,4,1.000000
regular,14,35,4,4,1.000000
regular,14,35,5,5,1.000000
regular,9,18,3,3,1.000000
regular,14,35,4,4,1.000000
regular,14,21,6,6,1.000000
regular,12,30,4,4,1.000000
regular,14,28,5,5,1.000000
regular,16,32,6,6,1.000000
regular,16,24,7,7,1.000000
regular,10,20,4,4,1.000000
regular,12,18,5,5,1.000000
regular,9,18,3,3,1.000000
regular,10,20,4,4,1.000000
regular,10,15,4,4,1.000000
regular,14,21,6,6,1.000000
regular,16,24,6,6,1.000000
regular,10,15,4,4,1.000000
regular,12,18,5,5,1.000000
regular,16,24,7,7,1.000000
regular,16,24,7,7,1.000000
regular,10,15,4,4,1.000000
regular,12,24,4,4,1.000000
regular,10,20,3,3,1.000000
regular,8,20,2,2,1.000000
regular,10,20,4,4,1.000000
regular,15,30,5,5,1.000000
regular,10,25,3,3,1.000000
regular,10,25,3,3,1.000000
regular,8,12,3,3,1.000000
regular,14,21,6,6,1.000000
regular,14,35,4,4,1.000000
regular,14,35,4,4,1.000000
regular,16,24,6,6,1.000000
regular,14,35,4,4,1.000000
regular,12,18,4,5,1.250000
regular,16,40,6,6,1.000000
regular,10,25,3,3,1.000000
regular,8,12,3,3,1.000000
regular,10,15,4,4,1.000000
regular,16,40,6,6,1.000000
regular,12,30,4,4,1.000000
regular,8,12,3,3,1.000000
regular,8,16,3,3,1.000000
regular,8,20,2,2,1.000000
regular,8,12,3,3,1.000000
regular,8,16,3,3,1.000000
regular,14,28,5,5,1.000000
regular,15,30,5,5,1.000000
regular,16,24,6,6,1.000000
regular,10,15,4,4,1.000000
regular,13,26,5,5,1.000000
regular,10,15,4,4,1.000000
regular,8,20,2,2,1.000000
regular,14,35,4,4,1.000000
regular,10,20,3,3,1.000000
regular,12,30,4,4,1.000000
regular,14,28,5,5,1.000000
regular,14,35,4,4,1.000000
regular,8,16,3,3,1.000000
regular,10,20,3,3,1.000000
regular,12,30,4,4,1.000000
regular,11,22,4,4,1.000000
regular,10,15,4,4,1.000000
regular,10,20,4,4,1.000000
regular,14,21,6,6,1.000000
regular,12,18,5,5,1.000000
regular,14,21,5,6,1.200000
regular,13,26,5,5,1.000000
regular,8,12,3,3,1.000000
regular,10,15,4,4,1.000000
regular,13,26,4,4,1.000000
regular,9,18,3,3,1.000000
regular,13,26,5,5,1.000000
regular,8,16,3,3,1.000000
regular,16,24,7,7,1.000000
regular,16,40,5,5,1.000000
regular,10,15,4,4,1.000000
regular,10,25,3,3,1.000000
regular,15,30,6,6,1.000000
regular,16,40,5,5,1.000000
regular,12,18,5,5,1.000000
regular,9,18,3,3,1.000000
regular,8,12,3,3,1.000000
regular,12,30,4,4,1.000000
regular,10,25,3,3,1.000000
regular,13,26,6,6,1.000000
regular,12,18,5,5,1.000000
regular,16,24,7,7,1.000000
regular,10,15,4,4,1.000000
regular,14,21,6,6,1.000000
regular,16,40,6,6,1.000000
regular,9,18,3,3,1.000000
regular,10,25,3,3,1.000000
regular,10,25,3,3,1.000000
regular,8,12,3,3,1.000000
regular,9,18,3,3,1.000000
regular,10,25,3,3,1.000000
regular,12,24,4,4,1.000000
regular,16,40,5,5,1.000000
regular,16,32,6,6,1.000000
regular,12,18,5,5,1.000000
regular,14,21,6,6,1.000000
regular,16,40,5,5,1.000000
regular,12,30,4,4,1.000000
regular,13,26,5,5,1.000000
regular,8,16,3,3,1.000000
regular,12,24,4,4,1.000000
regular,14,21,5,6,1.200000
regular,12,18,5,5,1.000000
regular,12,24,4,4,1.000000
regular,11,22,4,4,1.000000
regular,12,18,4,5,1.250000
regular,14,35,4,4,1.000000
regular,16,24,6,6,1.000000
regular,16,32,6,6,1.000000
regular,16,24,7,7,1.000000
regular,10,25,3,3,1.000000
regular,12,18,5,5,1.000000
regular,16,24,7,7,1.000000
regular,10,20,3,3,1.000000
regular,16,32,6,6,1.000000
regular,8,16,3,3,1.000000
regular,10,20,4,4,1.000000
regular,11,22,4,4,1.000000
regular,8,12,3,3,1.000000
regular,10,15,4,4,1.000000
regular,15,30,6,6,1.000000
regular,10,20,4,4,1.000000
regular,16,40,6,6,1.000000
regular,11,22,4,4,1.000000
regular,8,12,3,3,1.000000
regular,14,35,5,5,1.000000
regular,8,20,3,3,1.000000
regular,16,40,5,5,1.000000
regular,14,21,6,6,1.000000
regular,11,22,4,4,1.000000
regular,8,20,2,2,1.000000
regular,14,35,4,4,1.000000
regular,14,28,5,5,1.000000
regular,14,35,5,5,1.000000
regular,16,40,5,6,1.200000
regular,8,12,3,3,1.000000
regular,12,30,3,3,1.000000
regular,10,25,3,3,1.000000
regular,16,24,6,6,1.000000
regular,15,30,5,5,1.000000
regular,10,25,3,3,1.000000
regular,12,18,5,5,1.000000
regular,16,32,6,6,1.000000
regular,16,40,6,6,1.000000
regular,11,22,4,4,1.000000
regular,10,25,3,3,1.000000
regular,8,12,4,4,1.000000
regular,14,28,5,5,1.000000
regular,8,20,2,2,1.000000
regular,12,30,4,4,1.000000
regular,8,20,3,3,1.000000
regular,11,22,4,4,1.000000
regular,8,20,2,2,1.000000
regular,14,35,5,5,1.000000
regular,11,22,4,4,1.000000
regular,10,20,4,4,1.000000
regular,10,20,4,4,1.000000
regular,12,18,4,5,1.250000
regular,8,16,3,3,1.000000
regular,12,24,4,4,1.000000
regular,14,21,5,5,1.000000
regular,10,20,3,3,1.000000
regular,10,25,3,3,1.000000
regular,14,21,6,6,1.000000
regular,12,30,4,4,1.000000
regular,14,35,4,4,1.000000
regular,14,28,6,6,1.000000
regular,10,15,4,4,1.000000
regular,12,18,5,5,1.000000
regular,13,26,5,5,1.000000
regular,8,12,3,3,1.000000
regular,14,21,5,5,1.000000
regular,16,24,7,7,1.000000
regular,14,35,5,5,1.000000
regular,14,35,4,4,1.000000
regular,13,26,5,5,1.000000
regular,12,18,5,5,1.000000
regular,10,20,3,3,1.000000
regular,12,30,4,4,1.000000
regular,10,25,3,3,1.000000
regular,10,25,3,3,1.000000
regular,14,21,5,5,1.000000
regular,14,21,6,6,1.000000
regular,16,32,6,6,1.000000
regular,8,20,2,2,1.000000
regular,16,40,5,5,1.000000
regular,10,25,3,3,1.000000
regular,11,22,4,4,1.000000
regular,12,30,3,4,1.333333
regular,8,20,2,2,1.000000
regular,12,30,4,4,1.000000
regular,16,24,6,6,1.000000
regular,12,18,5,5,1.000000
regular,12,18,5,5,1.000000
regular,10,25,3,3,1.000000
regular,14,35,5,5,1.000000
regular,10,15,4,4,1.000000
regular,9,18,3,3,1.000000
regular,16,24,7,7,1.000000
regular,10,15,4,4,1.000000
regular,12,24,4,4,1.000000
regular,12,30,4,4,1.000000
regular,16,40,5,5,1.000000
regular,10,15,4,4,1.000000
regular,16,32,6,6,1.000000
regular,10,15,4,4,1.000000
regular,16,40,5,5,1.000000
regular,16,32,6,6,1.000000
regular,16,40,5,5,1.000000
regular,16,40,5,5,1.000000
regular,16,32,7,7,1.000000
regular,13,26,5,5,1.000000
regular,13,26,5,5,1.000000
regular,12,24,4,4,1.000000
regular,10,20,3,3,1.000000
regular,11,22,4,4,1.000000
regular,14,21,6,6,1.000000
regular,12,24,5,5,1.000000
regular,12,18,5,5,1.000000
regular,12,18,5,5,1.000000
regular,8,20,2,2,1.000000
regular,16,40,6,6,1.000000
regular,10,25,3,3,1.000000
regular,12,30,4,4,1.000000
regular,11,22,4,4,1.000000
regular,14,35,4,4,1.000000
regular,16,40,6,6,1.000000
regular,8,20,2,2,1.000000
regular,8,16,3,3,1.000000
regular,8,12,3,3,1.000000
regular,14,28,6,6,1.000000
regular,9,18,3,3,1.000000
regular,14,35,4,4,1.000000
regular,12,18,5,5,1.000000
regular,14,35,5,5,1.000000
regular,8,12,3,3,1.000000
regular,10,25,3,3,1.000000
regular,8,20,3,3,1.000000
regular,10,20,3,3,1.000000
regular,13,26,5,5,1.000000
regular,12,30,4,4,1.000000
regular,8,20,2,2,1.000000
regular,10,15,4,4,1.000000
regular,8,12,3,3,1.000000
regular,16,40,6,6,1.000000
regular,8,20,2,2,1.000000
regular,8,16,3,3,1.000000
regular,16,24,7,7,1.000000
regular,16,24,6,6,1.000000
regular,10,20,3,3,1.000000
regular,14,21,6,6,1.000000
regular,16,40,5,5,1.000000
regular,11,22,4,4,1.000000
regular,16,40,5,5,1.000000
regular,8,20,2,2,1.000000
regular,12,18,5,5,1.000000
regular,11,22,4,4,1.000000
regular,12,24,4,4,1.000000
regular,10,25,3,3,1.000000
regular,16,40,5,5,1.000000
regular,14,21,6,6,1.000000
regular,13,26,5,5,1.000000
regular,9,18,3,3,1.000000
regular,8,20,2,2,1.000000
regular,10,25,3,3,1.000000
regular,12,24,4,4,1.000000
regular,10,15,4,4,1.000000
regular,12,18,5,5,1.000000
regular,16,32,6,6,1.000000
regular,10,25,3,3,1.000000
regular,12,18,4,4,1.000000
regular,14,21,6,6,1.000000
regular,10,20,4,4,1.000000
regular,11,22,4,4,1.000000
regular,14,21,5,5,1.000000
regular,16,32,6,6,1.000000
regular,16,24,7,7,1.000000
regular,16,32,6,6,1.000000
regular,16,32,5,6,1.200000
regular,12,18,4,5,1.250000
regular,13,26,5,5,1.000000
regular,12,18,5,5,1.000000
regular,16,40,6,6,1.000000
regular,12,24,4,4,1.000000
regular,8,12,3,3,1.000000
regular,12,30,4,4,1.000000
regular,14,35,5,5,1.000000
regular,12,24,5,5,1.000000
regular,8,12,3,3,1.000000
regular,15,30,6,6,1.000000
regular,8,12,4,4,1.000000
regular,10,15,4,4,1.000000
regular,16,40,6,6,1.000000
regular,8,12,3,3,1.000000
regular,14,28,5,5,1.000000
regular,8,16,3,3,1.000000
regular,11,22,4,4,1.000000
regular,8,12,3,3,1.000000
regular,16,32,6,6,1.000000
regular,10,20,3,3,1.000000
regular,8,12,3,3,1.000000
regular,8,12,3,3,1.000000
regular,10,15,4,4,1.000000
regular,8,16,3,3,1.000000
regular,16,24,7,7,1.000000
regular,12,30,4,4,1.000000
regular,10,15,4,4,1.000000
regular,10,20,3,3,1.000000
regular,8,16,2,2,1.000000
regular,8,12,3,3,1.000000
regular,12,30,4,4,1.000000
regular,10,20,4,4,1.000000
regular,10,25,3,3,1.000000
regular,12,24,4,4,1.000000
regular,14,35,5,5,1.000000
regular,8,12,3,3,1.000000
regular,16,24,6,6,1.000000
regular,10,25,3,3,1.000000
regular,14,35,4,4,1.000000
regular,12,30,4,4,1.000000
regular,12,30,4,4,1.000000
regular,14,21,6,6,1.000000
regular,8,12,3,3,1.000000
regular,15,30,6,6,1.000000
regular,16,32,6,6,1.000000
regular,16,24,7,7,1.000000
regular,8,20,2,2,1.000000
regular,10,20,3,3,1.000000
regular,16,40,5,5,1.000000
regular,14,21,6,6,1.000000
regular,8,12,3,3,1.000000
regular,13,26,5,5,1.000000
regular,13,26,4,4,1.000000
regular,8,12,3,3,1.000000
regular,16,40,6,6,1.000000
regular,15,30,6,6,1.000000
regular,14,28,5,5,1.000000
regular,8,20,2,2,1.000000
regular,8,20,2,2,1.000000
regular,8,12,3,3,1.000000
regular,16,24,7,7,1.000000
regular,8,20,2,2,1.000000
regular,8,20,2,2,1.000000
regular,14,28,5,5,1.000000
regular,12,30,4,4,1.000000
regular,8,16,3,3,1.000000
regular,10,15,4,4,1.000000
regular,8,12,3,3,1.000000
regular,12,18,5,5,1.000000
regular,8,20,2,2,1.000000
regular,10,25,3,3,1.000000
regular,12,18,5,5,1.000000
regular,8,12,3,3,1.000000
regular,16,24,7,7,1.000000
regular,10,15,4,4,1.000000
regular,12,18,5,5,1.000000
regular,12,18,5,5,1.000000
regular,14,35,5,5,1.000000
regular,10,25,3,3,1.000000
regular,10,15,4,4,1.000000
regular,12,24,4,4,1.000000
regular,11,22,4,4,1.000000
regular,16,40,6,6,1.000000
regular,15,30,5,5,1.000000
regular,11,22,3,4,1.333333
regular,8,16,3,3,1.000000
regular,12,24,4,4,1.000000
regular,16,24,6,6,1.000000
regular,12,24,4,4,1.000000
regular,10,15,4,4,1.000000
regular,10,25,3,3,1.000000
regular,10,15,4,4,1.000000
regular,10,15,4,4,1.000000
regular,14,35,5,5,1.000000
regular,10,25,3,3,1.000000
regular,10,25,4,4,1.000000
regular,10,15,4,4,1.000000
regular,8,12,3,3,1.000000
regular,8,12,3,3,1.000000
regular,8,12,3,3,1.000000
regular,8,12,3,3,1.000000
regular,14,35,5,5,1.000000
regular,14,35,5,5,1.000000
regular,10,15,4,4,1.000000
regular,14,35,5,5,1.000000
regular,14,35,4,4,1.000000
regular,14,21,6,6,1.000000
regular,8,12,3,3,1.000000
regular,12,30,4,4,1.000000
regular,10,15,4,4,1.000000
regular,12,30,4,4,1.000000
regular,9,18,4,4,1.000000
regular,12,30,4,4,1.000000
regular,10,25,3,3,1.000000
regular,16,40,6,6,1.000000
regular,8,20,2,2,1.000000
regular,8,20,3,3,1.000000
regular,12,24,4,4,1.000000
regular,10,20,3,3,1.000000
regular,11,22,4,4,1.000000
regular,8,12,3,3,1.000000
regular,8,12,3,3,1.000000
regular,10,25,4,4,1.000000
regular,10,20,4,4,1.000000
regular,9,18,3,3,1.000000
regular,10,20,3,3,1.000000
regular,8,16,2,2,1.000000
regular,16,40,5,5,1.000000
regular,8,20,2,2,1.000000
regular,14,35,5,5,1.000000
regular,8,20,3,3,1.000000
regular,13,26,5,5,1.000000
regular,14,21,5,6,1.200000
regular,16,24,6,6,1.000000
regular,16,24,6,6,1.000000
regular,8,12,3,3,1.000000
regular,12,30,3,4,1.333333
regular,8,16,3,3,1.000000
regular,12,24,5,5,1.000000
regular,14,35,5,5,1.000000
regular,16,24,7,7,1.000000
regular,14,35,5,5,1.000000
regular,12,24,4,4,1.000000
regular,8,16,2,2,1.000000
regular,10,25,3,3,1.000000
regular,16,24,7,7,1.000000
regular,10,15,4,4,1.000000
regular,14,21,6,6,1.000000
regular,8,12,3,3,1.000000
regular,14,28,5,5,1.000000
regular,8,20,2,2,1.000000
regular,14,21,5,5,1.000000
regular,10,25,3,3,1.000000
regular,12,30,4,4,1.000000
regular,8,12,3,3,1.000000
regular,12,18,5,5,1.000000
regular,12,30,4,4,1.000000
regular,16,24,7,7,1.000000
regular,16,40,5,5,1.000000
regular,10,20,3,3,1.000000
regular,11,22,4,4,1.000000
regular,8,20,2,2,1.000000
regular,10,20,3,3,1.000000
regular,10,25,3,3,1.000000
regular,12,18,5,5,1.000000
regular,16,32,5,6,1.200000
regular,12,18,5,5,1.000000
regular,12,18,5,5,1.000000
regular,16,32,6,6,1.000000
regular,8,12,3,3,1.000000
regular,14,35,5,5,1.000000
regular,16,24,6,6,1.000000
regular,13,26,5,5,1.000000
regular,16,32,6,7,1.166667
regular,11,22,4,4,1.000000
regular,15,30,5,5,1.000000
regular,14,21,6,6,1.000000
regular,16,32,6,6,1.000000
regular,13,26,5,5,1.000000
regular,10,15,5,5,1.000000
regular,15,30,6,6,1.000000
regular,10,15,4,4,1.000000
regular,14,28,5,5,1.000000
regular,8,12,3,3,1.000000
regular,14,21,6,6,1.000000
regular,15,30,6,6,1.000000
regular,15,30,6,6,1.000000
regular,8,20,2,2,1.000000
regular,11,22,4,4,1.000000
regular,12,30,4,4,1.000000
regular,14,28,5,5,1.000000
regular,14,21,6,6,1.000000
regular,11,22,4,4,1.000000
regular,14,35,5,5,1.000000
regular,8,12,3,3,1.000000
regular,15,30,5,5,1.000000
regular,15,30,5,5,1.000000
regular,12,18,5,5,1.000000
regular,14,21,5,5,1.000000
regular,9,18,3,3,1.000000
regular,12,18,5,5,1.000000
regular,13,26,5,5,1.000000
regular,10,25,3,3,1.000000
regular,16,40,5,5,1.000000
regular,10,25,3,3,1.000000
regular,12,18,5,5,1.000000
regular,12,30,4,4,1.000000
regular,15,30,6,6,1.000000
regular,16,24,6,7,1.166667
regular,12,30,4,4,1.000000
regular,14,21,6,6,1.000000
regular,10,25,3,3,1.000000
regular,8,12,3,3,1.000000
regular,10,15,4,4,1.000000
regular,8,20,2,2,1.000000
regular,16,40,5,5,1.000000
regular,12,30,4,4,1.000000
regular,9,18,3,3,1.000000
regular,8,12,3,3,1.000000
regular,8,20,3,3,1.000000
regular,15,30,6,6,1.000000
regular,16,32,6,6,1.000000
regular,10,15,4,4,1.000000
regular,12,30,4,4,1.000000
regular,9,18,3,3,1.000000
regular,13,26,4,4,1.000000
regular,14,35,4,4,1.000000
regular,12,30,4,4,1.000000
regular,16,24,7,7,1.000000
regular,8,12,3,3,1.000000
regular,8,12,3,3,1.000000
regular,8,16,3,3,1.000000
regular,14,28,5,5,1.000000
regular,14,35,4,4,1.000000
regular,16,40,5,5,1.000000
regular,12,24,4,4,1.000000
regular,10,15,4,4,1.000000
regular,11,22,4,4,1.000000
regular,8,12,3,3,1.000000
regular,12,30,4,4,1.000000
regular,8,16,3,3,1.000000
regular,8,12,3,3,1.000000
regular,15,30,6,6,1.000000
regular,12,30,4,4,1.000000
regular,16,24,7,7,1.000000
regular,9,18,3,3,1.000000
regular,9,18,3,3,1.000000
regular,13,26,5,5,1.000000
regular,16,40,5,5,1.000000
regular,14,21,6,6,1.000000
regular,16,24,6,6,1.000000
regular,10,20,3,3,1.000000
regular,10,15,4,4,1.000000
regular,16,40,5,5,1.000000
regular,13,26,5,5,1.000000
regular,14,35,4,5,1.250000
regular,8,20,2,2,1.000000
regular,15,30,6,6,1.000000
regular,16,40,5,5,1.000000
regular,8,12,3,3,1.000000
regular,16,40,5,5,1.000000
regular,14,35,5,5,1.000000
regular,12,18,5,5,1.000000
regular,14,21,6,6,1.000000
regular,14,35,5,5,1.000000
regular,8,12,3,3,1.000000
regular,10,25,3,3,1.000000
regular,12,18,5,5,1.000000
regular,10,20,3,3,1.000000
regular,8,20,3,3,1.000000
regular,12,30,4,4,1.000000
regular,16,24,7,7,1.000000
regular,16,24,6,6,1.000000
regular,16,24,6,7,1.166667
regular,16,24,7,7,1.000000
regular,16,24,7,7,1.000000
regular,15,30,6,6,1.000000
regular,8,16,3,3,1.000000
regular,10,20,4,4,1.000000
regular,8,12,3,3,1.000000
regular,12,30,4,4,1.000000
regular,16,32,6,6,1.000000
regular,16,24,7,7,1.000000
regular,12,18,5,5,1.000000
regular,12,18,5,5,1.000000
regular,12,30,4,4,1.000000
regular,16,32,6,6,1.000000
regular,8,12,3,3,1.000000
regular,16,32,6,6,1.000000
regular,16,40,5,5,1.000000
regular,16,32,6,6,1.000000
regular,16,40,6,6,1.000000
regular,14,35,4,4,1.000000
regular,13,26,5,5,1.000000
regular,16,40,6,6,1.000000
regular,16,40,5,5,1.000000
regular,16,40,5,5,1.000000
regular,13,26,5,5,1.000000
regular,14,21,6,6,1.000000
regular,12,30,4,4,1.000000
regular,14,35,4,4,1.000000
regular,8,20,2,2,1.000000
regular,12,18,4,5,1.250000
regular,8,20,2,2,1.000000
regular,14,21,6,6,1.000000
regular,8,12,3,3,1.000000
regular,8,12,3,3,1.000000
regular,10,25,3,3,1.000000
regular,12,30,4,4,1.000000
regular,16,40,5,5,1.000000
regular,16,40,6,6,1.000000
regular,10,20,4,4,1.000000
regular,14,21,6,6,1.000000
regular,16,40,6,6,1.000000
regular,14,28,5,5,1.000000
regular,15,30,6,6,1.000000
regular,10,20,3,3,1.000000
regular,16,24,6,6,1.000000
regular,14,35,5,5,1.000000
regular,9,18,3,3,1.000000
regular,16,40,5,5,1.000000
regular,12,30,4,4,1.000000
regular,8,20,2,2,1.000000
regular,16,40,5,5,1.000000
regular,10,25,3,3,1.000000
regular,10,15,4,4,1.000000
regular,11,22,4,4,1.000000
regular,12,30,4,4,1.000000
regular,8,20,2,2,1.000000
regular,14,35,4,4,1.000000
regular,8,12,3,3,1.000000
regular,8,12,3,3,1.000000
regular,10,20,4,4,1.000000
regular,14,21,6,6,1.000000
regular,14,21,6,6,1.000000
regular,8,20,2,2,1.000000
regular,16,40,5,5,1.000000
regular,14,35,5,5,1.000000
regular,12,18,5,5,1.000000
regular,12,30,4,4,1.000000
regular,12,18,5,5,1.000000
regular,10,20,3,3,1.000000
regular,14,21,5,5,1.000000
regular,12,18,5,5,1.000000
regular,16,40,6,6,1.000000
regular,11,22,4,4,1.000000
regular,12,24,4,4,1.000000
regular,14,35,5,5,1.000000
regular,10,15,4,4,1.000000
regular,10,15,4,4,1.000000
regular,10,15,4,4,1.000000
regular,14,35,5,5,1.000000
regular,14,35,5,5,1.000000
regular,10,25,3,3,1.000000
regular,9,18,3,3,1.000000
regular,10,25,3,3,1.000000
regular,9,18,3,3,1.000000
regular,16,24,6,6,1.000000
regular,16,24,6,6,1.000000
regular,16,40,5,5,1.000000
regular,12,24,4,4,1.000000
regular,9,18,3,3,1.000000
regular,10,15,4,4,1.000000
regular,16,40,5,5,1.000000
regular,12,18,5,5,1.000000
regular,15,30,6,6,1.000000
regular,10,15,4,4,1.000000
regular,10,25,3,3,1.000000
regular,8,20,3,3,1.000000
regular,8,12,4,4,1.000000
regular,14,28,5,5,1.000000
regular,11,22,3,3,1.000000
regular,8,20,2,2,1.000000
regular,10,25,3,3,1.000000
regular,12,30,4,4,1.000000
regular,10,15,4,4,1.000000
regular,8,16,3,3,1.000000
regular,10,15,4,4,1.000000
regular,12,30,4,4,1.000000
regular,14,35,4,4,1.000000
regular,8,16,3,3,1.000000
regular,8,20,2,2,1.000000
regular,15,30,5,6,1.200000
regular,10,25,3,3,1.000000
regular,16,32,6,6,1.000000
regular,8,16,2,2,1.000000
regular,14,28,5,5,1.000000
regular,8,12,3,3,1.000000
regular,15,30,6,6,1.000000
regular,15,30,5,5,1.000000
regular,12,18,5,5,1.000000
regular,16,32,5,6,1.200000
regular,10,20,3,3,1.000000
regular,11,22,4,4,1.000000
regular,16,32,5,6,1.200000
regular,8,20,2,2,1.000000
regular,12,18,5,5,1.000000
regular,16,24,7,7,1.000000
regular,16,40,5,5,1.000000
regular,14,21,6,6,1.000000
regular,14,21,6,6,1.000000
regular,12,18,5,5,1.000000
regular,8,20,2,2,1.000000
regular,14,28,5,5,1.000000
regular,11,22,4,4,1.000000
regular,14,21,5,5,1.000000
regular,14,28,5,5,1.000000
regular,16,24,7,7,1.000000
regular,11,22,4,4,1.000000
regular,14,21,5,6,1.200000
regular,8,12,3,3,1.000000
regular,14,35,5,5,1.000000
regular,12,30,4,4,1.000000
regular,8,12,3,3,1.000000
regular,16,40,5,5,1.000000
regular,8,12,3,3,1.000000
regular,14,21,5,5,1.000000
regular,10,20,4,4,1.000000
regular,14,21,6,6,1.000000
regular,10,20,4,4,1.000000
regular,11,22,4,4,1.000000
regular,9,18,3,3,1.000000
regular,10,20,4,4,1.000000
regular,14,35,4,5,1.250000
regular,12,18,5,5,1.000000
regular,10,20,4,4,1.000000
regular,16,40,5,5,1.000000
regular,16,40,5,5,1.000000
regular,14,35,5,5,1.000000
regular,13,26,4,4,1.000000
regular,16,40,6,6,1.000000
regular,13,26,5,5,1.000000
regular,8,12,3,3,1.000000
regular,10,15,4,4,1.000000
regular,16,40,5,5,1.000000
regular,16,40,6,6,1.000000
regular,16,40,6,6,1.000000
regular,14,21,6,6,1.000000
regular,11,22,4,4,1.000000
regular,16,24,7,7,1.000000
regular,8,20,2,2,1.000000
regular,8,12,3,3,1.000000
regular,8,12,3,3,1.000000
regular,10,20,3,3,1.000000
regular,10,15,4,4,1.000000
regular,10,20,3,3,1.000000
regular,16,40,5,5,1.000000
regular,14,35,5,5,1.000000
regular,11,22,4,4,1.000000
regular,15,30,5,5,1.000000
regular,16,40,6,6,1.000000
regular,16,40,5,5,1.000000
regular,8,20,3,3,1.000000
regular,14,21,5,6,1.200000
regular,8,12,4,4,1.000000
regular,14,21,6,6,1.000000
regular,10,20,3,3,1.000000
regular,14,28,5,5,1.000000
regular,10,20,3,3,1.000000
regular,10,15,4,4,1.000000
regular,12,24,5,5,1.000000
regular,8,12,3,3,1.000000
regular,12,30,4,4,1.000000
regular,12,30,3,3,1.000000
regular,8,12,3,3,1.000000
regular,12,18,5,5,1.000000
regular,12,30,4,4,1.000000
regular,11,22,4,4,1.000000
regular,12,18,5,5,1.000000
regular,16,24,7,7,1.000000
regular,10,15,4,4,1.000000
regular,16,24,7,7,1.000000
regular,14,35,5,5,1.000000
regular,12,18,5,5,1.000000
regular,14,28,5,5,1.000000
regular,8,12,3,3,1.000000
regular,14,21,5,6,1.200000
regular,14,28,6,6,1.000000
regular,14,21,6,6,1.000000
regular,8,20,2,2,1.000000
regular,8,16,3,3,1.000000
regular,16,32,5,6,1.200000
regular,13,26,5,5,1.000000
regular,10,25,3,3,1.000000
regular,10,20,3,3,1.000000
regular,16,24,7,7,1.000000
regular,14,21,6,6,1.000000
regular,15,30,5,6,1.200000
regular,12,30,4,4,1.000000
regular,12,18,5,5,1.000000
regular,12,24,5,5,1.000000
regular,8,20,2,2,1.000000
regular,14,21,6,6,1.000000
regular,16,40,5,5,1.000000
regular,12,18,5,5,1.000000
regular,10,25,3,3,1.000000
regular,16,40,5,5,1.000000
regular,14,35,4,4,1.000000
regular,12,24,4,4,1.000000
regular,14,35,5,5,1.000000
regular,16,32,6,6,1.000000
regular,10,25,3,3,1.000000
regular,14,35,5,5,1.000000
regular,8,20,3,3,1.000000
regular,12,18,5,5,1.000000
regular,16,40,5,5,1.000000
regular,9,18,3,3,1.000000
regular,12,18,5,5,1.000000
regular,11,22,4,4,1.000000
regular,14,28,5,5,1.000000
regular,10,15,4,4,1.000000
regular,14,21,6,6,1.000000
regular,12,30,4,4,1.000000
regular,15,30,5,5,1.000000
regular,10,20,4,4,1.000000
regular,13,26,5,5,1.000000
regular,16,32,6,6,1.000000
regular,9,18,3,3,1.000000
regular,12,30,4,4,1.000000
regular,10,25,3,3,1.000000
regular,11,22,4,4,1.000000
regular,8,12,3,3,1.000000
regular,15,30,6,6,1.000000
regular,15,30,5,5,1.000000
regular,8,20,2,2,1.000000
regular,12,30,4,4,1.000000
regular,12,30,4,4,1.000000
regular,12,18,5,5,1.000000
regular,14,35,4,4,1.000000
regular,9,18,3,3,1.000000
regular,10,15,4,4,1.000000
regular,8,16,2,2,1.000000
regular,12,18,5,5,1.000000
regular,10,25,3,3,1.000000
regular,14,21,6,6,1.000000
regular,14,35,5,5,1.000000
regular,8,20,2,2,1.000000
regular,10,20,3,3,1.000000
regular,14,35,5,5,1.000000
regular,11,22,4,4,1.000000
regular,14,35,5,5,1.000000
regular,9,18,3,3,1.000000
regular,11,22,4,4,1.000000
regular,10,20,4,4,1.000000
regular,9,18,3,3,1.000000
regular,13,26,5,5,1.000000
regular,8,16,3,3,1.000000
regular,14,35,4,4,1.000000
regular,8,12,3,3,1.000000
regular,14,35,4,5,1.250000
regular,12,18,5,5,1.000000
regular,10,25,3,3,1.000000
regular,12,24,5,5,1.000000
regular,14,35,4,4,1.000000
regular,16,24,7,7,1.000000
regular,9,18,3,3,1.000000
regular,16,40,6,6,1.000000
regular,11,22,4,4,1.000000
regular,16,24,7,7,1.000000
regular,14,35,5,5,1.000000
regular,12,24,4,4,1.000000
regular,15,30,5,5,1.000000
regular,16,40,5,5,1.000000
regular,16,32,6,6,1.000000
regular,12,18,5,5,1.000000
regular,16,24,7,7,1.000000
regular,14,21,6,6,1.000000
regular,8,12,3,3,1.000000
regular,12,24,5,5,1.000000
regular,14,35,5,5,1.000000
regular,14,21,6,6,1.000000
regular,12,18,5,5,1.000000
regular,13,26,5,5,1.000000
regular,8,16,3,3,1.000000
regular,8,16,3,3,1.000000
regular,8,20,2,2,1.000000
regular,8,12,3,3,1.000000
regular,15,30,5,5,1.000000
regular,12,24,4,4,1.000000
regular,11,22,3,3,1.000000
regular,14,21,5,5,1.000000
regular,16,24,7,7,1.000000
regular,14,28,5,5,1.000000
regular,10,15,4,4,1.000000
regular,14,35,4,4,1.000000
regular,16,24,7,7,1.000000
regular,16,24,6,7,1.166667
regular,12,30,3,3,1.000000
regular,10,15,4,4,1.000000
regular,14,35,4,4,1.000000
regular,11,22,4,4,1.000000
regular,15,30,5,5,1.000000
regular,16,32,6,6,1.000000
regular,12,24,4,4,1.000000
regular,16,40,6,6,1.000000
regular,16,32,6,6,1.000000
regular,16,24,7,7,1.000000
regular,8,12,3,3,1.000000
regular,14,35,5,5,1.000000
regular,14,35,4,4,1.000000
regular,13,26,5,5,1.000000
regular,12,18,5,5,1.000000
regular,11,22,4,4,1.000000
regular,10,25,3,3,1.000000
regular,8,16,3,3,1.000000
regular,16,40,5,5,1.000000
regular,15,30,6,6,1.000000
regular,8,12,3,3,1.000000
regular,16,24,6,6,1.000000
regular,14,21,6,6,1.000000
regular,10,15,4,4,1.000000
regular,16,32,6,6,1.000000
regular,8,20,2,2,1.000000
regular,11,22,4,4,1.000000
regular,10,25,3,3,1.000000
regular,8,20,2,2,1.000000
regular,12,24,4,4,1.000000
regular,10,15,4,4,1.000000
regular,9,18,3,3,1.000000
regular,10,25,3,3,1.000000
regular,14,35,5,5,1.000000
regular,16,24,7,7,1.000000
regular,8,20,2,2,1.000000
regular,10,25,3,3,1.000000
regular,12,30,4,4,1.000000
regular,16,24,6,7,1.166667
regular,16,40,5,5,1.000000
regular,8,12,3,3,1.000000
regular,10,25,3,3,1.000000
regular,10,20,4,4,1.000000
regular,16,40,5,5,1.000000
regular,14,35,5,5,1.000000
regular,12,18,5,5,1.000000
regular,8,12,3,3,1.000000
regular,10,25,3,3,1.000000
regular,16,40,5,5,1.000000
regular,8,12,3,3,1.000000
regular,13,26,4,5,1.250000
regular,14,21,6,6,1.000000
regular,8,20,3,3,1.000000
regular,13,26,4,4,1.000000
regular,14,28,5,5,1.000000
regular,12,18,5,5,1.000000
regular,8,16,3,3,1.000000
regular,14,21,6,6,1.000000
regular,13,26,4,4,1.000000
regular,8,20,3,3,1.000000
regular,8,16,3,3,1.000000
regular,10,25,3,3,1.000000
regular,15,30,5,5,1.000000
regular,16,40,5,5,1.000000
regular,10,15,4,4,1.000000
regular,12,18,5,5,1.000000
regular,9,18,3,3,1.000000
regular,14,28,5,5,1.000000
regular,14,35,5,5,1.000000
regular,14,21,6,6,1.000000
regular,8,12,3,3,1.000000
regular,14,28,6,6,1.000000
regular,12,30,3,4,1.333333
regular,8,12,3,3,1.000000
regular,14,28,5,5,1.000000
regular,16,40,5,5,1.000000
regular,12,18,5,5,1.000000
regular,14,21,6,6,1.000000
regular,12,18,5,5,1.000000
regular,12,30,4,4,1.000000
regular,13,26,5,5,1.000000
regular,12,18,5,5,1.000000
regular,10,15,4,4,1.000000
regular,9,18,3,3,1.000000
regular,16,24,7,7,1.000000
regular,12,30,4,4,1.000000
regular,9,18,4,4,1.000000
regular,13,26,5,5,1.000000
regular,8,16,3,3,1.000000
regular,8,20,2,2,1.000000
regular,14,35,5,5,1.000000
regular,14,21,6,6,1.000000
regular,10,20,3,3,1.000000
regular,14,21,6,6,1.000000
regular,14,28,5,5,1.000000
regular,12,24,4,4,1.000000
regular,16,40,5,5,1.000000
regular,8,12,4,4,1.000000
regular,14,21,5,5,1.000000
regular,14,21,6,6,1.000000
regular,14,21,6,6,1.000000
regular,16,40,6,6,1.000000
regular,12,18,5,5,1.000000
regular,14,35,5,5,1.000000
regular,10,20,4,4,1.000000
regular,16,24,7,7,1.000000
regular,8,20,2,2,1.000000
regular,8,20,2,2,1.000000
regular,14,28,5,5,1.000000
regular,10,25,3,3,1.000000
regular,14,21,6,6,1.000000
regular,16,24,7,7,1.000000
regular,9,18,3,3,1.000000
regular,15,30,5,5,1.000000
regular,14,35,5,5,1.000000
regular,16,24,7,7,1.000000
regular,14,28,5,5,1.000000
regular,9,18,3,3,1.000000
regular,10,25,3,3,1.000000
regular,10,15,4,4,1.000000
regular,8,20,2,2,1.000000
regular,14,35,4,4,1.000000
regular,10,15,4,4,1.000000
regular,10,20,4,4,1.000000
regular,14,35,4,5,1.250000
regular,16,24,6,6,1.000000
regular,15,30,6,6,1.000000
regular,16,24,7,7,1.000000
regular,11,22,4,4,1.000000
regular,15,30,5,5,1.000000
regular,16,24,7,7,1.000000
regular,12,24,4,4,1.000000
regular,11,22,4,4,1.000000
regular,14,35,5,5,1.000000
regular,12,18,5,5,1.000000
regular,16,24,6,6,1.000000
regular,14,21,5,5,1.000000
regular,12,18,5,5,1.000000
regular,9,18,4,4,1.000000
regular,8,12,3,3,1.000000
regular,8,16,3,3,1.000000
regular,10,15,4,4,1.000000
regular,16,40,5,5,1.000000
regular,14,21,5,5,1.000000
regular,11,22,4,4,1.000000
regular,13,26,4,4,1.000000
regular,14,28,5,5,1.000000
regular,10,25,3,3,1.000000
regular,16,24,6,7,1.166667
regular,10,25,3,3,1.000000
regular,16,32,6,6,1.000000
regular,16,40,5,5,1.000000
regular,15,30,6,6,1.000000
regular,12,30,4,4,1.000000
regular,10,25,3,3,1.000000
regular,8,16,3,3,1.000000
regular,10,25,3,3,1.000000
regular,14,35,5,5,1.000000
regular,13,26,4,4,1.000000
regular,14,35,5,5,1.000000
regular,14,21,6,6,1.000000
regular,8,20,2,2,1.000000
regular,9,18,3,3,1.000000
regular,16,24,6,6,1.000000
regular,14,21,5,6,1.200000
regular,16,24,6,6,1.000000
regular,8,16,3,3,1.000000
regular,14,35,5,5,1.000000
regular,10,15,4,4,1.000000
regular,12,18,6,6,1.000000
regular,8,20,3,3,1.000000
regular,12,30,4,4,1.000000
regular,16,24,7,7,1.000000
regular,13,26,5,5,1.000000
regular,14,21,5,6,1.200000
regular,12,24,4,4,1.000000
regular,11,22,4,4,1.000000
regular,16,40,5,5,1.000000
regular,8,20,2,2,1.000000
regular,16,32,6,6,1.000000
regular,10,25,3,3,1.000000
regular,10,20,3,3,1.000000
regular,16,40,5,5,1.000000
regular,14,35,5,5,1.000000
regular,14,21,6,6,1.000000
regular,8,12,3,3,1.000000
regular,13,26,5,5,1.000000
regular,14,35,5,5,1.000000
regular,8,12,3,3,1.000000
regular,10,15,4,4,1.000000
regular,13,26,5,5,1.000000
regular,8,20,2,2,1.000000
regular,14,28,5,5,1.000000
regular,14,28,5,5,1.000000
regular,10,20,3,3,1.000000
regular,14,21,6,6,1.000000
regular,16,24,6,6,1.000000
regular,10,25,3,3,1.000000
regular,14,21,5,5,1.000000
regular,16,40,5,5,1.000000
regular,16,32,6,6,1.000000
regular,14,21,6,6,1.000000
regular,16,24,6,6,1.000000
regular,16,40,5,5,1.000000
regular,8,12,3,3,1.000000
regular,11,22,4,4,1.000000
regular,16,40,6,6,1.000000
regular,13,26,5,5,1.000000
regular,16,32,6,7,1.166667
regular,12,18,5,5,1.000000
regular,8,12,3,3,1.000000
regular,12,18,5,5,1.000000
regular,8,20,2,2,1.000000
regular,10,25,3,3,1.000000
regular,14,35,4,4,1.000000
regular,8,16,3,3,1.000000
regular,8,12,3,3,1.000000
regular,13,26,5,5,1.000000
regular,8,20,2,2,1.000000
regular,16,40,5,5,1.000000
regular,12,18,5,5,1.000000
regular,16,40,5,5,1.000000
regular,10,15,4,4,1.000000
regular,13,26,5,5,1.000000
regular,10,15,4,4,1.000000
regular,10,25,3,3,1.000000
regular,8,12,3,3,1.000000
regular,12,30,4,4,1.000000
regular,10,15,4,4,1.000000
regular,10,25,3,3,1.000000
regular,8,20,2,2,1.000000
regular,9,18,3,3,1.000000
regular,10,15,4,4,1.000000
regular,8,16,3,3,1.000000
regular,14,35,4,5,1.250000
regular,15,30,5,5,1.000000
regular,16,24,6,7,1.166667
regular,8,12,3,3,1.000000
regular,16,40,5,5,1.000000
regular,16,40,6,6,1.000000
regular,14,28,5,5,1.000000
regular,12,30,4,4,1.000000
regular,10,15,4,4,1.000000
regular,10,25,3,3,1.000000
regular,15,30,5,5,1.000000
regular,14,21,6,6,1.000000
regular,8,12,3,3,1.000000
regular,10,15,4,4,1.000000
regular,10,15,4,4,1.000000
regular,14,21,6,6,1.000000
regular,14,21,6,6,1.000000
regular,8,16,3,3,1.000000
regular,12,18,5,5,1.000000
regular,14,21,6,6,1.000000
regular,14,35,4,4,1.000000
regular,15,30,5,5,1.000000
regular,10,20,3,3,1.000000
regular,8,12,3,3,1.000000
regular,10,20,3,3,1.000000
regular,10,15,4,4,1.000000
regular,10,15,4,4,1.000000
regular,10,20,3,3,1.000000
regular,16,24,6,6,1.000000
regular,10,15,4,4,1.000000
regular,12,30,3,3,1.000000
regular,16,24,7,7,1.000000
regular,9,18,3,3,1.000000
regular,10,15,4,4,1.000000
regular,12,30,4,4,1.000000
regular,16,40,6,6,1.000000
regular,14,28,5,5,1.000000
regular,16,40,5,6,1.200000
regular,14,35,5,5,1.000000
regular,12,30,4,4,1.000000
regular,9,18,3,3,1.000000
regular,10,15,4,4,1.000000
regular,10,25,3,3,1.000000
regular,10,20,4,4,1.000000
regular,10,15,4,4,1.000000
regular,10,25,3,3,1.000000
regular,8,12,3,3,1.000000
regular,8,12,3,3,1.000000
regular,8,20,2,2,1.000000
regular,10,25,3,3,1.000000
regular,8,16,3,3,1.000000
regular,10,15,4,4,1.000000
regular,8,20,2,2,1.000000
regular,14,35,5,5,1.000000
regular,10,15,4,4,1.000000
regular,13,26,5,5,1.000000
regular,8,12,3,3,1.000000
regular,13,26,5,5,1.000000
regular,10,25,3,3,1.000000
regular,14,35,5,5,1.000000
regular,10,20,3,3,1.000000
regular,8,20,2,2,1.000000
regular,16,24,6,6,1.000000
regular,12,24,4,4,1.000000
regular,11,22,4,4,1.000000
regular,11,22,4,4,1.000000
regular,14,35,5,5,1.000000
regular,14,28,5,5,1.000000
regular,8,12,3,3,1.000000
regular,11,22,4,4,1.000000
regular,10,20,3,3,1.000000
regular,10,25,3,3,1.000000
regular,15,30,5,5,1.000000
regular,16,40,5,5,1.000000
regular,16,24,7,7,1.000000
regular,10,20,4,4,1.000000
regular,14,21,5,6,1.200000
regular,12,24,5,5,1.000000
regular,11,22,4,4,1.000000
regular,8,16,3,3,1.000000
regular,16,24,6,7,1.166667
regular,16,40,5,5,1.000000
regular,16,24,6,6,1.000000
regular,10,15,4,4,1.000000
regular,16,24,6,7,1.166667
regular,16,24,6,6,1.000000
regular,16,24,7,7,1.000000
regular,11,22,4,4,1.000000
regular,16,24,6,6,1.000000
regular,8,12,3,3,1.000000
regular,8,12,3,3,1.000000
regular,8,20,3,3,1.000000
regular,16,32,6,6,1.000000
regular,8,20,2,2,1.000000
regular,14,28,5,5,1.000000
regular,14,35,4,4,1.000000
regular,10,15,4,4,1.000000
regular,14,35,4,4,1.000000
regular,16,24,6,6,1.000000
regular,8,20,2,2,1.000000
regular,10,15,4,4,1.000000
regular,12,30,4,4,1.000000
regular,8,12,3,3,1.000000
regular,16,40,5,5,1.000000
regular,16,32,7,7,1.000000
regular,12,18,5,5,1.000000
regular,14,21,6,6,1.000000
regular,12,18,6,6,1.000000
regular,10,20,4,4,1.000000
regular,13,26,4,5,1.250000
regular,12,18,5,5,1.000000
regular,14,35,4,4,1.000000
regular,12,18,5,5,1.000000
regular,14,21,6,6,1.000000
regular,12,24,4,4,1.000000
regular,10,20,4,4,1.000000
regular,12,18,5,5,1.000000
regular,14,28,5,5,1.000000
regular,11,22,3,4,1.333333
regular,14,21,5,5,1.000000
regular,16,32,6,6,1.000000
regular,15,30,6,6,1.000000
regular,15,30,5,5,1.000000
regular,16,24,6,7,1.166667
regular,10,25,3,3,1.000000
regular,10,15,4,4,1.000000
regular,8,20,2,2,1.000000
regular,14,35,4,4,1.000000
regular,8,12,3,3,1.000000
regular,16,32,6,6,1.000000
regular,10,15,4,4,1.000000
regular,16,32,6,6,1.000000
regular,16,40,5,5,1.000000
regular,16,24,7,7,1.000000
regular,16,32,6,6,1.000000
regular,16,40,5,5,1.000000
regular,13,26,5,5,1.000000
regular,8,12,4,4,1.000000
regular,10,20,4,4,1.000000
regular,14,35,5,5,1.000000
regular,9,18,3,3,1.000000
regular,10,25,3,3,1.000000
regular,10,20,4,4,1.000000
regular,8,12,3,3,1.000000
regular,15,30,5,5,1.000000
regular,16,24,6,6,1.000000
regular,13,26,5,5,1.000000
regular,14,35,5,5,1.000000
regular,12,30,4,4,1.000000
regular,16,40,5,5,1.000000
regular,14,21,6,6,1.000000
regular,16,40,5,5,1.000000
regular,15,30,5,5,1.000000
regular,16,24,6,6,1.000000
regular,10,25,3,3,1.000000
regular,16,40,5,5,1.000000
regular,14,35,5,5,1.000000
regular,11,22,4,4,1.000000
regular,16,32,6,6,1.000000
regular,15,30,5,5,1.000000
regular,14,35,4,4,1.000000
regular,10,25,3,3,1.000000
regular,16,32,6,6,1.000000
regular,14,21,6,6,1.000000
regular,11,22,4,4,1.000000
regular,8,16,3,3,1.000000
regular,14,35,5,5,1.000000
regular,10,15,4,4,1.000000
regular,8,20,3,3,1.000000
regular,13,26,4,4,1.000000
regular,12,18,5,5,1.000000
regular,10,25,3,3,1.000000
regular,13,26,4,4,1.000000
regular,10,25,3,3,1.000000
regular,8,20,2,2,1.000000
regular,8,20,2,2,1.000000
regular,8,12,3,3,1.000000
regular,10,25,3,3,1.000000
regular,13,26,5,5,1.000000
regular,11,22,4,4,1.000000
regular,16,24,7,7,1.000000
regular,8,16,3,3,1.000000
regular,14,35,5,5,1.000000
regular,12,18,5,5,1.000000
regular,10,15,4,4,1.000000
regular,8,20,3,3,1.000000
regular,12,30,4,4,1.000000
regular,16,40,5,5,1.000000
regular,12,24,5,5,1.000000
regular,10,25,4,4,1.000000
regular,14,21,5,5,1.000000
regular,8,16,3,3,1.000000
regular,9,18,3,3,1.000000
regular,14,35,4,4,1.000000
regular,10,20,3,3,1.000000
regular,9,18,3,3,1.000000
regular,8,20,3,3,1.000000
regular,12,18,5,5,1.000000
regular,10,15,4,4,1.000000
regular,14,21,6,6,1.000000
regular,10,25,3,3,1.000000
regular,8,20,2,2,1.000000
regular,8,12,3,3,1.000000
regular,12,18,5,5,1.000000
regular,14,35,4,5,1.250000
regular,8,20,2,2,1.000000
regular,14,21,6,6,1.000000
regular,10,20,4,4,1.000000
regular,16,40,5,5,1.000000
regular,10,15,4,4,1.000000
regular,16,24,6,6,1.000000
regular,8,12,3,3,1.000000
regular,8,12,3,3,1.000000
regular,16,40,5,5,1.000000
regular,14,21,5,5,1.000000
regular,10,25,3,3,1.000000
regular,14,35,5,5,1.000000
regular,14,28,5,5,1.000000
regular,16,32,5,5,1.000000
regular,14,28,4,5,1.250000
regular,8,20,3,3,1.000000
regular,14,28,5,5,1.000000
regular,14,21,6,6,1.000000
regular,12,30,4,4,1.000000
regular,15,30,5,5,1.000000
regular,10,25,3,3,1.000000
regular,14,35,4,4,1.000000
regular,10,15,4,4,1.000000
regular,12,18,5,5,1.000000
regular,8,12,3,3,1.000000
regular,8,12,3,3,1.000000
regular,10,25,3,3,1.000000
regular,8,20,2,2,1.000000
regular,12,30,4,4,1.000000
regular,15,30,6,6,1.000000
regular,16,40,5,5,1.000000
regular,15,30,6,6,1.000000
regular,10,15,4,4,1.000000
regular,10,25,3,3,1.000000
regular,9,18,3,3,1.000000
regular,16,24,6,6,1.000000
regular,8,20,3,3,1.000000
regular,14,35,4,5,1.250000
regular,8,16,2,2,1.000000
regular,12,24,4,4,1.000000
regular,10,25,3,3,1.000000
regular,12,30,4,4,1.000000
regular,14,28,5,5,1.000000
regular,8,16,3,3,1.000000
regular,10,25,3,3,1.000000
regular,8,12,3,3,1.000000
regular,10,20,4,4,1.000000
regular,12,18,5,5,1.000000
regular,8,16,3,3,1.000000
regular,14,21,6,6,1.000000
regular,12,24,4,4,1.000000
regular,10,15,4,4,1.000000
regular,16,32,6,6,1.000000
regular,10,25,3,3,1.000000
regular,10,20,4,4,1.000000
regular,14,21,6,6,1.000000
regular,16,24,6,6,1.000000
regular,9,18,3,3,1.000000
regular,16,32,6,6,1.000000
regular,11,22,4,4,1.000000
regular,8,12,3,3,1.000000
regular,8,12,3,3,1.000000
regular,13,26,5,5,1.000000
regular,14,28,5,5,1.000000
regular,8,16,3,3,1.000000
regular,14,35,5,5,1.000000
regular,14,21,6,6,1.000000
regular,11,22,4,4,1.000000
regular,10,25,3,3,1.000000
regular,16,24,7,7,1.000000
regular,8,12,3,3,1.000000
regular,12,18,5,5,1.000000
regular,14,21,6,6,1.000000
regular,16,24,7,7,1.000000
regular,11,22,4,4,1.000000
regular,14,35,5,5,1.000000
regular,8,16,3,3,1.000000
regular,8,20,2,2,1.000000
regular,14,35,6,6,1.000000
regular,10,15,4,4,1.000000
regular,10,15,4,4,1.000000
regular,10,15,4,4,1.000000
regular,14,21,6,6,1.000000
regular,15,30,6,6,1.000000
regular,8,16,3,3,1.000000
regular,10,25,3,3,1.000000
regular,8,12,3,3,1.000000
regular,8,12,3,3,1.000000
regular,14,35,4,4,1.000000
regular,15,30,6,6,1.000000
regular,15,30,5,5,1.000000
regular,10,15,4,4,1.000000
regular,12,30,4,4,1.000000
regular,14,35,4,4,1.000000
regular,8,12,3,3,1.000000
regular,14,35,4,4,1.000000
regular,16,24,7,7,1.000000
regular,16,32,6,6,1.000000
regular,15,30,5,5,1.000000
regular,16,40,6,6,1.000000
regular,15,30,6,6,1.000000
regular,9,18,3,3,1.000000
regular,8,16,3,3,1.000000
regular,16,24,7,7,1.000000
regular,12,30,4,4,1.000000
regular,11,22,4,4,1.000000
regular,12,18,5,5,1.000000
regular,12,18,5,5,1.000000
regular,12,18,5,5,1.000000
regular,11,22,4,4,1.000000
regular,16,40,5,5,1.000000
regular,16,40,5,5,1.000000
regular,12,18,5,5,1.000000
regular,9,18,3,3,1.000000
regular,14,21,5,5,1.000000
regular,14,21,5,5,1.000000
regular,8,12,3,3,1.000000
regular,12,18,5,5,1.000000
regular,16,40,6,6,1.000000
regular,14,35,4,4,1.000000
regular,10,25,3,3,1.000000
regular,12,18,5,5,1.000000
regular,10,25,3,3,1.000000
regular,12,18,5,5,1.000000
regular,8,16,3,3,1.000000
regular,8,20,3,3,1.000000
regular,10,25,3,3,1.000000
regular,16,40,5,5,1.000000
regular,16,40,6,6,1.000000
regular,10,15,4,4,1.000000
regular,13,26,5,5,1.000000
regular,12,30,4,4,1.000000
regular,10,20,4,4,1.000000
regular,12,30,4,4,1.000000
regular,10,15,4,4,1.000000
regular,12,30,4,4,1.000000
regular,10,25,3,3,1.000000
regular,8,12,3,3,1.000000
regular,16,24,6,6,1.000000
regular,12,30,4,4,1.000000
regular,8,12,3,3,1.000000
regular,14,35,4,4,1.000000
regular,8,16,3,3,1.000000
regular,10,15,4,4,1.000000
regular,8,16,3,3,1.000000
regular,9,18,3,3,1.000000
regular,10,25,3,3,1.000000
regular,11,22,4,4,1.000000
regular,12,18,5,5,1.000000
regular,16,40,5,5,1.000000
regular,15,30,6,6,1.000000
regular,10,25,3,3,1.000000
regular,10,20,3,3,1.000000
regular,16,24,6,6,1.000000
regular,8,16,2,2,1.000000
regular,14,35,5,5,1.000000
regular,9,18,3,3,1.000000
regular,10,25,3,3,1.000000
regular,16,24,7,7,1.000000
regular,12,30,4,4,1.000000
regular,8,20,2,2,1.000000
regular,8,12,3,3,1.000000
regular,10,15,4,4,1.000000
regular,14,35,5,5,1.000000
regular,11,22,3,4,1.333333
regular,8,12,3,3,1.000000
regular,10,20,4,4,1.000000
regular,11,22,4,4,1.000000
regular,16,32,6,6,1.000000
regular,16,24,7,7,1.000000
regular,16,32,6,6,1.000000
regular,16,40,6,6,1.000000
regular,10,20,4,4,1.000000
regular,12,30,4,4,1.000000
regular,16,24,7,7,1.000000
regular,10,15,4,4,1.000000
regular,16,32,6,6,1.000000
regular,10,25,3,3,1.000000
regular,11,22,4,4,1.000000
regular,8,12,3,3,1.000000
regular,8,12,3,3,1.000000
regular,11,22,4,4,1.000000
regular,8,16,3,3,1.000000
regular,10,25,3,3,1.000000
regular,12,30,4,4,1.000000
regular,14,21,5,6,1.200000
regular,14,35,4,4,1.000000
regular,8,20,2,2,1.000000
regular,16,24,7,7,1.000000
regular,14,21,6,6,1.000000
regular,16,40,6,6,1.000000
regular,16,32,6,6,1.000000
regular,8,12,4,4,1.000000
regular,8,20,2,2,1.000000
regular,13,26,4,4,1.000000
regular,8,20,3,3,1.000000
regular,10,15,4,4,1.000000
regular,9,18,3,3,1.000000
regular,12,18,5,5,1.000000
regular,16,24,7,7,1.000000
regular,15,30,6,6,1.000000
regular,12,30,4,4,1.000000
regular,15,30,6,6,1.000000
regular,14,21,5,6,1.200000
regular,12,18,5,5,1.000000
regular,14,21,6,6,1.000000
regular,9,18,3,3,1.000000
regular,12,30,4,4,1.000000
regular,10,25,4,4,1.000000
regular,10,25,3,3,1.000000
regular,12,18,5,5,1.000000
regular,8,16,3,3,1.000000
regular,8,20,2,2,1.000000
regular,8,16,3,3,1.000000
regular,14,28,5,5,1.000000
regular,14,21,5,5,1.000000
regular,16,40,5,5,1.000000
regular,8,12,3,3,1.000000
regular,12,30,4,4,1.000000
regular,8,12,3,3,1.000000
regular,8,12,3,3,1.000000
regular,12,18,5,5,1.000000
regular,13,26,5,5,1.000000
regular,14,28,5,5,1.000000
regular,14,21,6,6,1.000000
regular,12,18,5,5,1.000000
regular,12,30,4,4,1.000000
regular,12,30,4,4,1.000000
regular,12,18,5,5,1.000000
regular,14,21,6,6,1.000000
regular,16,24,7,7,1.000000
regular,8,20,2,2,1.000000
regular,14,35,5,5,1.000000
regular,13,26,5,5,1.000000
regular,8,20,2,2,1.000000
regular,8,12,3,3,1.000000
regular,14,21,6,6,1.000000
regular,14,35,5,5,1.000000
regular,10,20,4,4,1.000000
regular,16,24,7,7,1.000000
regular,10,15,4,4,1.000000
regular,8,12,3,3,1.000000
regular,10,25,3,3,1.000000
regular,12,18,5,5,1.000000
regular,12,30,4,4,1.000000
regular,16,24,7,7,1.000000
regular,12,18,5,5,1.000000
regular,12,30,4,4,1.000000
regular,10,20,3,3,1.000000
regular,14,21,6,6,1.000000
regular,8,12,3,3,1.000000
regular,10,25,3,3,1.000000
regular,16,24,7,7,1.000000
regular,8,12,3,3,1.000000
regular,10,15,4,4,1.000000
regular,9,18,3,3,1.000000
regular,16,24,6,6,1.000000
regular,16,24,7,7,1.000000
regular,14,21,5,5,1.000000
regular,16,40,6,6,1.000000
regular,8,16,3,3,1.000000
regular,10,15,4,4,1.000000
regular,14,28,5,5,1.000000
regular,12,18,5,5,1.000000
regular,10,20,3,3,1.000000
regular,10,20,3,3,1.000000
regular,9,18,3,3,1.000000
regular,13,26,5,5,1.000000
regular,16,24,7,7,1.000000
regular,13,26,5,5,1.000000
regular,8,20,2,2,1.000000
regular,12,24,4,4,1.000000
regular,10,25,3,3,1.000000
regular,8,16,2,2,1.000000
regular,14,28,5,5,1.000000
regular,8,20,2,2,1.000000
regular,8,12,3,3,1.000000
regular,16,32,6,6,1.000000
regular,14,21,5,6,1.200000
regular,8,20,2,2,1.000000
regular,10,15,4,4,1.000000
regular,13,26,5,5,1.000000
regular,15,30,6,6,1.000000
regular,8,12,3,3,1.000000
regular,12,18,4,4,1.000000
regular,12,30,4,4,1.000000
regular,13,26,4,4,1.000000
regular,14,28,5,5,1.000000
regular,15,30,5,5,1.000000
regular,13,26,5,5,1.000000
regular,16,40,5,5,1.000000
regular,13,26,5,5,1.000000
regular,10,20,4,4,1.000000
regular,16,40,6,6,1.000000
regular,12,24,4,4,1.000000
regular,8,12,3,3,1.000000
regular,10,15,4,4,1.000000
regular,10,25,3,3,1.000000
regular,8,12,3,3,1.000000
regular,13,26,4,4,1.000000
regular,10,15,4,4,1.000000
regular,16,24,6,6,1.000000
regular,10,20,3,3,1.000000
regular,9,18,3,3,1.000000
regular,10,25,3,3,1.000000
regular,16,24,6,6,1.000000
regular,8,12,3,3,1.000000
regular,16,24,6,6,1.000000
regular,14,28,5,5,1.000000
regular,8,20,2,2,1.000000
regular,12,30,4,4,1.000000
regular,12,30,4,4,1.000000
regular,10,25,3,3,1.000000
regular,8,12,2,2,1.000000
regular,10,25,3,3,1.000000
regular,8,20,2,2,1.000000
regular,14,35,5,5,1.000000
regular,8,20,2,2,1.000000
regular,8,12,3,3,1.000000
regular,14,28,5,5,1.000000
regular,10,20,4,4,1.000000
regular,14,35,5,5,1.000000
regular,10,25,3,3,1.000000
regular,8,12,3,3,1.000000
regular,14,35,5,5,1.000000
regular,8,20,2,2,1.000000
regular,10,15,4,4,1.000000
regular,12,30,4,4,1.000000
regular,11,22,4,4,1.000000
regular,12,18,5,5,1.000000
regular,13,26,5,5,1.000000
regular,12,18,5,5,1.000000
regular,16,40,5,5,1.000000
regular,10,15,4,4,1.000000
regular,16,40,5,5,1.000000
regular,16,24,6,7,1.166667
regular,8,20,2,2,1.000000
regular,15,30,5,5,1.000000
regular,16,24,7,7,1.000000
regular,15,30,6,6,1.000000
regular,13,26,4,4,1.000000
regular,16,32,6,6,1.000000
regular,16,40,6,6,1.000000
regular,14,28,6,6,1.000000
regular,8,12,3,3,1.000000
regular,12,24,4,4,1.000000
regular,9,18,3,3,1.000000
regular,13,26,5,5,1.000000
regular,11,22,4,4,1.000000
regular,16,32,6,6,1.000000
regular,16,32,6,6,1.000000
regular,10,15,4,4,1.000000
regular,8,20,2,2,1.000000
regular,16,24,7,7,1.000000
star,49,48,48,48,1.000000
star,68,67,67,67,1.000000
star,38,37,37,37,1.000000
star,39,38,38,38,1.000000
star,44,43,43,43,1.000000
star,61,60,60,60,1.000000
star,28,27,27,27,1.000000
star,45,44,44,44,1.000000
star,25,24,24,24,1.000000
star,53,52,52,52,1.000000
star,37,36,36,36,1.000000
star,8,7,7,7,1.000000
star,61,60,60,60,1.000000
star,17,16,16,16,1.000000
star,42,41,41,41,1.000000
star,77,76,76,76,1.000000
star,14,13,13,13,1.000000
star,29,28,28,28,1.000000
star,17,16,16,16,1.000000
star,9,8,8,8,1.000000
star,37,36,36,36,1.000000
star,59,58,58,58,1.000000
star,51,50,50,50,1.000000
star,22,21,21,21,1.000000
star,67,66,66,66,1.000000
star,43,42,42,42,1.000000
star,11,10,10,10,1.000000
star,37,36,36,36,1.000000
star,49,48,48,48,1.000000
star,59,58,58,58,1.000000
star,36,35,35,35,1.000000
star,45,44,44,44,1.000000
star,39,38,38,38,1.000000
star,31,30,30,30,1.000000
star,12,11,11,11,1.000000
star,26,25,25,25,1.000000
star,77,76,76,76,1.000000
star,11,10,10,10,1.000000
star,34,33,33,33,1.000000
star,71,70,70,70,1.000000
star,26,25,25,25,1.000000
star,58,57,57,57,1.000000
star,44,43,43,43,1.000000
star,16,15,15,15,1.000000
star,23,22,22,22,1.000000
star,79,78,78,78,1.000000
star,36,35,35,35,1.000000
star,61,60,60,60,1.000000
star,27,26,26,26,1.000000
star,77,76,76,76,1.000000
star,78,77,77,77,1.000000
star,20,19,19,19,1.000000
star,55,54,54,54,1.000000
star,32,31,31,31,1.000000
star,28,27,27,27,1.000000
star,61,60,60,60,1.000000
star,8,7,7,7,1.000000
star,8,7,7,7,1.000000
star,80,79,79,79,1.000000
star,48,47,47,47,1.000000
star,19,18,18,18,1.000000
star,12,11,11,11,1.000000
star,31,30,30,30,1.000000
star,81,80,80,80,1.000000
star,14,13,13,13,1.000000
star,27,26,26,26,1.000000
star,22,21,21,21,1.000000
star,23,22,22,22,1.000000
star,60,59,59,59,1.000000
star,59,58,58,58,1.000000
star,16,15,15,15,1.000000
star,48,47,47,47,1.000000
star,74,73,73,73,1.000000
star,36,35,35,35,1.000000
star,23,22,22,22,1.000000
star,48,47,47,47,1.000000
star,14,13,13,13,1.000000
star,15,14,14,14,1.000000
star,73,72,72,72,1.000000
star,64,63,63,63,1.000000
star,41,40,40,40,1.000000
star,27,26,26,26,1.000000
star,24,23,23,23,1.000000
star,34,33,33,33,1.000000
star,19,18,18,18,1.000000
star,75,74,74,74,1.000000
star,46,45,45,45,1.000000
star,68,67,67,67,1.000000
star,31,30,30,30,1.000000
star,15,14,14,14,1.000000
star,31,30,30,30,1.000000
star,25,24,24,24,1.000000
star,65,64,64,64,1.000000
star,48,47,47,47,1.000000
star,66,65,65,65,1.000000
star,7,6,6,6,1.000000
star,29,28,28,28,1.000000
star,41,40,40,40,1.000000
star,7,6,6,6,1.000000
star,60,59,59,59,1.000000
star,19,18,18,18,1.000000
star,72,71,71,71,1.000000
star,15,14,14,14,1.000000
star,38,37,37,37,1.000000
star,72,71,71,71,1.000000
star,51,50,50,50,1.000000
star,43,42,42,42,1.000000
star,33,32,32,32,1.000000
star,55,54,54,54,1.000000
star,22,21,21,21,1.000000
star,60,59,59,59,1.000000
star,38,37,37,37,1.000000
star,70,69,69,69,1.000000
star,17,16,16,16,1.000000
star,75,74,74,74,1.000000
star,63,62,62,62,1.000000
star,28,27,27,27,1.000000
star,18,17,17,17,1.000000
star,65,64,64,64,1.000000
star,74,73,73,73,1.000000
star,44,43,43,43,1.000000
star,21,20,20,20,1.000000
star,79,78,78,78,1.000000
star,65,64,64,64,1.000000
star,59,58,58,58,1.000000
star,41,40,40,40,1.000000
star,24,23,23,23,1.000000
star,69,68,68,68,1.000000
star,36,35,35,35,1.000000
star,53,52,52,52,1.000000
star,74,73,73,73,1.000000
star,44,43,43,43,1.000000
star,19,18,18,18,1.000000
star,79,78,78,78,1.000000
star,23,22,22,22,1.000000
star,55,54,54,54,1.000000
star,12,11,11,11,1.000000
star,66,65,65,65,1.000000
star,49,48,48,48,1.000000
star,73,72,72,72,1.000000
star,55,54,54,54,1.000000
star,80,79,79,79,1.000000
star,23,22,22,22,1.000000
star,61,60,60,60,1.000000
star,40,39,39,39,1.000000
star,24,23,23,23,1.000000
star,10,9,9,9,1.000000
star,10,9,9,9,1.000000
star,32,31,31,31,1.000000
star,19,18,18,18,1.000000
star,54,53,53,53,1.000000
star,19,18,18,18,1.000000
star,9,8,8,8,1.000000
star,21,20,20,20,1.000000
star,69,68,68,68,1.000000
star,14,13,13,13,1.000000
star,17,16,16,16,1.000000
star,17,16,16,16,1.000000
star,16,15,15,15,1.000000
star,66,65,65,65,1.000000
star,8,7,7,7,1.000000
star,42,41,41,41,1.000000
star,6,5,5,5,1.000000
star,41,40,40,40,1.000000
star,67,66,66,66,1.000000
star,73,72,72,72,1.000000
star,64,63,63,63,1.000000
star,33,32,32,32,1.000000
star,64,63,63,63,1.000000
star,42,41,41,41,1.000000
star,69,68,68,68,1.000000
star,10,9,9,9,1.000000
star,51,50,50,50,1.000000
star,21,20,20,20,1.000000
star,19,18,18,18,1.000000
star,63,62,62,62,1.000000
star,4,3,3,3,1.000000
star,20,19,19,19,1.000000
star,9,8,8,8,1.000000
star,67,66,66,66,1.000000
star,34,33,33,33,1.000000
star,76,75,75,75,1.000000
star,65,64,64,64,1.000000
star,11,10,10,10,1.000000
star,14,13,13,13,1.000000
star,57,56,56,56,1.000000
star,33,32,32,32,1.000000
star,19,18,18,18,1.000000
star,58,57,57,57,1.000000
star,20,19,19,19,1.000000
star,78,77,77,77,1.000000
star,44,43,43,43,1.000000
star,69,68,68,68,1.000000
star,12,11,11,11,1.000000
star,10,9,9,9,1.000000
star,61,60,60,60,1.000000
star,65,64,64,64,1.000000
star,18,17,17,17,1.000000
star,78,77,77,77,1.000000
star,54,53,53,53,1.000000
star,67,66,66,66,1.000000
star,59,58,58,58,1.000000
star,66,65,65,65,1.000000
star,36,35,35,35,1.000000
star,12,11,11,11,1.000000
star,55,54,54,54,1.000000
star,53,52,52,52,1.000000
star,10,9,9,9,1.000000
star,55,54,54,54,1.000000
star,38,37,37,37,1.000000
star,74,73,73,73,1.000000
star,47,46,46,46,1.000000
star,74,73,73,73,1.000000
star,71,70,70,70,1.000000
star,73,72,72,72,1.000000
star,40,39,39,39,1.000000
star,43,42,42,42,1.000000
star,38,37,37,37,1.000000
star,21,20,20,20,1.000000
star,40,39,39,39,1.000000
star,47,46,46,46,1.000000
star,11,10,10,10,1.000000
star,38,37,37,37,1.000000
star,68,67,67,67,1.000000
star,69,68,68,68,1.000000
star,55,54,54,54,1.000000
star,41,40,40,40,1.000000
star,49,48,48,48,1.000000
star,32,31,31,31,1.000000
star,68,67,67,67,1.000000
star,58,57,57,57,1.000000
star,75,74,74,74,1.000000
star,41,40,40,40,1.000000
star,44,43,43,43,1.000000
star,17,16,16,16,1.000000
star,26,25,25,25,1.000000
star,57,56,56,56,1.000000
star,46,45,45,45,1.000000
star,26,25,25,25,1.000000
star,67,66,66,66,1.000000
star,57,56,56,56,1.000000
star,57,56,56,56,1.000000
star,60,59,59,59,1.000000
star,34,33,33,33,1.000000
star,17,16,16,16,1.000000
star,47,46,46,46,1.000000
star,51,50,50,50,1.000000
star,26,25,25,25,1.000000
star,44,43,43,43,1.000000
star,38,37,37,37,1.000000
star,15,14,14,14,1.000000
star,63,62,62,62,1.000000
star,73,72,72,72,1.000000
star,31,30,30,30,1.000000
star,27,26,26,26,1.000000
star,15,14,14,14,1.000000
star,14,13,13,13,1.000000
star,23,22,22,22,1.000000
star,52,51,51,51,1.000000
star,72,71,71,71,1.000000
star,17,16,16,16,1.000000
star,74,73,73,73,1.000000
star,56,55,55,55,1.000000
star,70,69,69,69,1.000000
star,51,50,50,50,1.000000
star,7,6,6,6,1.000000
star,54,53,53,53,1.000000
star,31,30,30,30,1.000000
star,42,41,41,41,1.000000
star,45,44,44,44,1.000000
star,71,70,70,70,1.000000
star,47,46,46,46,1.000000
star,57,56,56,56,1.000000
star,79,78,78,78,1.000000
star,66,65,65,65,1.000000
star,66,65,65,65,1.000000
star,12,11,11,11,1.000000
star,4,3,3,3,1.000000
star,40,39,39,39,1.000000
star,51,50,50,50,1.000000
star,52,51,51,51,1.000000
star,68,67,67,67,1.000000
star,74,73,73,73,1.000000
star,27,26,26,26,1.000000
star,59,58,58,58,1.000000
star,34,33,33,33,1.000000
star,42,41,41,41,1.000000
star,26,25,25,25,1.000000
star,42,41,41,41,1.000000
star,27,26,26,26,1.000000
star,30,29,29,29,1.000000
star,50,49,49,49,1.000000
star,27,26,26,26,1.000000
star,71,70,70,70,1.000000
star,70,69,69,69,1.000000
star,64,63,63,63,1.000000
star,5,4,4,4,1.000000
star,6,5,5,5,1.000000
star,46,45,45,45,1.000000
star,21,20,20,20,1.000000
star,48,47,47,47,1.000000
star,14,13,13,13,1.000000
star,30,29,29,29,1.000000
star,54,53,53,53,1.000000
star,27,26,26,26,1.000000
star,64,63,63,63,1.000000
star,26,25,25,25,1.000000
star,45,44,44,44,1.000000
star,72,71,71,71,1.000000
star,55,54,54,54,1.000000
star,19,18,18,18,1.000000
star,68,67,67,67,1.000000
star,27,26,26,26,1.000000
star,16,15,15,15,1.000000
star,12,11,11,11,1.000000
star,36,35,35,35,1.000000
star,5,4,4,4,1.000000
star,74,73,73,73,1.000000
star,38,37,37,37,1.000000
star,68,67,67,67,1.000000
star,63,62,62,62,1.000000
star,37,36,36,36,1.000000
star,23,22,22,22,1.000000
star,56,55,55,55,1.000000
star,18,17,17,17,1.000000
star,48,47,47,47,1.000000
star,43,42,42,42,1.000000
star,63,62,62,62,1.000000
star,18,17,17,17,1.000000
star,25,24,24,24,1.000000
star,12,11,11,11,1.000000
star,52,51,51,51,1.000000
star,20,19,19,19,1.000000
star,64,63,63,63,1.000000
star,51,50,50,50,1.000000
star,62,61,61,61,1.000000
star,28,27,27,27,1.000000
star,34,33,33,33,1.000000
star,27,26,26,26,1.000000
star,8,7,7,7,1.000000
star,7,6,6,6,1.000000
star,57,56,56,56,1.000000
star,16,15,15,15,1.000000
star,18,17,17,17,1.000000
star,32,31,31,31,1.000000
star,59,58,58,58,1.000000
star,74,73,73,73,1.000000
star,48,47,47,47,1.000000
star,23,22,22,22,1.000000
star,64,63,63,63,1.000000
star,40,39,39,39,1.000000
star,73,72,72,72,1.000000
star,5,4,4,4,1.000000
star,25,24,24,24,1.000000
star,28,27,27,27,1.000000
star,33,32,32,32,1.000000
star,49,48,48,48,1.000000
star,24,23,23,23,1.000000
star,34,33,33,33,1.000000
star,44,43,43,43,1.000000
star,70,69,69,69,1.000000
star,36,35,35,35,1.000000
star,51,50,50,50,1.000000
star,80,79,79,79,1.000000
star,59,58,58,58,1.000000
star,34,33,33,33,1.000000
star,75,74,74,74,1.000000
star,31,30,30,30,1.000000
star,70,69,69,69,1.000000
star,43,42,42,42,1.000000
star,54,53,53,53,1.000000
star,11,10,10,10,1.000000
star,61,60,60,60,1.000000
star,40,39,39,39,1.000000
star,78,77,77,77,1.000000
star,13,12,12,12,1.000000
star,54,53,53,53,1.000000
star,70,69,69,69,1.000000
star,19,18,18,18,1.000000
star,44,43,43,43,1.000000
star,45,44,44,44,1.000000
star,45,44,44,44,1.000000
star,59,58,58,58,1.000000
star,17,16,16,16,1.000000
star,28,27,27,27,1.000000
star,81,80,80,80,1.000000
star,58,57,57,57,1.000000
star,10,9,9,9,1.000000
star,43,42,42,42,1.000000
star,64,63,63,63,1.000000
star,45,44,44,44,1.000000
star,18,17,17,17,1.000000
star,4,3,3,3,1.000000
star,41,40,40,40,1.000000
star,27,26,26,26,1.000000
star,38,37,37,37,1.000000
star,21,20,20,20,1.000000
star,45,44,44,44,1.000000
star,75,74,74,74,1.000000
star,37,36,36,36,1.000000
star,54,53,53,53,1.000000
star,51,50,50,50,1.000000
star,70,69,69,69,1.000000
star,79,78,78,78,1.000000
star,78,77,77,77,1.000000
star,30,29,29,29,1.000000
star,29,28,28,28,1.000000
star,35,34,34,34,1.000000
star,47,46,46,46,1.000000
star,65,64,64,64,1.000000
star,15,14,14,14,1.000000
star,61,60,60,60,1.000000
star,59,58,58,58,1.000000
star,74,73,73,73,1.000000
star,50,49,49,49,1.000000
star,28,27,27,27,1.000000
star,68,67,67,67,1.000000
star,38,37,37,37,1.000000
star,79,78,78,78,1.000000
star,38,37,37,37,1.000000
star,6,5,5,5,1.000000
star,70,69,69,69,1.000000
star,38,37,37,37,1.000000
star,61,60,60,60,1.000000
star,63,62,62,62,1.000000
star,22,21,21,21,1.000000
star,64,63,63,63,1.000000
star,61,60,60,60,1.000000
star,23,22,22,22,1.000000
star,69,68,68,68,1.000000
star,7,6,6,6,1.000000
star,21,20,20,20,1.000000
star,67,66,66,66,1.000000
star,62,61,61,61,1.000000
star,13,12,12,12,1.000000
star,42,41,41,41,1.000000
star,4,3,3,3,1.000000
star,7,6,6,6,1.000000
star,40,39,39,39,1.000000
star,52,51,51,51,1.000000
star,36,35,35,35,1.000000
star,10,9,9,9,1.000000
star,71,70,70,70,1.000000
star,67,66,66,66,1.000000
star,80,79,79,79,1.000000
star,73,72,72,72,1.000000
star,16,15,15,15,1.000000
star,64,63,63,63,1.000000
star,34,33,33,33,1.000000
star,59,58,58,58,1.000000
star,18,17,17,17,1.000000
star,69,68,68,68,1.000000
star,71,70,70,70,1.000000
star,47,46,46,46,1.000000
star,61,60,60,60,1.000000
star,47,46,46,46,1.000000
star,23,22,22,22,1.000000
star,38,37,37,37,1.000000
star,50,49,49,49,1.000000
star,24,23,23,23,1.000000
star,18,17,17,17,1.000000
star,53,52,52,52,1.000000
star,41,40,40,40,1.000000
star,25,24,24,24,1.000000
star,8,7,7,7,1.000000
star,15,14,14,14,1.000000
star,18,17,17,17,1.000000
star,70,69,69,69,1.000000
star,10,9,9,9,1.000000
star,71,70,70,70,1.000000
star,25,24,24,24,1.000000
star,81,80,80,80,1.000000
star,45,44,44,44,1.000000
star,36,35,35,35,1.000000
star,75,74,74,74,1.000000
star,44,43,43,43,1.000000
star,21,20,20,20,1.000000
star,14,13,13,13,1.000000
star,14,13,13,13,1.000000
star,21,20,20,20,1.000000
star,18,17,17,17,1.000000
star,50,49,49,49,1.000000
star,77,76,76,76,1.000000
star,43,42,42,42,1.000000
star,58,57,57,57,1.000000
star,35,34,34,34,1.000000
star,28,27,27,27,1.000000
star,35,34,34,34,1.000000
star,75,74,74,74,1.000000
star,17,16,16,16,1.000000
star,64,63,63,63,1.000000
star,76,75,75,75,1.000000
star,72,71,71,71,1.000000
star,36,35,35,35,1.000000
star,22,21,21,21,1.000000
star,60,59,59,59,1.000000
star,57,56,56,56,1.000000
star,79,78,78,78,1.000000
star,9,8,8,8,1.000000
star,16,15,15,15,1.000000
star,63,62,62,62,1.000000
star,63,62,62,62,1.000000
star,7,6,6,6,1.000000
star,52,51,51,51,1.000000
star,10,9,9,9,1.000000
star,46,45,45,45,1.000000
star,33,32,32,32,1.000000
star,29,28,28,28,1.000000
star,63,62,62,62,1.000000
star,11,10,10,10,1.000000
star,19,18,18,18,1.000000
star,80,79,79,79,1.000000
star,34,33,33,33,1.000000
star,52,51,51,51,1.000000
star,33,32,32,32,1.000000
star,81,80,80,80,1.000000
star,70,69,69,69,1.000000
star,56,55,55,55,1.000000
star,47,46,46,46,1.000000
star,12,11,11,11,1.000000
star,37,36,36,36,1.000000
star,31,30,30,30,1.000000
star,56,55,55,55,1.000000
star,36,35,35,35,1.000000
star,59,58,58,58,1.000000
star,27,26,26,26,1.000000
star,76,75,75,75,1.000000
star,52,51,51,51,1.000000
star,77,76,76,76,1.000000
star,11,10,10,10,1.000000
star,48,47,47,47,1.000000
star,43,42,42,42,1.000000
star,47,46,46,46,1.000000
star,27,26,26,26,1.000000
star,13,12,12,12,1.000000
star,79,78,78,78,1.000000
star,9,8,8,8,1.000000
star,78,77,77,77,1.000000
star,25,24,24,24,1.000000
star,54,53,53,53,1.000000
star,64,63,63,63,1.000000
star,19,18,18,18,1.000000
star,27,26,26,26,1.000000
star,44,43,43,43,1.000000
star,72,71,71,71,1.000000
star,39,38,38,38,1.000000
star,5,4,4,4,1.000000
star,41,40,40,40,1.000000
star,67,66,66,66,1.000000
star,57,56,56,56,1.000000
star,11,10,10,10,1.000000
star,68,67,67,67,1.000000
star,35,34,34,34,1.000000
star,7,6,6,6,1.000000
star,60,59,59,59,1.000000
star,35,34,34,34,1.000000
star,46,45,45,45,1.000000
star,39,38,38,38,1.000000
star,57,56,56,56,1.000000
star,10,9,9,9,1.000000
star,5,4,4,4,1.000000
star,66,65,65,65,1.000000
star,78,77,77,77,1.000000
star,62,61,61,61,1.000000
star,36,35,35,35,1.000000
star,11,10,10,10,1.000000
star,64,63,63,63,1.000000
star,59,58,58,58,1.000000
star,70,69,69,69,1.000000
star,48,47,47,47,1.000000
star,52,51,51,51,1.000000
star,38,37,37,37,1.000000
star,37,36,36,36,1.000000
star,80,79,79,79,1.000000
star,23,22,22,22,1.000000
star,44,43,43,43,1.000000
star,47,46,46,46,1.000000
star,77,76,76,76,1.000000
star,33,32,32,32,1.000000
star,35,34,34,34,1.000000
star,36,35,35,35,1.000000
star,72,71,71,71,1.000000
star,68,67,67,67,1.000000
star,52,51,51,51,1.000000
star,76,75,75,75,1.000000
star,44,43,43,43,1.000000
star,43,42,42,42,1.000000
star,56,55,55,55,1.000000
star,73,72,72,72,1.000000
star,11,10,10,10,1.000000
star,4,3,3,3,1.000000
star,20,19,19,19,1.000000
star,26,25,25,25,1.000000
star,5,4,4,4,1.000000
star,60,59,59,59,1.000000
star,58,57,57,57,1.000000
star,39,38,38,38,1.000000
star,53,52,52,52,1.000000
star,50,49,49,49,1.000000
star,29,28,28,28,1.000000
star,12,11,11,11,1.000000
star,67,66,66,66,1.000000
star,51,50,50,50,1.000000
star,47,46,46,46,1.000000
star,76,75,75,75,1.000000
star,57,56,56,56,1.000000
star,21,20,20,20,1.000000
star,64,63,63,63,1.000000
star,37,36,36,36,1.000000
star,20,19,19,19,1.000000
star,31,30,30,30,1.000000
star,33,32,32,32,1.000000
star,42,41,41,41,1.000000
star,19,18,18,18,1.000000
star,23,22,22,22,1.000000
star,73,72,72,72,1.000000
star,34,33,33,33,1.000000
star,40,39,39,39,1.000000
star,34,33,33,33,1.000000
star,64,63,63,63,1.000000
star,6,5,5,5,1.000000
star,34,33,33,33,1.000000
star,63,62,62,62,1.000000
star,47,46,46,46,1.000000
star,27,26,26,26,1.000000
star,54,53,53,53,1.000000
star,57,56,56,56,1.000000
star,69,68,68,68,1.000000
star,51,50,50,50,1.000000
star,65,64,64,64,1.000000
star,49,48,48,48,1.000000
star,33,32,32,32,1.000000
star,80,79,79,79,1.000000
star,12,11,11,11,1.000000
star,52,51,51,51,1.000000
star,81,80,80,80,1.000000
star,17,16,16,16,1.000000
star,28,27,27,27,1.000000
star,37,36,36,36,1.000000
star,52,51,51,51,1.000000
star,74,73,73,73,1.000000
star,81,80,80,80,1.000000
star,33,32,32,32,1.000000
star,34,33,33,33,1.000000
star,20,19,19,19,1.000000
star,65,64,64,64,1.000000
star,54,53,53,53,1.000000
star,54,53,53,53,1.000000
star,15,14,14,14,1.000000
star,52,51,51,51,1.000000
star,31,30,30,30,1.000000
star,68,67,67,67,1.000000
star,39,38,38,38,1.000000
star,71,70,70,70,1.000000
star,17,16,16,16,1.000000
star,19,18,18,18,1.000000
star,62,61,61,61,1.000000
star,23,22,22,22,1.000000
star,23,22,22,22,1.000000
star,47,46,46,46,1.000000
star,19,18,18,18,1.000000
star,26,25,25,25,1.000000
star,45,44,44,44,1.000000
star,65,64,64,64,1.000000
star,43,42,42,42,1.000000
star,70,69,69,69,1.000000
star,19,18,18,18,1.000000
star,48,47,47,47,1.000000
star,30,29,29,29,1.000000
star,26,25,25,25,1.000000
star,43,42,42,42,1.000000
star,59,58,58,58,1.000000
star,10,9,9,9,1.000000
star,52,51,51,51,1.000000
star,33,32,32,32,1.000000
star,81,80,80,80,1.000000
star,69,68,68,68,1.000000
star,17,16,16,16,1.000000
star,71,70,70,70,1.000000
star,4,3,3,3,1.000000
star,71,70,70,70,1.000000
star,46,45,45,45,1.000000
star,48,47,47,47,1.000000
star,38,37,37,37,1.000000
star,26,25,25,25,1.000000
star,8,7,7,7,1.000000
star,54,53,53,53,1.000000
star,4,3,3,3,1.000000
star,81,80,80,80,1.000000
star,35,34,34,34,1.000000
star,54,53,53,53,1.000000
star,10,9,9,9,1.000000
star,11,10,10,10,1.000000
star,66,65,65,65,1.000000
star,74,73,73,73,1.000000
star,77,76,76,76,1.000000
star,37,36,36,36,1.000000
star,77,76,76,76,1.000000
star,31,30,30,30,1.000000
star,47,46,46,46,1.000000
star,4,3,3,3,1.000000
star,55,54,54,54,1.000000
star,16,15,15,15,1.000000
star,66,65,65,65,1.000000
star,62,61,61,61,1.000000
star,27,26,26,26,1.000000
star,30,29,29,29,1.000000
star,69,68,68,68,1.000000
star,21,20,20,20,1.000000
star,8,7,7,7,1.000000
star,62,61,61,61,1.000000
star,48,47,47,47,1.000000
star,13,12,12,12,1.000000
star,18,17,17,17,1.000000
star,34,33,33,33,1.000000
star,42,41,41,41,1.000000
star,75,74,74,74,1.000000
star,59,58,58,58,1.000000
star,47,46,46,46,1.000000
star,61,60,60,60,1.000000
star,79,78,78,78,1.000000
star,57,56,56,56,1.000000
star,75,74,74,74,1.000000
star,18,17,17,17,1.000000
star,5,4,4,4,1.000000
star,35,34,34,34,1.000000
star,27,26,26,26,1.000000
star,11,10,10,10,1.000000
star,21,20,20,20,1.000000
star,24,23,23,23,1.000000
star,37,36,36,36,1.000000
star,4,3,3,3,1.000000
star,16,15,15,15,1.000000
star,66,65,65,65,1.000000
star,32,31,31,31,1.000000
star,24,23,23,23,1.000000
star,75,74,74,74,1.000000
star,14,13,13,13,1.000000
star,44,43,43,43,1.000000
star,45,44,44,44,1.000000
star,43,42,42,42,1.000000
star,30,29,29,29,1.000000
star,12,11,11,11,1.000000
star,22,21,21,21,1.000000
star,37,36,36,36,1.000000
star,56,55,55,55,1.000000
star,66,65,65,65,1.000000
star,36,35,35,35,1.000000
star,5,4,4,4,1.000000
star,4,3,3,3,1.000000
star,40,39,39,39,1.000000
star,4,3,3,3,1.000000
star,42,41,41,41,1.000000
star,35,34,34,34,1.000000
star,61,60,60,60,1.000000
star,74,73,73,73,1.000000
star,16,15,15,15,1.000000
star,40,39,39,39,1.000000
star,12,11,11,11,1.000000
star,18,17,17,17,1.000000
star,78,77,77,77,1.000000
star,51,50,50,50,1.000000
star,71,70,70,70,1.000000
star,63,62,62,62,1.000000
star,32,31,31,31,1.000000
star,57,56,56,56,1.000000
star,10,9,9,9,1.000000
star,56,55,55,55,1.000000
star,33,32,32,32,1.000000
star,37,36,36,36,1.000000
star,9,8,8,8,1.000000
star,51,50,50,50,1.000000
star,14,13,13,13,1.000000
star,29,28,28,28,1.000000
star,8,7,7,7,1.000000
star,9,8,8,8,1.000000
star,48,47,47,47,1.000000
star,63,62,62,62,1.000000
star,27,26,26,26,1.000000
star,33,32,32,32,1.000000
star,76,75,75,75,1.000000
star,51,50,50,50,1.000000
star,30,29,29,29,1.000000
star,27,26,26,26,1.000000
star,61,60,60,60,1.000000
star,76,75,75,75,1.000000
star,18,17,17,17,1.000000
star,68,67,67,67,1.000000
star,25,24,24,24,1.000000
star,33,32,32,32,1.000000
star,32,31,31,31,1.000000
star,19,18,18,18,1.000000
star,56,55,55,55,1.000000
star,66,65,65,65,1.000000
star,19,18,18,18,1.000000
star,57,56,56,56,1.000000
star,21,20,20,20,1.000000
star,80,79,79,79,1.000000
star,78,77,77,77,1.000000
star,57,56,56,56,1.000000
star,74,73,73,73,1.000000
star,12,11,11,11,1.000000
star,63,62,62,62,1.000000
star,46,45,45,45,1.000000
star,43,42,42,42,1.000000
star,75,74,74,74,1.000000
star,15,14,14,14,1.000000
star,40,39,39,39,1.000000
star,41,40,40,40,1.000000
star,20,19,19,19,1.000000
star,35,34,34,34,1.000000
star,32,31,31,31,1.000000
star,48,47,47,47,1.000000
star,23,22,22,22,1.000000
star,16,15,15,15,1.000000
star,44,43,43,43,1.000000
star,55,54,54,54,1.000000
star,10,9,9,9,1.000000
star,22,21,21,21,1.000000
star,31,30,30,30,1.000000
star,25,24,24,24,1.000000
star,42,41,41,41,1.000000
star,67,66,66,66,1.000000
star,43,42,42,42,1.000000
star,54,53,53,53,1.000000
star,71,70,70,70,1.000000
star,65,64,64,64,1.000000
star,76,75,75,75,1.000000
star,20,19,19,19,1.000000
star,67,66,66,66,1.000000
star,14,13,13,13,1.000000
star,74,73,73,73,1.000000
star,48,47,47,47,1.000000
star,49,48,48,48,1.000000
star,13,12,12,12,1.000000
star,33,32,32,32,1.000000
star,63,62,62,62,1.000000
star,10,9,9,9,1.000000
star,30,29,29,29,1.000000
star,48,47,47,47,1.000000
star,78,77,77,77,1.000000
star,61,60,60,60,1.000000
star,80,79,79,79,1.000000
star,62,61,61,61,1.000000
star,73,72,72,72,1.000000
star,6,5,5,5,1.000000
star,75,74,74,74,1.000000
star,67,66,66,66,1.000000
star,68,67,67,67,1.000000
star,41,40,40,40,1.000000
star,16,15,15,15,1.000000
star,62,61,61,61,1.000000
star,69,68,68,68,1.000000
star,57,56,56,56,1.000000
star,64,63,63,63,1.000000
star,32,31,31,31,1.000000
star,31,30,30,30,1.000000
star,59,58,58,58,1.000000
star,80,79,79,79,1.000000
star,32,31,31,31,1.000000
star,77,76,76,76,1.000000
star,42,41,41,41,1.000000
star,80,79,79,79,1.000000
star,79,78,78,78,1.000000
star,46,45,45,45,1.000000
star,66,65,65,65,1.000000
star,27,26,26,26,1.000000
star,7,6,6,6,1.000000
star,20,19,19,19,1.000000
star,10,9,9,9,1.000000
star,30,29,29,29,1.000000
star,44,43,43,43,1.000000
star,24,23,23,23,1.000000
star,19,18,18,18,1.000000
star,11,10,10,10,1.000000
star,42,41,41,41,1.000000
star,73,72,72,72,1.000000
star,16,15,15,15,1.000000
star,19,18,18,18,1.000000
star,37,36,36,36,1.000000
star,57,56,56,56,1.000000
star,71,70,70,70,1.000000
star,15,14,14,14,1.000000
star,35,34,34,34,1.000000
star,72,71,71,71,1.000000
star,79,78,78,78,1.000000
star,33,32,32,32,1.000000
star,35,34,34,34,1.000000
star,13,12,12,12,1.000000
star,31,30,30,30,1.000000
star,71,70,70,70,1.000000
star,59,58,58,58,1.000000
star,29,28,28,28,1.000000
star,40,39,39,39,1.000000
star,77,76,76,76,1.000000
star,21,20,20,20,1.000000
star,31,30,30,30,1.000000
star,45,44,44,44,1.000000
star,21,20,20,20,1.000000
star,39,38,38,38,1.000000
star,81,80,80,80,1.000000
star,29,28,28,28,1.000000
star,66,65,65,65,1.000000
star,18,17,17,17,1.000000
star,9,8,8,8,1.000000
star,39,38,38,38,1.000000
star,16,15,15,15,1.000000
star,63,62,62,62,1.000000
star,54,53,53,53,1.000000
star,27,26,26,26,1.000000
star,75,74,74,74,1.000000
star,46,45,45,45,1.000000
star,17,16,16,16,1.000000
star,4,3,3,3,1.000000
star,35,34,34,34,1.000000
star,4,3,3,3,1.000000
star,13,12,12,12,1.000000
star,56,55,55,55,1.000000
star,39,38,38,38,1.000000
star,9,8,8,8,1.000000
star,38,37,37,37,1.000000
star,7,6,6,6,1.000000
star,33,32,32,32,1.000000
star,63,62,62,62,1.000000
star,55,54,54,54,1.000000
star,20,19,19,19,1.000000
star,18,17,17,17,1.000000
star,18,17,17,17,1.000000
star,71,70,70,70,1.000000
star,75,74,74,74,1.000000
star,6,5,5,5,1.000000
star,59,58,58,58,1.000000
star,8,7,7,7,1.000000
star,39,38,38,38,1.000000
star,35,34,34,34,1.000000
star,68,67,67,67,1.000000
star,79,78,78,78,1.000000
star,14,13,13,13,1.000000
star,17,16,16,16,1.000000
star,42,41,41,41,1.000000
star,69,68,68,68,1.000000
star,22,21,21,21,1.000000
star,12,11,11,11,1.000000
star,81,80,80,80,1.000000
star,77,76,76,76,1.000000
star,18,17,17,17,1.000000
star,25,24,24,24,1.000000
star,4,3,3,3,1.000000
star,52,51,51,51,1.000000
star,22,21,21,21,1.000000
star,36,35,35,35,1.000000
star,40,39,39,39,1.000000
star,12,11,11,11,1.000000
star,71,70,70,70,1.000000
star,44,43,43,43,1.000000
star,6,5,5,5,1.000000
star,12,11,11,11,1.000000
star,57,56,56,56,1.000000
star,57,56,56,56,1.000000
star,41,40,40,40,1.000000
star,14,13,13,13,1.000000
star,47,46,46,46,1.000000
star,6,5,5,5,1.000000
star,81,80,80,80,1.000000
star,51,50,50,50,1.000000
star,67,66,66,66,1.000000
star,46,45,45,45,1.000000
star,53,52,52,52,1.000000
star,71,70,70,70,1.000000
star,15,14,14,14,1.000000
star,13,12,12,12,1.000000
star,33,32,32,32,1.000000
star,36,35,35,35,1.000000
star,32,31,31,31,1.000000
star,13,12,12,12,1.000000
star,47,46,46,46,1.000000
star,32,31,31,31,1.000000
star,27,26,26,26,1.000000
star,80,79,79,79,1.000000
star,32,31,31,31,1.000000
star,16,15,15,15,1.000000
star,37,36,36,36,1.000000
star,78,77,77,77,1.000000
star,33,32,32,32,1.000000
star,81,80,80,80,1.000000
star,21,20,20,20,1.000000
star,70,69,69,69,1.000000
star,23,22,22,22,1.000000
star,24,23,23,23,1.000000
star,30,29,29,29,1.000000
star,50,49,49,49,1.000000
star,55,54,54,54,1.000000
star,35,34,34,34,1.000000
star,39,38,38,38,1.000000
star,65,64,64,64,1.000000
star,25,24,24,24,1.000000
star,58,57,57,57,1.000000
star,25,24,24,24,1.000000
star,38,37,37,37,1.000000
star,60,59,59,59,1.000000
star,17,16,16,16,1.000000
star,80,79,79,79,1.000000
star,33,32,32,32,1.000000
star,77,76,76,76,1.000000
star,16,15,15,15,1.000000
star,57,56,56,56,1.000000
star,44,43,43,43,1.000000
star,25,24,24,24,1.000000
star,60,59,59,59,1.000000
star,60,59,59,59,1.000000
star,29,28,28,28,1.000000
star,4,3,3,3,1.000000
star,73,72,72,72,1.000000
star,64,63,63,63,1.000000
star,21,20,20,20,1.000000
star,36,35,35,35,1.000000
star,5,4,4,4,1.000000
star,33,32,32,32,1.000000
star,54,53,53,53,1.000000
star,40,39,39,39,1.000000
star,71,70,70,70,1.000000
star,9,8,8,8,1.000000
star,5,4,4,4,1.000000
star,25,24,24,24,1.000000
star,49,48,48,48,1.000000
star,40,39,39,39,1.000000
star,5,4,4,4,1.000000
star,59,58,58,58,1.000000
star,38,37,37,37,1.000000
star,52,51,51,51,1.000000
star,62,61,61,61,1.000000
star,58,57,57,57,1.000000
star,50,49,49,49,1.000000
star,12,11,11,11,1.000000
star,66,65,65,65,1.000000
star,22,21,21,21,1.000000
star,65,64,64,64,1.000000
star,67,66,66,66,1.000000
star,44,43,43,43,1.000000
star,32,31,31,31,1.000000
star,24,23,23,23,1.000000
star,77,76,76,76,1.000000
star,18,17,17,17,1.000000
star,20,19,19,19,1.000000
star,30,29,29,29,1.000000
star,53,52,52,52,1.000000
star,45,44,44,44,1.000000
star,46,45,45,45,1.000000
star,59,58,58,58,1.000000
star,41,40,40,40,1.000000
star,37,36,36,36,1.000000
star,17,16,16,16,1.000000
star,37,36,36,36,1.000000
star,79,78,78,78,1.000000
star,29,28,28,28,1.000000
star,4,3,3,3,1.000000
star,7,6,6,6,1.000000
star,13,12,12,12,1.000000
star,51,50,50,50,1.000000
star,4,3,3,3,1.000000
star,31,30,30,30,1.000000
star,75,74,74,74,1.000000
star,27,26,26,26,1.000000
star,36,35,35,35,1.000000
star,5,4,4,4,1.000000
star,34,33,33,33,1.000000
star,10,9,9,9,1.000000
star,78,77,77,77,1.000000
star,25,24,24,24,1.000000
star,21,20,20,20,1.000000
star,68,67,67,67,1.000000
star,32,31,31,31,1.000000
star,43,42,42,42,1.000000
star,29,28,28,28,1.000000
star,53,52,52,52,1.000000
star,38,37,37,37,1.000000
star,42,41,41,41,1.000000
star,51,50,50,50,1.000000
star,53,52,52,52,1.000000
star,58,57,57,57,1.000000
star,29,28,28,28,1.000000
star,6,5,5,5,1.000000
star,79,78,78,78,1.000000
star,9,8,8,8,1.000000
star,52,51,51,51,1.000000
star,58,57,57,57,1.000000
star,77,76,76,76,1.000000
star,44,43,43,43,1.000000
star,74,73,73,73,1.000000
star,10,9,9,9,1.000000
star,40,39,39,39,1.000000
star,38,37,37,37,1.000000
star,6,5,5,5,1.000000
star,54,53,53,53,1.000000
star,56,55,55,55,1.000000
star,42,41,41,41,1.000000
star,43,42,42,42,1.000000
star,56,55,55,55,1.000000
star,51,50,50,50,1.000000
star,12,11,11,11,1.000000
star,46,45,45,45,1.000000
star,63,62,62,62,1.000000
star,16,15,15,15,1.000000
star,66,65,65,65,1.000000
star,77,76,76,76,1.000000
star,23,22,22,22,1.000000
star,33,32,32,32,1.000000
star,10,9,9,9,1.000000
star,5,4,4,4,1.000000
star,21,20,20,20,1.000000
star,71,70,70,70,1.000000
star,68,67,67,67,1.000000
star,29,28,28,28,1.000000
star,39,38,38,38,1.000000
star,77,76,76,76,1.000000
star,20,19,19,19,1.000000
star,72,71,71,71,1.000000
star,38,37,37,37,1.000000
star,41,40,40,40,1.000000
star,46,45,45,45,1.000000
star,45,44,44,44,1.000000
star,9,8,8,8,1.000000
star,64,63,63,63,1.000000
star,43,42,42,42,1.000000
star,25,24,24,24,1.000000
star,69,68,68,68,1.000000
star,22,21,21,21,1.000000
star,73,72,72,72,1.000000
star,6,5,5,5,1.000000
star,29,28,28,28,1.000000
star,66,65,65,65,1.000000
star,78,77,77,77,1.000000
star,39,38,38,38,1.000000
star,38,37,37,37,1.000000
star,7,6,6,6,1.000000
star,10,9,9,9,1.000000
star,5,4,4,4,1.000000
star,12,11,11,11,1.000000
star,4,3,3,3,1.000000
star,46,45,45,45,1.000000
star,59,58,58,58,1.000000
star,71,70,70,70,1.000000
star,77,76,76,76,1.000000
star,65,64,64,64,1.000000
star,64,63,63,63,1.000000
star,80,79,79,79,1.000000
star,10,9,9,9,1.000000
star,32,31,31,31,1.000000
star,59,58,58,58,1.000000
star,36,35,35,35,1.000000
star,81,80,80,80,1.000000
star,52,51,51,51,1.000000
star,42,41,41,41,1.000000
star,42,41,41,41,1.000000
star,21,20,20,20,1.000000
star,23,22,22,22,1.000000
star,18,17,17,17,1.000000
star,55,54,54,54,1.000000
star,78,77,77,77,1.000000
star,56,55,55,55,1.000000
star,70,69,69,69,1.000000
star,81,80,80,80,1.000000
star,25,24,24,24,1.000000
star,68,67,67,67,1.000000
star,59,58,58,58,1.000000
star,76,75,75,75,1.000000
star,66,65,65,65,1.000000
star,78,77,77,77,1.000000
star,62,61,61,61,1.000000
star,78,77,77,77,1.000000
star,33,32,32,32,1.000000
star,41,40,40,40,1.000000
star,68,67,67,67,1.000000
star,44,43,43,43,1.000000
star,59,58,58,58,1.000000
star,28,27,27,27,1.000000
star,50,49,49,49,1.000000
star,64,63,63,63,1.000000
star,20,19,19,19,1.000000
star,20,19,19,19,1.000000
star,29,28,28,28,1.000000
star,14,13,13,13,1.000000
star,44,43,43,43,1.000000
star,20,19,19,19,1.000000
star,55,54,54,54,1.000000
star,8,7,7,7,1.000000
star,50,49,49,49,1.000000
star,62,61,61,61,1.000000
star,79,78,78,78,1.000000
star,40,39,39,39,1.000000
star,74,73,73,73,1.000000
star,12,11,11,11,1.000000
star,44,43,43,43,1.000000
star,62,61,61,61,1.000000
star,44,43,43,43,1.000000
star,71,70,70,70,1.000000
star,19,18,18,18,1.000000
star,7,6,6,6,1.000000
star,8,7,7,7,1.000000
star,13,12,12,12,1.000000
star,51,50,50,50,1.000000
star,43,42,42,42,1.000000
star,43,42,42,42,1.000000
star,62,61,61,61,1.000000
star,50,49,49,49,1.000000
star,12,11,11,11,1.000000
star,26,25,25,25,1.000000
star,37,36,36,36,1.000000
star,51,50,50,50,1.000000
star,66,65,65,65,1.000000
star,34,33,33,33,1.000000
star,65,64,64,64,1.000000
star,76,75,75,75,1.000000
star,73,72,72,72,1.000000
star,38,37,37,37,1.000000
star,69,68,68,68,1.000000
star,8,7,7,7,1.000000
star,11,10,10,10,1.000000
star,22,21,21,21,1.000000
star,4,3,3,3,1.000000
star,32,31,31,31,1.000000
star,25,24,24,24,1.000000
star,70,69,69,69,1.000000
star,67,66,66,66,1.000000
star,10,9,9,9,1.000000
star,60,59,59,59,1.000000
star,70,69,69,69,1.000000
star,77,76,76,76,1.000000
star,53,52,52,52,1.000000
star,12,11,11,11,1.000000
star,65,64,64,64,1.000000
star,71,70,70,70,1.000000
star,34,33,33,33,1.000000
star,23,22,22,22,1.000000
star,21,20,20,20,1.000000
star,51,50,50,50,1.000000
star,11,10,10,10,1.000000
star,80,79,79,79,1.000000
star,17,16,16,16,1.000000
star,51,50,50,50,1.000000
star,50,49,49,49,1.000000
star,61,60,60,60,1.000000
star,33,32,32,32,1.000000
star,24,23,23,23,1.000000
star,26,25,25,25,1.000000
star,22,21,21,21,1.000000
star,27,26,26,26,1.000000
star,35,34,34,34,1.000000
star,21,20,20,20,1.000000
star,55,54,54,54,1.000000
star,8,7,7,7,1.000000
star,15,14,14,14,1.000000
star,62,61,61,61,1.000000
star,49,48,48,48,1.000000
star,40,39,39,39,1.000000
star,22,21,21,21,1.000000
star,54,53,53,53,1.000000
star,71,70,70,70,1.000000
star,70,69,69,69,1.000000
star,30,29,29,29,1.000000
star,25,24,24,24,1.000000
star,11,10,10,10,1.000000
star,77,76,76,76,1.000000
star,14,13,13,13,1.000000
star,21,20,20,20,1.000000
star,38,37,37,37,1.000000
star,23,22,22,22,1.000000
star,30,29,29,29,1.000000
star,43,42,42,42,1.000000
star,74,73,73,73,1.000000
star,28,27,27,27,1.000000
star,8,7,7,7,1.000000
star,57,56,56,56,1.000000
star,14,13,13,13,1.000000
star,70,69,69,69,1.000000
star,38,37,37,37,1.000000
star,46,45,45,45,1.000000
star,55,54,54,54,1.000000
star,65,64,64,64,1.000000
star,22,21,21,21,1.000000
star,60,59,59,59,1.000000
star,69,68,68,68,1.000000
star,48,47,47,47,1.000000
star,65,64,64,64,1.000000
star,29,28,28,28,1.000000
star,6,5,5,5,1.000000
star,21,20,20,20,1.000000
star,30,29,29,29,1.000000
star,79,78,78,78,1.000000
star,41,40,40,40,1.000000
star,75,74,74,74,1.000000
star,41,40,40,40,1.000000
star,65,64,64,64,1.000000
star,60,59,59,59,1.000000
star,14,13,13,13,1.000000
star,38,37,37,37,1.000000
star,54,53,53,53,1.000000
star,64,63,63,63,1.000000
star,33,32,32,32,1.000000
star,30,29,29,29,1.000000
star,79,78,78,78,1.000000
star,10,9,9,9,1.000000
star,23,22,22,22,1.000000
star,19,18,18,18,1.000000
star,35,34,34,34,1.000000
star,60,59,59,59,1.000000
star,9,8,8,8,1.000000
star,18,17,17,17,1.000000
star,70,69,69,69,1.000000
star,31,30,30,30,1.000000
star,24,23,23,23,1.000000
star,66,65,65,65,1.000000
star,37,36,36,36,1.000000
star,5,4,4,4,1.000000
star,28,27,27,27,1.000000
star,18,17,17,17,1.000000
star,59,58,58,58,1.000000
star,79,78,78,78,1.000000
star,40,39,39,39,1.000000
star,65,64,64,64,1.000000
star,38,37,37,37,1.000000
star,34,33,33,33,1.000000
star,37,36,36,36,1.000000
star,14,13,13,13,1.000000
star,72,71,71,71,1.000000
star,71,70,70,70,1.000000
star,18,17,17,17,1.000000
star,50,49,49,49,1.000000
star,61,60,60,60,1.000000
star,58,57,57,57,1.000000
star,51,50,50,50,1.000000
star,14,13,13,13,1.000000
star,51,50,50,50,1.000000
star,11,10,10,10,1.000000
star,22,21,21,21,1.000000
star,16,15,15,15,1.000000
star,69,68,68,68,1.000000
star,55,54,54,54,1.000000
star,37,36,36,36,1.000000
star,47,46,46,46,1.000000
star,81,80,80,80,1.000000
star,75,74,74,74,1.000000
star,21,20,20,20,1.000000
star,15,14,14,14,1.000000
star,77,76,76,76,1.000000
star,42,41,41,41,1.000000
star,18,17,17,17,1.000000
star,50,49,49,49,1.000000
star,14,13,13,13,1.000000
star,64,63,63,63,1.000000
star,56,55,55,55,1.000000
star,35,34,34,34,1.000000
star,69,68,68,68,1.000000
star,56,55,55,55,1.000000
star,15,14,14,14,1.000000
star,74,73,73,73,1.000000
star,7,6,6,6,1.000000
star,74,73,73,73,1.000000
star,48,47,47,47,1.000000
star,42,41,41,41,1.000000
star,5,4,4,4,1.000000
star,32,31,31,31,1.000000
star,11,10,10,10,1.000000
star,28,27,27,27,1.000000
star,22,21,21,21,1.000000
star,49,48,48,48,1.000000
star,32,31,31,31,1.000000
star,51,50,50,50,1.000000
star,45,44,44,44,1.000000
star,46,45,45,45,1.000000
star,79,78,78,78,1.000000
star,81,80,80,80,1.000000
star,50,49,49,49,1.000000
star,29,28,28,28,1.000000
star,80,79,79,79,1.000000
star,61,60,60,60,1.000000
star,27,26,26,26,1.000000
star,5,4,4,4,1.000000
star,45,44,44,44,1.000000
star,56,55,55,55,1.000000
star,6,5,5,5,1.000000
star,4,3,3,3,1.000000
star,57,56,56,56,1.000000
star,41,40,40,40,1.000000
star,21,20,20,20,1.000000
star,4,3,3,3,1.000000
star,81,80,80,80,1.000000
star,26,25,25,25,1.000000
star,22,21,21,21,1.000000
star,50,49,49,49,1.000000
star,76,75,75,75,1.000000
star,66,65,65,65,1.000000
star,35,34,34,34,1.000000
star,57,56,56,56,1.000000
star,63,62,62,62,1.000000
star,10,9,9,9,1.000000
star,61,60,60,60,1.000000
star,15,14,14,14,1.000000
star,9,8,8,8,1.000000
star,53,52,52,52,1.000000
star,6,5,5,5,1.000000
star,16,15,15,15,1.000000
star,14,13,13,13,1.000000
star,33,32,32,32,1.000000
star,4,3,3,3,1.000000
star,32,31,31,31,1.000000
star,21,20,20,20,1.000000
star,24,23,23,23,1.000000
star,31,30,30,30,1.000000
star,24,23,23,23,1.000000
star,35,34,34,34,1.000000
star,49,48,48,48,1.000000
star,43,42,42,42,1.000000
star,32,31,31,31,1.000000
star,29,28,28,28,1.000000
star,67,66,66,66,1.000000
star,37,36,36,36,1.000000
star,44,43,43,43,1.000000
star,30,29,29,29,1.000000
star,59,58,58,58,1.000000
star,46,45,45,45,1.000000
star,55,54,54,54,1.000000
star,8,7,7,7,1.000000
star,21,20,20,20,1.000000
star,53,52,52,52,1.000000
star,64,63,63,63,1.000000
star,43,42,42,42,1.000000
star,16,15,15,15,1.000000
star,26,25,25,25,1.000000
star,14,13,13,13,1.000000
star,54,53,53,53,1.000000
star,32,31,31,31,1.000000
star,69,68,68,68,1.000000
star,25,24,24,24,1.000000
star,36,35,35,35,1.000000
star,44,43,43,43,1.000000
star,78,77,77,77,1.000000
star,52,51,51,51,1.000000
star,27,26,26,26,1.000000
star,25,24,24,24,1.000000
star,33,32,32,32,1.000000
star,66,65,65,65,1.000000
star,22,21,21,21,1.000000
star,39,38,38,38,1.000000
star,72,71,71,71,1.000000
star,37,36,36,36,1.000000
star,31,30,30,30,1.000000
star,77,76,76,76,1.000000
star,58,57,57,57,1.000000
star,10,9,9,9,1.000000
star,80,79,79,79,1.000000
star,79,78,78,78,1.000000
star,52,51,51,51,1.000000
star,10,9,9,9,1.000000
star,62,61,61,61,1.000000
star,78,77,77,77,1.000000
star,28,27,27,27,1.000000
star,78,77,77,77,1.000000
star,14,13,13,13,1.000000
star,4,3,3,3,1.000000
star,48,47,47,47,1.000000
star,16,15,15,15,1.000000
star,49,48,48,48,1.000000
star,7,6,6,6,1.000000
star,62,61,61,61,1.000000
star,12,11,11,11,1.000000
star,11,10,10,10,1.000000
star,71,70,70,70,1.000000
star,13,12,12,12,1.000000
star,56,55,55,55,1.000000
star,51,50,50,50,1.000000
star,29,28,28,28,1.000000
star,47,46,46,46,1.000000
star,77,76,76,76,1.000000
star,72,71,71,71,1.000000
star,50,49,49,49,1.000000
star,12,11,11,11,1.000000
star,50,49,49,49,1.000000
star,29,28,28,28,1.000000
star,23,22,22,22,1.000000
star,11,10,10,10,1.000000
star,25,24,24,24,1.000000
star,75,74,74,74,1.000000
star,33,32,32,32,1.000000
star,51,50,50,50,1.000000
star,34,33,33,33,1.000000
star,38,37,37,37,1.000000
star,23,22,22,22,1.000000
star,39,38,38,38,1.000000
star,81,80,80,80,1.000000
star,46,45,45,45,1.000000
star,5,4,4,4,1.000000
star,14,13,13,13,1.000000
star,44,43,43,43,1.000000
star,25,24,24,24,1.000000
star,72,71,71,71,1.000000
star,5,4,4,4,1.000000
star,10,9,9,9,1.000000
star,57,56,56,56,1.000000
star,37,36,36,36,1.000000
star,71,70,70,70,1.000000
star,56,55,55,55,1.000000
star,19,18,18,18,1.000000
star,44,43,43,43,1.000000
star,61,60,60,60,1.000000
star,62,61,61,61,1.000000
star,79,78,78,78,1.000000
star,78,77,77,77,1.000000
star,31,30,30,30,1.000000
star,27,26,26,26,1.000000
star,38,37,37,37,1.000000
star,55,54,54,54,1.000000
star,55,54,54,54,1.000000
star,38,37,37,37,1.000000
star,81,80,80,80,1.000000
star,25,24,24,24,1.000000
star,70,69,69,69,1.000000
star,79,78,78,78,1.000000
star,59,58,58,58,1.000000
star,29,28,28,28,1.000000
star,71,70,70,70,1.000000
star,76,75,75,75,1.000000
star,77,76,76,76,1.000000
star,56,55,55,55,1.000000
star,69,68,68,68,1.000000
star,5,4,4,4,1.000000
star,17,16,16,16,1.000000
star,27,26,26,26,1.000000
star,57,56,56,56,1.000000
star,52,51,51,51,1.000000
star,76,75,75,75,1.000000
star,28,27,27,27,1.000000
star,10,9,9,9,1.000000
star,8,7,7,7,1.000000
star,44,43,43,43,1.000000
star,43,42,42,42,1.000000
star,61,60,60,60,1.000000
star,55,54,54,54,1.000000
star,39,38,38,38,1.000000
star,25,24,24,24,1.000000
star,40,39,39,39,1.000000
star,38,37,37,37,1.000000
star,43,42,42,42,1.000000
star,22,21,21,21,1.000000
star,75,74,74,74,1.000000
star,26,25,25,25,1.000000
star,73,72,72,72,1.000000
star,15,14,14,14,1.000000
star,69,68,68,68,1.000000
star,28,27,27,27,1.000000
star,23,22,22,22,1.000000
star,47,46,46,46,1.000000
star,50,49,49,49,1.000000
star,14,13,13,13,1.000000
star,24,23,23,23,1.000000
star,52,51,51,51,1.000000
star,54,53,53,53,1.000000
star,80,79,79,79,1.000000
star,12,11,11,11,1.000000
star,65,64,64,64,1.000000
star,72,71,71,71,1.000000
star,27,26,26,26,1.000000
star,60,59,59,59,1.000000
star,24,23,23,23,1.000000
star,81,80,80,80,1.000000
star,62,61,61,61,1.000000
star,27,26,26,26,1.000000
star,18,17,17,17,1.000000
star,34,33,33,33,1.000000
star,59,58,58,58,1.000000
star,6,5,5,5,1.000000
star,75,74,74,74,1.000000
star,54,53,53,53,1.000000
star,58,57,57,57,1.000000
star,6,5,5,5,1.000000
star,25,24,24,24,1.000000
star,20,19,19,19,1.000000
star,79,78,78,78,1.000000
star,55,54,54,54,1.000000
star,33,32,32,32,1.000000
star,13,12,12,12,1.000000
star,56,55,55,55,1.000000
star,49,48,48,48,1.000000
star,10,9,9,9,1.000000
star,18,17,17,17,1.000000
star,27,26,26,26,1.000000
star,39,38,38,38,1.000000
star,11,10,10,10,1.000000
star,41,40,40,40,1.000000
star,5,4,4,4,1.000000
star,30,29,29,29,1.000000
star,43,42,42,42,1.000000
star,16,15,15,15,1.000000
star,65,64,64,64,1.000000
star,57,56,56,56,1.000000
star,4,3,3,3,1.000000
star,66,65,65,65,1.000000
star,18,17,17,17,1.000000
star,29,28,28,28,1.000000
star,67,66,66,66,1.000000
star,65,64,64,64,1.000000
star,65,64,64,64,1.000000
star,31,30,30,30,1.000000
star,70,69,69,69,1.000000
star,52,51,51,51,1.000000
star,42,41,41,41,1.000000
star,6,5,5,5,1.000000
star,37,36,36,36,1.000000
star,63,62,62,62,1.000000
star,7,6,6,6,1.000000
star,38,37,37,37,1.000000
star,23,22,22,22,1.000000
star,9,8,8,8,1.000000
star,73,72,72,72,1.000000
star,58,57,57,57,1.000000
star,55,54,54,54,1.000000
star,42,41,41,41,1.000000
star,67,66,66,66,1.000000
star,71,70,70,70,1.000000
star,57,56,56,56,1.000000
star,28,27,27,27,1.000000
star,50,49,49,49,1.000000
star,79,78,78,78,1.000000
star,38,37,37,37,1.000000
star,35,34,34,34,1.000000
star,5,4,4,4,1.000000
star,13,12,12,12,1.000000
star,23,22,22,22,1.000000
star,20,19,19,19,1.000000
star,53,52,52,52,1.000000
star,81,80,80,80,1.000000
star,42,41,41,41,1.000000
star,19,18,18,18,1.000000
star,45,44,44,44,1.000000
star,35,34,34,34,1.000000
star,45,44,44,44,1.000000
star,36,35,35,35,1.000000
star,29,28,28,28,1.000000
star,19,18,18,18,1.000000
star,68,67,67,67,1.000000
star,64,63,63,63,1.000000
star,5,4,4,4,1.000000
star,48,47,47,47,1.000000
star,9,8,8,8,1.000000
star,74,73,73,73,1.000000
star,24,23,23,23,1.000000
star,22,21,21,21,1.000000
star,12,11,11,11,1.000000
star,56,55,55,55,1.000000
star,21,20,20,20,1.000000
star,51,50,50,50,1.000000
star,32,31,31,31,1.000000
star,26,25,25,25,1.000000
star,27,26,26,26,1.000000
star,39,38,38,38,1.000000
star,5,4,4,4,1.000000
star,70,69,69,69,1.000000
star,41,40,40,40,1.000000
star,6,5,5,5,1.000000
star,67,66,66,66,1.000000
star,41,40,40,40,1.000000
star,77,76,76,76,1.000000
star,29,28,28,28,1.000000
star,71,70,70,70,1.000000
star,35,34,34,34,1.000000
star,37,36,36,36,1.000000
star,14,13,13,13,1.000000
star,56,55,55,55,1.000000
star,21,20,20,20,1.000000
star,35,34,34,34,1.000000
star,22,21,21,21,1.000000
star,45,44,44,44,1.000000
star,21,20,20,20,1.000000
star,69,68,68,68,1.000000
star,67,66,66,66,1.000000
star,39,38,38,38,1.000000
star,43,42,42,42,1.000000
star,7,6,6,6,1.000000
star,21,20,20,20,1.000000
star,76,75,75,75,1.000000
star,18,17,17,17,1.000000
star,29,28,28,28,1.000000
star,30,29,29,29,1.000000
star,21,20,20,20,1.000000
star,23,22,22,22,1.000000
star,65,64,64,64,1.000000
star,58,57,57,57,1.000000
star,6,5,5,5,1.000000
star,30,29,29,29,1.000000
star,79,78,78,78,1.000000
star,27,26,26,26,1.000000
star,19,18,18,18,1.000000
star,76,75,75,75,1.000000
star,17,16,16,16,1.000000
star,56,55,55,55,1.000000
star,45,44,44,44,1.000000
star,68,67,67,67,1.000000
star,8,7,7,7,1.000000
star,53,52,52,52,1.000000
star,37,36,36,36,1.000000
star,31,30,30,30,1.000000
star,69,68,68,68,1.000000
star,51,50,50,50,1.000000
star,46,45,45,45,1.000000
star,12,11,11,11,1.000000
star,21,20,20,20,1.000000
star,78,77,77,77,1.000000
star,68,67,67,67,1.000000
star,58,57,57,57,1.000000
star,55,54,54,54,1.000000
star,34,33,33,33,1.000000
star,18,17,17,17,1.000000
star,70,69,69,69,1.000000
star,7,6,6,6,1.000000
star,45,44,44,44,1.000000
star,69,68,68,68,1.000000
star,35,34,34,34,1.000000
star,5,4,4,4,1.000000
star,61,60,60,60,1.000000
star,54,53,53,53,1.000000
star,78,77,77,77,1.000000
star,7,6,6,6,1.000000
star,41,40,40,40,1.000000
star,52,51,51,51,1.000000
star,29,28,28,28,1.000000
star,44,43,43,43,1.000000
star,6,5,5,5,1.000000
star,67,66,66,66,1.000000
star,64,63,63,63,1.000000
star,33,32,32,32,1.000000
star,17,16,16,16,1.000000
star,74,73,73,73,1.000000
star,72,71,71,71,1.000000
star,47,46,46,46,1.000000
star,34,33,33,33,1.000000
star,63,62,62,62,1.000000
star,62,61,61,61,1.000000
star,50,49,49,49,1.000000
star,34,33,33,33,1.000000
star,31,30,30,30,1.000000
star,48,47,47,47,1.000000
star,80,79,79,79,1.000000
star,36,35,35,35,1.000000
star,9,8,8,8,1.000000
star,76,75,75,75,1.000000
star,44,43,43,43,1.000000
star,35,34,34,34,1.000000
star,28,27,27,27,1.000000
star,25,24,24,24,1.000000
star,38,37,37,37,1.000000
star,35,34,34,34,1.000000
star,29,28,28,28,1.000000
star,45,44,44,44,1.000000
star,6,5,5,5,1.000000
star,54,53,53,53,1.000000
star,77,76,76,76,1.000000
star,71,70,70,70,1.000000
star,41,40,40,40,1.000000
star,42,41,41,41,1.000000
star,35,34,34,34,1.000000
star,31,30,30,30,1.000000
star,70,69,69,69,1.000000
star,6,5,5,5,1.000000
star,24,23,23,23,1.000000
star,45,44,44,44,1.000000
star,38,37,37,37,1.000000
star,67,66,66,66,1.000000
star,15,14,14,14,1.000000
star,26,25,25,25,1.000000
star,64,63,63,63,1.000000
star,73,72,72,72,1.000000
star,4,3,3,3,1.000000
star,54,53,53,53,1.000000
star,52,51,51,51,1.000000
star,36,35,35,35,1.000000
star,43,42,42,42,1.000000
star,74,73,73,73,1.000000
star,50,49,49,49,1.000000
star,56,55,55,55,1.000000
star,65,64,64,64,1.000000
star,74,73,73,73,1.000000
star,52,51,51,51,1.000000
star,69,68,68,68,1.000000
star,80,79,79,79,1.000000
star,25,24,24,24,1.000000
star,54,53,53,53,1.000000
star,68,67,67,67,1.000000
star,49,48,48,48,1.000000
star,44,43,43,43,1.000000
star,18,17,17,17,1.000000
star,22,21,21,21,1.000000
star,65,64,64,64,1.000000
star,10,9,9,9,1.000000
star,16,15,15,15,1.000000
star,17,16,16,16,1.000000
star,71,70,70,70,1.000000
star,30,29,29,29,1.000000
star,57,56,56,56,1.000000
star,11,10,10,10,1.000000
star,54,53,53,53,1.000000
star,32,31,31,31,1.000000
star,67,66,66,66,1.000000
star,5,4,4,4,1.000000
star,45,44,44,44,1.000000
star,47,46,46,46,1.000000
star,43,42,42,42,1.000000
star,49,48,48,48,1.000000
star,56,55,55,55,1.000000
star,47,46,46,46,1.000000
star,17,16,16,16,1.000000
star,46,45,45,45,1.000000
star,38,37,37,37,1.000000
star,15,14,14,14,1.000000
star,39,38,38,38,1.000000
star,26,25,25,25,1.000000
star,32,31,31,31,1.000000
star,72,71,71,71,1.000000
star,57,56,56,56,1.000000
star,13,12,12,12,1.000000
star,43,42,42,42,1.000000
star,44,43,43,43,1.000000
star,6,5,5,5,1.000000
star,81,80,80,80,1.000000
star,43,42,42,42,1.000000
star,19,18,18,18,1.000000
star,32,31,31,31,1.000000
star,75,74,74,74,1.000000
star,25,24,24,24,1.000000
star,23,22,22,22,1.000000
star,49,48,48,48,1.000000
star,69,68,68,68,1.000000
star,12,11,11,11,1.000000
star,38,37,37,37,1.000000
star,8,7,7,7,1.000000
star,14,13,13,13,1.000000
star,5,4,4,4,1.000000
star,17,16,16,16,1.000000
star,19,18,18,18,1.000000
star,77,76,76,76,1.000000
star,7,6,6,6,1.000000
star,48,47,47,47,1.000000
star,8,7,7,7,1.000000
star,42,41,41,41,1.000000
star,43,42,42,42,1.000000
star,25,24,24,24,1.000000
star,73,72,72,72,1.000000
star,17,16,16,16,1.000000
star,57,56,56,56,1.000000
star,43,42,42,42,1.000000
star,44,43,43,43,1.000000
star,68,67,67,67,1.000000
star,8,7,7,7,1.000000
star,71,70,70,70,1.000000
star,17,16,16,16,1.000000
star,8,7,7,7,1.000000
star,54,53,53,53,1.000000
star,32,31,31,31,1.000000
star,46,45,45,45,1.000000
star,49,48,48,48,1.000000
star,16,15,15,15,1.000000
star,78,77,77,77,1.000000
star,66,65,65,65,1.000000
star,22,21,21,21,1.000000
star,55,54,54,54,1.000000
star,28,27,27,27,1.000000
star,41,40,40,40,1.000000
star,38,37,37,37,1.000000
star,49,48,48,48,1.000000
star,44,43,43,43,1.000000
star,57,56,56,56,1.000000
star,51,50,50,50,1.000000
star,74,73,73,73,1.000000
star,24,23,23,23,1.000000
star,41,40,40,40,1.000000
star,67,66,66,66,1.000000
star,57,56,56,56,1.000000
star,75,74,74,74,1.000000
star,21,20,20,20,1.000000
star,44,43,43,43,1.000000
star,72,71,71,71,1.000000
star,36,35,35,35,1.000000
star,49,48,48,48,1.000000
star,79,78,78,78,1.000000
star,67,66,66,66,1.000000
star,21,20,20,20,1.000000
star,23,22,22,22,1.000000
star,10,9,9,9,1.000000
star,51,50,50,50,1.000000
star,9,8,8,8,1.000000
star,19,18,18,18,1.000000
star,14,13,13,13,1.000000
star,53,52,52,52,1.000000
star,6,5,5,5,1.000000
star,6,5,5,5,1.000000
star,21,20,20,20,1.000000
star,58,57,57,57,1.000000
star,70,69,69,69,1.000000
star,42,41,41,41,1.000000
star,78,77,77,77,1.000000
star,59,58,58,58,1.000000
star,64,63,63,63,1.000000
star,62,61,61,61,1.000000
star,67,66,66,66,1.000000
star,59,58,58,58,1.000000
star,19,18,18,18,1.000000
star,78,77,77,77,1.000000
star,26,25,25,25,1.000000
star,10,9,9,9,1.000000
star,20,19,19,19,1.000000
star,78,77,77,77,1.000000
star,63,62,62,62,1.000000
star,55,54,54,54,1.000000
star,35,34,34,34,1.000000
star,60,59,59,59,1.000000
star,61,60,60,60,1.000000
star,47,46,46,46,1.000000
star,48,47,47,47,1.000000
star,50,49,49,49,1.000000
star,60,59,59,59,1.000000
star,42,41,41,41,1.000000
star,33,32,32,32,1.000000
star,17,16,16,16,1.000000
star,80,79,79,79,1.000000
star,28,27,27,27,1.000000
star,53,52,52,52,1.000000
star,52,51,51,51,1.000000
star,60,59,59,59,1.000000
star,15,14,14,14,1.000000
star,15,14,14,14,1.000000
star,55,54,54,54,1.000000
star,25,24,24,24,1.000000
star,49,48,48,48,1.000000
star,29,28,28,28,1.000000
star,46,45,45,45,1.000000
star,26,25,25,25,1.000000
star,21,20,20,20,1.000000
star,81,80,80,80,1.000000
star,33,32,32,32,1.000000
star,75,74,74,74,1.000000
star,54,53,53,53,1.000000
star,25,24,24,24,1.000000
star,77,76,76,76,1.000000
star,14,13,13,13,1.000000
star,72,71,71,71,1.000000
star,64,63,63,63,1.000000
star,78,77,77,77,1.000000
star,29,28,28,28,1.000000
star,63,62,62,62,1.000000
star,47,46,46,46,1.000000
star,81,80,80,80,1.000000
star,35,34,34,34,1.000000
star,62,61,61,61,1.000000
star,20,19,19,19,1.000000
star,65,64,64,64,1.000000
star,49,48,48,48,1.000000
star,16,15,15,15,1.000000
star,31,30,30,30,1.000000
star,13,12,12,12,1.000000
star,45,44,44,44,1.000000
star,70,69,69,69,1.000000
star,52,51,51,51,1.000000
star,22,21,21,21,1.000000
star,6,5,5,5,1.000000
star,64,63,63,63,1.000000
star,13,12,12,12,1.000000
star,30,29,29,29,1.000000
star,71,70,70,70,1.000000
star,77,76,76,76,1.000000
star,36,35,35,35,1.000000
star,64,63,63,63,1.000000
star,63,62,62,62,1.000000
star,74,73,73,73,1.000000
star,47,46,46,46,1.000000
star,42,41,41,41,1.000000
star,10,9,9,9,1.000000
star,60,59,59,59,1.000000
star,78,77,77,77,1.000000
star,37,36,36,36,1.000000
star,48,47,47,47,1.000000
star,35,34,34,34,1.000000
star,31,30,30,30,1.000000
star,39,38,38,38,1.000000
star,14,13,13,13,1.000000
star,17,16,16,16,1.000000
star,27,26,26,26,1.000000
star,31,30,30,30,1.000000
star,56,55,55,55,1.000000
star,42,41,41,41,1.000000
star,56,55,55,55,1.000000
star,27,26,26,26,1.000000
star,73,72,72,72,1.000000
star,45,44,44,44,1.000000
star,10,9,9,9,1.000000
star,52,51,51,51,1.000000
star,77,76,76,76,1.000000
star,55,54,54,54,1.000000
star,62,61,61,61,1.000000
star,23,22,22,22,1.000000
star,4,3,3,3,1.000000
star,54,53,53,53,1.000000
complete,27,351,1,1,1.000000
complete,30,435,1,1,1.000000
complete,11,55,1,1,1.000000
complete,17,136,1,1,1.000000
complete,12,66,1,1,1.000000
complete,3,3,1,1,1.000000
complete,25,300,1,1,1.000000
complete,13,78,1,1,1.000000
complete,14,91,1,1,1.000000
complete,25,300,1,1,1.000000
complete,3,3,1,1,1.000000
complete,10,45,1,1,1.000000
complete,18,153,1,1,1.000000
complete,13,78,1,1,1.000000
complete,3,3,1,1,1.000000
complete,6,15,1,1,1.000000
complete,26,325,1,1,1.000000
complete,16,120,1,1,1.000000
complete,3,3,1,1,1.000000
complete,13,78,1,1,1.000000
complete,14,91,1,1,1.000000
complete,18,153,1,1,1.000000
complete,26,325,1,1,1.000000
complete,4,6,1,1,1.000000
complete,11,55,1,1,1.000000
complete,30,435,1,1,1.000000
complete,18,153,1,1,1.000000
complete,19,171,1,1,1.000000
complete,30,435,1,1,1.000000
complete,17,136,1,1,1.000000
complete,24,276,1,1,1.000000
complete,5,10,1,1,1.000000
complete,7,21,1,1,1.000000
complete,10,45,1,1,1.000000
complete,18,153,1,1,1.000000
complete,26,325,1,1,1.000000
complete,26,325,1,1,1.000000
complete,8,28,1,1,1.000000
complete,20,190,1,1,1.000000
complete,18,153,1,1,1.000000
complete,25,300,1,1,1.000000
complete,10,45,1,1,1.000000
complete,14,91,1,1,1.000000
complete,18,153,1,1,1.000000
complete,15,105,1,1,1.000000
complete,29,406,1,1,1.000000
complete,30,435,1,1,1.000000
complete,19,171,1,1,1.000000
complete,14,91,1,1,1.000000
complete,16,120,1,1,1.000000
complete,11,55,1,1,1.000000
complete,7,21,1,1,1.000000
complete,22,231,1,1,1.000000
complete,16,120,1,1,1.000000
complete,14,91,1,1,1.000000
complete,9,36,1,1,1.000000
complete,27,351,1,1,1.000000
complete,28,378,1,1,1.000000
complete,22,231,1,1,1.000000
complete,30,435,1,1,1.000000
complete,21,210,1,1,1.000000
complete,23,253,1,1,1.000000
complete,21,210,1,1,1.000000
complete,4,6,1,1,1.000000
complete,22,231,1,1,1.000000
complete,13,78,1,1,1.000000
complete,12,66,1,1,1.000000
complete,18,153,1,1,1.000000
complete,5,10,1,1,1.000000
complete,18,153,1,1,1.000000
complete,25,300,1,1,1.000000
complete,17,136,1,1,1.000000
complete,28,378,1,1,1.000000
complete,11,55,1,1,1.000000
complete,26,325,1,1,1.000000
complete,6,15,1,1,1.000000
complete,16,120,1,1,1.000000
complete,19,171,1,1,1.000000
complete,16,120,1,1,1.000000
complete,18,153,1,1,1.000000
complete,12,66,1,1,1.000000
complete,25,300,1,1,1.000000
complete,11,55,1,1,1.000000
complete,19,171,1,1,1.000000
complete,21,210,1,1,1.000000
complete,22,231,1,1,1.000000
complete,15,105,1,1,1.000000
complete,6,15,1,1,1.000000
complete,25,300,1,1,1.000000
complete,13,78,1,1,1.000000
complete,30,435,1,1,1.000000
complete,6,15,1,1,1.000000
complete,24,276,1,1,1.000000
complete,23,253,1,1,1.000000
complete,16,120,1,1,1.000000
complete,3,3,1,1,1.000000
complete,3,3,1,1,1.000000
complete,20,190,1,1,1.000000
complete,3,3,1,1,1.000000
complete,11,55,1,1,1.000000
complete,12,66,1,1,1.000000
complete,9,36,1,1,1.000000
complete,14,91,1,1,1.000000
complete,26,325,1,1,1.000000
complete,20,190,1,1,1.000000
complete,10,45,1,1,1.000000
complete,30,435,1,1,1.000000
complete,13,78,1,1,1.000000
complete,26,325,1,1,1.000000
complete,27,351,1,1,1.000000
complete,6,15,1,1,1.000000
complete,3,3,1,1,1.000000
complete,4,6,1,1,1.000000
complete,16,120,1,1,1.000000
complete,24,276,1,1,1.000000
complete,29,406,1,1,1.000000
complete,18,153,1,1,1.000000
complete,4,6,1,1,1.000000
complete,28,378,1,1,1.000000
complete,26,325,1,1,1.000000
complete,17,136,1,1,1.000000
complete,23,253,1,1,1.000000
complete,16,120,1,1,1.000000
complete,3,3,1,1,1.000000
complete,10,45,1,1,1.000000
complete,25,300,1,1,1.000000
complete,24,276,1,1,1.000000
complete,11,55,1,1,1.000000
complete,27,351,1,1,1.000000
complete,14,91,1,1,1.000000
complete,10,45,1,1,1.000000
complete,3,3,1,1,1.000000
complete,4,6,1,1,1.000000
complete,23,253,1,1,1.000000
complete,28,378,1,1,1.000000
complete,25,300,1,1,1.000000
complete,17,136,1,1,1.000000
complete,23,253,1,1,1.000000
complete,9,36,1,1,1.000000
complete,11,55,1,1,1.000000
complete,5,10,1,1,1.000000
complete,14,91,1,1,1.000000
complete,7,21,1,1,1.000000
complete,18,153,1,1,1.000000
complete,11,55,1,1,1.000000
complete,27,351,1,1,1.000000
complete,24,276,1,1,1.000000
complete,7,21,1,1,1.000000
complete,26,325,1,1,1.000000
complete,5,10,1,1,1.000000
complete,7,21,1,1,1.000000
complete,20,190,1,1,1.000000
complete,6,15,1,1,1.000000
complete,10,45,1,1,1.000000
complete,9,36,1,1,1.000000
complete,4,6,1,1,1.000000
complete,22,231,1,1,1.000000
complete,12,66,1,1,1.000000
complete,10,45,1,1,1.000000
complete,28,378,1,1,1.000000
complete,19,171,1,1,1.000000
complete,4,6,1,1,1.000000
complete,6,15,1,1,1.000000
complete,27,351,1,1,1.000000
complete,20,190,1,1,1.000000
complete,30,435,1,1,1.000000
complete,4,6,1,1,1.000000
complete,20,190,1,1,1.000000
complete,18,153,1,1,1.000000
complete,30,435,1,1,1.000000
complete,25,300,1,1,1.000000
complete,14,91,1,1,1.000000
complete,27,351,1,1,1.000000
complete,9,36,1,1,1.000000
complete,17,136,1,1,1.000000
complete,12,66,1,1,1.000000
complete,6,15,1,1,1.000000
complete,8,28,1,1,1.000000
complete,26,325,1,1,1.000000
complete,16,120,1,1,1.000000
complete,3,3,1,1,1.000000
complete,3,3,1,1,1.000000
complete,8,28,1,1,1.000000
complete,16,120,1,1,1.000000
complete,23,253,1,1,1.000000
complete,30,435,1,1,1.000000
complete,26,325,1,1,1.000000
complete,17,136,1,1,1.000000
complete,11,55,1,1,1.000000
complete,13,78,1,1,1.000000
complete,24,276,1,1,1.000000
complete,27,351,1,1,1.000000
complete,19,171,1,1,1.000000
complete,15,105,1,1,1.000000
complete,5,10,1,1,1.000000
complete,29,406,1,1,1.000000
complete,19,171,1,1,1.000000
complete,21,210,1,1,1.000000
complete,23,253,1,1,1.000000
complete,24,276,1,1,1.000000
complete,11,55,1,1,1.000000
complete,7,21,1,1,1.000000
complete,27,351,1,1,1.000000
complete,3,3,1,1,1.000000
complete,15,105,1,1,1.000000
complete,7,21,1,1,1.000000
complete,30,435,1,1,1.000000
complete,29,406,1,1,1.000000
complete,12,66,1,1,1.000000
complete,20,190,1,1,1.000000
complete,20,190,1,1,1.000000
complete,17,136,1,1,1.000000
complete,19,171,1,1,1.000000
complete,7,21,1,1,1.000000
complete,24,276,1,1,1.000000
complete,3,3,1,1,1.000000
complete,29,406,1,1,1.000000
complete,8,28,1,1,1.000000
complete,27,351,1,1,1.000000
complete,20,190,1,1,1.000000
complete,7,21,1,1,1.000000
complete,14,91,1,1,1.000000
complete,9,36,1,1,1.000000
complete,27,351,1,1,1.000000
complete,27,351,1,1,1.000000
complete,16,120,1,1,1.000000
complete,14,91,1,1,1.000000
complete,28,378,1,1,1.000000
complete,13,78,1,1,1.000000
complete,7,21,1,1,1.000000
complete,7,21,1,1,1.000000
complete,3,3,1,1,1.000000
complete,13,78,1,1,1.000000
complete,9,36,1,1,1.000000
complete,28,378,1,1,1.000000
complete,20,190,1,1,1.000000
complete,12,66,1,1,1.000000
complete,30,435,1,1,1.000000
complete,19,171,1,1,1.000000
complete,4,6,1,1,1.000000
complete,10,45,1,1,1.000000
complete,3,3,1,1,1.000000
complete,8,28,1,1,1.000000
complete,14,91,1,1,1.000000
complete,6,15,1,1,1.000000
complete,14,91,1,1,1.000000
complete,17,136,1,1,1.000000
complete,27,351,1,1,1.000000
complete,6,15,1,1,1.000000
complete,15,105,1,1,1.000000
complete,29,406,1,1,1.000000
complete,28,378,1,1,1.000000
complete,5,10,1,1,1.000000
complete,22,231,1,1,1.000000
complete,13,78,1,1,1.000000
complete,25,300,1,1,1.000000
complete,12,66,1,1,1.000000
complete,16,120,1,1,1.000000
complete,17,136,1,1,1.000000
complete,7,21,1,1,1.000000
complete,9,36,1,1,1.000000
complete,22,231,1,1,1.000000
complete,3,3,1,1,1.000000
complete,27,351,1,1,1.000000
complete,24,276,1,1,1.000000
complete,12,66,1,1,1.000000
complete,12,66,1,1,1.000000
complete,6,15,1,1,1.000000
complete,20,190,1,1,1.000000
complete,14,91,1,1,1.000000
complete,24,276,1,1,1.000000
complete,4,6,1,1,1.000000
complete,17,136,1,1,1.000000
complete,5,10,1,1,1.000000
complete,29,406,1,1,1.000000
complete,27,351,1,1,1.000000
complete,5,10,1,1,1.000000
complete,9,36,1,1,1.000000
complete,19,171,1,1,1.000000
complete,9,36,1,1,1.000000
complete,29,406,1,1,1.000000
complete,23,253,1,1,1.000000
complete,24,276,1,1,1.000000
complete,14,91,1,1,1.000000
complete,5,10,1,1,1.000000
complete,11,55,1,1,1.000000
complete,16,120,1,1,1.000000
complete,10,45,1,1,1.000000
complete,14,91,1,1,1.000000
complete,12,66,1,1,1.000000
complete,17,136,1,1,1.000000
complete,15,105,1,1,1.000000
complete,14,91,1,1,1.000000
complete,20,190,1,1,1.000000
complete,11,55,1,1,1.000000
complete,20,190,1,1,1.000000
complete,25,300,1,1,1.000000
complete,26,325,1,1,1.000000
complete,26,325,1,1,1.000000
complete,20,190,1,1,1.000000
complete,28,378,1,1,1.000000
complete,27,351,1,1,1.000000
complete,13,78,1,1,1.000000
complete,12,66,1,1,1.000000
complete,27,351,1,1,1.000000
complete,25,300,1,1,1.000000
complete,26,325,1,1,1.000000
complete,17,136,1,1,1.000000
complete,16,120,1,1,1.000000
complete,8,28,1,1,1.000000
complete,3,3,1,1,1.000000
complete,16,120,1,1,1.000000
complete,21,210,1,1,1.000000
complete,29,406,1,1,1.000000
complete,10,45,1,1,1.000000
complete,25,300,1,1,1.000000
complete,23,253,1,1,1.000000
complete,12,66,1,1,1.000000
complete,27,351,1,1,1.000000
complete,19,171,1,1,1.000000
complete,15,105,1,1,1.000000
complete,18,153,1,1,1.000000
complete,9,36,1,1,1.000000
complete,17,136,1,1,1.000000
complete,3,3,1,1,1.000000
complete,24,276,1,1,1.000000
complete,8,28,1,1,1.000000
complete,6,15,1,1,1.000000
complete,25,300,1,1,1.000000
complete,22,231,1,1,1.000000
complete,18,153,1,1,1.000000
complete,15,105,1,1,1.000000
complete,28,378,1,1,1.000000
complete,6,15,1,1,1.000000
complete,18,153,1,1,1.000000
complete,29,406,1,1,1.000000
complete,11,55,1,1,1.000000
complete,9,36,1,1,1.000000
complete,7,21,1,1,1.000000
complete,28,378,1,1,1.000000
complete,16,120,1,1,1.000000
complete,12,66,1,1,1.000000
complete,26,325,1,1,1.000000
complete,5,10,1,1,1.000000
complete,18,153,1,1,1.000000
complete,8,28,1,1,1.000000
complete,28,378,1,1,1.000000
complete,24,276,1,1,1.000000
complete,8,28,1,1,1.000000
complete,14,91,1,1,1.000000
complete,14,91,1,1,1.000000
complete,6,15,1,1,1.000000
complete,12,66,1,1,1.000000
complete,14,91,1,1,1.000000
complete,20,190,1,1,1.000000
complete,28,378,1,1,1.000000
complete,19,171,1,1,1.000000
complete,13,78,1,1,1.000000
complete,3,3,1,1,1.000000
complete,6,15,1,1,1.000000
complete,20,190,1,1,1.000000
complete,8,28,1,1,1.000000
complete,21,210,1,1,1.000000
complete,21,210,1,1,1.000000
complete,21,210,1,1,1.000000
complete,3,3,1,1,1.000000
complete,22,231,1,1,1.000000
complete,5,10,1,1,1.000000
complete,3,3,1,1,1.000000
complete,6,15,1,1,1.000000
complete,4,6,1,1,1.000000
complete,8,28,1,1,1.000000
complete,15,105,1,1,1.000000
complete,10,45,1,1,1.000000
complete,30,435,1,1,1.000000
complete,21,210,1,1,1.000000
complete,24,276,1,1,1.000000
complete,4,6,1,1,1.000000
complete,3,3,1,1,1.000000
complete,24,276,1,1,1.000000
complete,30,435,1,1,1.000000
complete,6,15,1,1,1.000000
complete,22,231,1,1,1.000000
complete,21,210,1,1,1.000000
complete,3,3,1,1,1.000000
complete,17,136,1,1,1.000000
complete,26,325,1,1,1.000000
complete,10,45,1,1,1.000000
complete,21,210,1,1,1.000000
complete,11,55,1,1,1.000000
complete,20,190,1,1,1.000000
complete,27,351,1,1,1.000000
complete,20,190,1,1,1.000000
complete,10,45,1,1,1.000000
complete,12,66,1,1,1.000000
complete,3,3,1,1,1.000000
complete,30,435,1,1,1.000000
complete,9,36,1,1,1.000000
complete,22,231,1,1,1.000000
complete,4,6,1,1,1.000000
complete,16,120,1,1,1.000000
complete,24,276,1,1,1.000000
complete,3,3,1,1,1.000000
complete,17,136,1,1,1.000000
complete,24,276,1,1,1.000000
complete,18,153,1,1,1.000000
complete,29,406,1,1,1.000000
complete,30,435,1,1,1.000000
complete,30,435,1,1,1.000000
complete,5,10,1,1,1.000000
complete,20,190,1,1,1.000000
complete,29,406,1,1,1.000000
complete,17,136,1,1,1.000000
complete,8,28,1,1,1.000000
complete,28,378,1,1,1.000000
complete,22,231,1,1,1.000000
complete,18,153,1,1,1.000000
complete,4,6,1,1,1.000000
complete,9,36,1,1,1.000000
complete,11,55,1,1,1.000000
complete,13,78,1,1,1.000000
complete,4,6,1,1,1.000000
complete,24,276,1,1,1.000000
complete,14,91,1,1,1.000000
complete,20,190,1,1,1.000000
complete,29,406,1,1,1.000000
complete,27,351,1,1,1.000000
complete,23,253,1,1,1.000000
complete,19,171,1,1,1.000000
complete,26,325,1,1,1.000000
complete,8,28,1,1,1.000000
complete,24,276,1,1,1.000000
complete,4,6,1,1,1.000000
complete,8,28,1,1,1.000000
complete,11,55,1,1,1.000000
complete,11,55,1,1,1.000000
complete,15,105,1,1,1.000000
complete,24,276,1,1,1.000000
complete,27,351,1,1,1.000000
complete,21,210,1,1,1.000000
complete,12,66,1,1,1.000000
complete,23,253,1,1,1.000000
complete,29,406,1,1,1.000000
complete,29,406,1,1,1.000000
complete,9,36,1,1,1.000000
complete,22,231,1,1,1.000000
complete,23,253,1,1,1.000000
complete,27,351,1,1,1.000000
complete,27,351,1,1,1.000000
complete,18,153,1,1,1.000000
complete,12,66,1,1,1.000000
complete,8,28,1,1,1.000000
complete,7,21,1,1,1.000000
complete,13,78,1,1,1.000000
complete,18,153,1,1,1.000000
complete,18,153,1,1,1.000000
complete,21,210,1,1,1.000000
complete,26,325,1,1,1.000000
complete,19,171,1,1,1.000000
complete,10,45,1,1,1.000000
complete,3,3,1,1,1.000000
complete,12,66,1,1,1.000000
complete,30,435,1,1,1.000000
complete,23,253,1,1,1.000000
complete,7,21,1,1,1.000000
complete,6,15,1,1,1.000000
complete,11,55,1,1,1.000000
complete,13,78,1,1,1.000000
complete,9,36,1,1,1.000000
complete,19,171,1,1,1.000000
complete,8,28,1,1,1.000000
complete,28,378,1,1,1.000000
complete,9,36,1,1,1.000000
complete,10,45,1,1,1.000000
complete,8,28,1,1,1.000000
complete,5,10,1,1,1.000000
complete,9,36,1,1,1.000000
complete,25,300,1,1,1.000000
complete,4,6,1,1,1.000000
complete,5,10,1,1,1.000000
complete,30,435,1,1,1.000000
complete,21,210,1,1,1.000000
complete,9,36,1,1,1.000000
complete,20,190,1,1,1.000000
complete,27,351,1,1,1.000000
complete,15,105,1,1,1.000000
complete,23,253,1,1,1.000000
complete,19,171,1,1,1.000000
complete,27,351,1,1,1.000000
complete,8,28,1,1,1.000000
complete,7,21,1,1,1.000000
complete,15,105,1,1,1.000000
complete,17,136,1,1,1.000000
complete,8,28,1,1,1.000000
complete,10,45,1,1,1.000000
complete,13,78,1,1,1.000000
complete,16,120,1,1,1.000000
complete,6,15,1,1,1.000000
complete,5,10,1,1,1.000000
complete,22,231,1,1,1.000000
complete,30,435,1,1,1.000000
complete,12,66,1,1,1.000000
complete,9,36,1,1,1.000000
complete,16,120,1,1,1.000000
complete,6,15,1,1,1.000000
complete,12,66,1,1,1.000000
complete,18,153,1,1,1.000000
complete,29,406,1,1,1.000000
complete,13,78,1,1,1.000000
complete,15,105,1,1,1.000000
complete,7,21,1,1,1.000000
complete,21,210,1,1,1.000000
complete,17,136,1,1,1.000000
complete,20,190,1,1,1.000000
complete,20,190,1,1,1.000000
complete,7,21,1,1,1.000000
complete,10,45,1,1,1.000000
complete,14,91,1,1,1.000000
complete,13,78,1,1,1.000000
complete,9,36,1,1,1.000000
complete,5,10,1,1,1.000000
complete,20,190,1,1,1.000000
complete,30,435,1,1,1.000000
complete,23,253,1,1,1.000000
complete,25,300,1,1,1.000000
complete,23,253,1,1,1.000000
complete,11,55,1,1,1.000000
complete,12,66,1,1,1.000000
complete,30,435,1,1,1.000000
complete,12,66,1,1,1.000000
complete,25,300,1,1,1.000000
complete,28,378,1,1,1.000000
complete,15,105,1,1,1.000000
complete,22,231,1,1,1.000000
complete,4,6,1,1,1.000000
complete,12,66,1,1,1.000000
complete,19,171,1,1,1.000000
complete,19,171,1,1,1.000000
complete,9,36,1,1,1.000000
complete,13,78,1,1,1.000000
complete,15,105,1,1,1.000000
complete,9,36,1,1,1.000000
complete,12,66,1,1,1.000000
complete,18,153,1,1,1.000000
complete,6,15,1,1,1.000000
complete,29,406,1,1,1.000000
complete,16,120,1,1,1.000000
complete,20,190,1,1,1.000000
complete,23,253,1,1,1.000000
complete,19,171,1,1,1.000000
complete,4,6,1,1,1.000000
complete,6,15,1,1,1.000000
complete,30,435,1,1,1.000000
complete,29,406,1,1,1.000000
complete,18,153,1,1,1.000000
complete,17,136,1,1,1.000000
complete,5,10,1,1,1.000000
complete,4,6,1,1,1.000000
complete,20,190,1,1,1.000000
complete,26,325,1,1,1.000000
complete,16,120,1,1,1.000000
complete,22,231,1,1,1.000000
complete,15,105,1,1,1.000000
complete,14,91,1,1,1.000000
complete,11,55,1,1,1.000000
complete,4,6,1,1,1.000000
complete,15,105,1,1,1.000000
complete,14,91,1,1,1.000000
complete,3,3,1,1,1.000000
complete,4,6,1,1,1.000000
complete,7,21,1,1,1.000000
complete,9,36,1,1,1.000000
complete,14,91,1,1,1.000000
complete,15,105,1,1,1.000000
complete,26,325,1,1,1.000000
complete,12,66,1,1,1.000000
complete,27,351,1,1,1.000000
complete,5,10,1,1,1.000000
complete,12,66,1,1,1.000000
complete,27,351,1,1,1.000000
complete,4,6,1,1,1.000000
complete,18,153,1,1,1.000000
complete,17,136,1,1,1.000000
complete,6,15,1,1,1.000000
complete,29,406,1,1,1.000000
complete,11,55,1,1,1.000000
complete,30,435,1,1,1.000000
complete,7,21,1,1,1.000000
complete,5,10,1,1,1.000000
complete,25,300,1,1,1.000000
complete,3,3,1,1,1.000000
complete,13,78,1,1,1.000000
complete,12,66,1,1,1.000000
complete,10,45,1,1,1.000000
complete,13,78,1,1,1.000000
complete,26,325,1,1,1.000000
complete,28,378,1,1,1.000000
complete,29,406,1,1,1.000000
complete,5,10,1,1,1.000000
complete,9,36,1,1,1.000000
complete,17,136,1,1,1.000000
complete,6,15,1,1,1.000000
complete,19,171,1,1,1.000000
complete,10,45,1,1,1.000000
complete,25,300,1,1,1.000000
complete,11,55,1,1,1.000000
complete,29,406,1,1,1.000000
complete,21,210,1,1,1.000000
complete,23,253,1,1,1.000000
complete,18,153,1,1,1.000000
complete,25,300,1,1,1.000000
complete,21,210,1,1,1.000000
complete,21,210,1,1,1.000000
complete,7,21,1,1,1.000000
complete,28,378,1,1,1.000000
complete,7,21,1,1,1.000000
complete,22,231,1,1,1.000000
complete,6,15,1,1,1.000000
complete,4,6,1,1,1.000000
complete,25,300,1,1,1.000000
complete,20,190,1,1,1.000000
complete,30,435,1,1,1.000000
complete,4,6,1,1,1.000000
complete,17,136,1,1,1.000000
complete,17,136,1,1,1.000000
complete,20,190,1,1,1.000000
complete,30,435,1,1,1.000000
complete,14,91,1,1,1.000000
complete,24,276,1,1,1.000000
complete,19,171,1,1,1.000000
complete,27,351,1,1,1.000000
complete,13,78,1,1,1.000000
complete,22,231,1,1,1.000000
complete,28,378,1,1,1.000000
complete,23,253,1,1,1.000000
complete,22,231,1,1,1.000000
complete,5,10,1,1,1.000000
complete,24,276,1,1,1.000000
complete,22,231,1,1,1.000000
complete,8,28,1,1,1.000000
complete,19,171,1,1,1.000000
complete,21,210,1,1,1.000000
complete,24,276,1,1,1.000000
complete,24,276,1,1,1.000000
complete,7,21,1,1,1.000000
complete,6,15,1,1,1.000000
complete,27,351,1,1,1.000000
complete,30,435,1,1,1.000000
complete,17,136,1,1,1.000000
complete,16,120,1,1,1.000000
complete,29,406,1,1,1.000000
complete,21,210,1,1,1.000000
complete,29,406,1,1,1.000000
complete,16,120,1,1,1.000000
complete,28,378,1,1,1.000000
complete,4,6,1,1,1.000000
complete,10,45,1,1,1.000000
complete,20,190,1,1,1.000000
complete,30,435,1,1,1.000000
complete,10,45,1,1,1.000000
complete,11,55,1,1,1.000000
complete,18,153,1,1,1.000000
complete,29,406,1,1,1.000000
complete,19,171,1,1,1.000000
complete,16,120,1,1,1.000000
complete,7,21,1,1,1.000000
complete,16,120,1,1,1.000000
complete,11,55,1,1,1.000000
complete,16,120,1,1,1.000000
complete,28,378,1,1,1.000000
complete,5,10,1,1,1.000000
complete,26,325,1,1,1.000000
complete,15,105,1,1,1.000000
complete,6,15,1,1,1.000000
complete,13,78,1,1,1.000000
complete,23,253,1,1,1.000000
complete,23,253,1,1,1.000000
complete,4,6,1,1,1.000000
complete,5,10,1,1,1.000000
complete,20,190,1,1,1.000000
complete,16,120,1,1,1.000000
complete,3,3,1,1,1.000000
complete,13,78,1,1,1.000000
complete,3,3,1,1,1.000000
complete,10,45,1,1,1.000000
complete,13,78,1,1,1.000000
complete,4,6,1,1,1.000000
complete,29,406,1,1,1.000000
complete,26,325,1,1,1.000000
complete,27,351,1,1,1.000000
complete,22,231,1,1,1.000000
complete,3,3,1,1,1.000000
complete,23,253,1,1,1.000000
complete,18,153,1,1,1.000000
complete,20,190,1,1,1.000000
complete,27,351,1,1,1.000000
complete,15,105,1,1,1.000000
complete,5,10,1,1,1.000000
complete,30,435,1,1,1.000000
complete,6,15,1,1,1.000000
complete,25,300,1,1,1.000000
complete,30,435,1,1,1.000000
complete,11,55,1,1,1.000000
complete,3,3,1,1,1.000000
complete,24,276,1,1,1.000000
complete,17,136,1,1,1.000000
complete,16,120,1,1,1.000000
complete,17,136,1,1,1.000000
complete,3,3,1,1,1.000000
complete,10,45,1,1,1.000000
complete,12,66,1,1,1.000000
complete,24,276,1,1,1.000000
complete,17,136,1,1,1.000000
complete,3,3,1,1,1.000000
complete,4,6,1,1,1.000000
complete,19,171,1,1,1.000000
complete,7,21,1,1,1.000000
complete,15,105,1,1,1.000000
complete,9,36,1,1,1.000000
complete,18,153,1,1,1.000000
complete,12,66,1,1,1.000000
complete,24,276,1,1,1.000000
complete,16,120,1,1,1.000000
complete,28,378,1,1,1.000000
complete,12,66,1,1,1.000000
complete,15,105,1,1,1.000000
complete,7,21,1,1,1.000000
complete,7,21,1,1,1.000000
complete,24,276,1,1,1.000000
complete,14,91,1,1,1.000000
complete,4,6,1,1,1.000000
complete,23,253,1,1,1.000000
complete,17,136,1,1,1.000000
complete,11,55,1,1,1.000000
complete,17,136,1,1,1.000000
complete,16,120,1,1,1.000000
complete,8,28,1,1,1.000000
complete,5,10,1,1,1.000000
complete,21,210,1,1,1.000000
complete,20,190,1,1,1.000000
complete,29,406,1,1,1.000000
complete,21,210,1,1,1.000000
complete,26,325,1,1,1.000000
complete,10,45,1,1,1.000000
complete,26,325,1,1,1.000000
complete,20,190,1,1,1.000000
complete,26,325,1,1,1.000000
complete,9,36,1,1,1.000000
complete,26,325,1,1,1.000000
complete,24,276,1,1,1.000000
complete,13,78,1,1,1.000000
complete,21,210,1,1,1.000000
complete,10,45,1,1,1.000000
complete,3,3,1,1,1.000000
complete,5,10,1,1,1.000000
complete,15,105,1,1,1.000000
complete,19,171,1,1,1.000000
complete,28,378,1,1,1.000000
complete,11,55,1,1,1.000000
complete,21,210,1,1,1.000000
complete,17,136,1,1,1.000000
complete,4,6,1,1,1.000000
complete,17,136,1,1,1.000000
complete,5,10,1,1,1.000000
complete,21,210,1,1,1.000000
complete,21,210,1,1,1.000000
complete,7,21,1,1,1.000000
complete,14,91,1,1,1.000000
complete,18,153,1,1,1.000000
complete,13,78,1,1,1.000000
complete,6,15,1,1,1.000000
complete,6,15,1,1,1.000000
complete,17,136,1,1,1.000000
complete,5,10,1,1,1.000000
complete,11,55,1,1,1.000000
complete,12,66,1,1,1.000000
complete,30,435,1,1,1.000000
complete,25,300,1,1,1.000000
complete,3,3,1,1,1.000000
complete,30,435,1,1,1.000000
complete,9,36,1,1,1.000000
complete,12,66,1,1,1.000000
complete,8,28,1,1,1.000000
complete,20,190,1,1,1.000000
complete,29,406,1,1,1.000000
complete,17,136,1,1,1.000000
complete,13,78,1,1,1.000000
complete,30,435,1,1,1.000000
complete,23,253,1,1,1.000000
complete,15,105,1,1,1.000000
complete,17,136,1,1,1.000000
complete,9,36,1,1,1.000000
complete,25,300,1,1,1.000000
complete,6,15,1,1,1.000000
complete,26,325,1,1,1.000000
complete,6,15,1,1,1.000000
complete,27,351,1,1,1.000000
complete,4,6,1,1,1.000000
complete,6,15,1,1,1.000000
complete,17,136,1,1,1.000000
complete,15,105,1,1,1.000000
complete,15,105,1,1,1.000000
complete,3,3,1,1,1.000000
complete,30,435,1,1,1.000000
complete,8,28,1,1,1.000000
complete,17,136,1,1,1.000000
complete,22,231,1,1,1.000000
complete,5,10,1,1,1.000000
complete,24,276,1,1,1.000000
complete,7,21,1,1,1.000000
complete,16,120,1,1,1.000000
complete,5,10,1,1,1.000000
complete,14,91,1,1,1.000000
complete,11,55,1,1,1.000000
complete,4,6,1,1,1.000000
complete,22,231,1,1,1.000000
complete,19,171,1,1,1.000000
complete,24,276,1,1,1.000000
complete,14,91,1,1,1.000000
complete,15,105,1,1,1.000000
complete,22,231,1,1,1.000000
complete,30,435,1,1,1.000000
complete,5,10,1,1,1.000000
complete,3,3,1,1,1.000000
complete,10,45,1,1,1.000000
complete,21,210,1,1,1.000000
complete,9,36,1,1,1.000000
complete,12,66,1,1,1.000000
complete,20,190,1,1,1.000000
complete,6,15,1,1,1.000000
complete,4,6,1,1,1.000000
complete,4,6,1,1,1.000000
complete,10,45,1,1,1.000000
complete,9,36,1,1,1.000000
complete,12,66,1,1,1.000000
complete,23,253,1,1,1.000000
complete,13,78,1,1,1.000000
complete,9,36,1,1,1.000000
complete,27,351,1,1,1.000000
complete,21,210,1,1,1.000000
complete,9,36,1,1,1.000000
complete,6,15,1,1,1.000000
complete,23,253,1,1,1.000000
complete,18,153,1,1,1.000000
complete,12,66,1,1,1.000000
complete,26,325,1,1,1.000000
complete,7,21,1,1,1.000000
complete,7,21,1,1,1.000000
complete,5,10,1,1,1.000000
complete,16,120,1,1,1.000000
complete,14,91,1,1,1.000000
complete,21,210,1,1,1.000000
complete,19,171,1,1,1.000000
complete,6,15,1,1,1.000000
complete,5,10,1,1,1.000000
complete,14,91,1,1,1.000000
complete,26,325,1,1,1.000000
complete,26,325,1,1,1.000000
complete,27,351,1,1,1.000000
complete,18,153,1,1,1.000000
complete,27,351,1,1,1.000000
complete,27,351,1,1,1.000000
complete,21,210,1,1,1.000000
complete,27,351,1,1,1.000000
complete,5,10,1,1,1.000000
complete,9,36,1,1,1.000000
complete,15,105,1,1,1.000000
complete,29,406,1,1,1.000000
complete,24,276,1,1,1.000000
complete,17,136,1,1,1.000000
complete,24,276,1,1,1.000000
complete,19,171,1,1,1.000000
complete,23,253,1,1,1.000000
complete,22,231,1,1,1.000000
complete,13,78,1,1,1.000000
complete,10,45,1,1,1.000000
complete,29,406,1,1,1.000000
complete,30,435,1,1,1.000000
complete,30,435,1,1,1.000000
complete,17,136,1,1,1.000000
complete,22,231,1,1,1.000000
complete,7,21,1,1,1.000000
complete,20,190,1,1,1.000000
complete,4,6,1,1,1.000000
complete,15,105,1,1,1.000000
complete,10,45,1,1,1.000000
complete,22,231,1,1,1.000000
complete,15,105,1,1,1.000000
complete,24,276,1,1,1.000000
complete,20,190,1,1,1.000000
complete,7,21,1,1,1.000000
complete,11,55,1,1,1.000000
complete,19,171,1,1,1.000000
complete,5,10,1,1,1.000000
complete,18,153,1,1,1.000000
complete,28,378,1,1,1.000000
complete,27,351,1,1,1.000000
complete,23,253,1,1,1.000000
complete,30,435,1,1,1.000000
complete,8,28,1,1,1.000000
complete,22,231,1,1,1.000000
complete,18,153,1,1,1.000000
complete,6,15,1,1,1.000000
complete,9,36,1,1,1.000000
complete,5,10,1,1,1.000000
complete,5,10,1,1,1.000000
complete,24,276,1,1,1.000000
complete,13,78,1,1,1.000000
complete,26,325,1,1,1.000000
complete,19,171,1,1,1.000000
complete,29,406,1,1,1.000000
complete,8,28,1,1,1.000000
complete,13,78,1,1,1.000000
complete,4,6,1,1,1.000000
complete,20,190,1,1,1.000000
complete,12,66,1,1,1.000000
complete,28,378,1,1,1.000000
complete,9,36,1,1,1.000000
complete,11,55,1,1,1.000000
complete,24,276,1,1,1.000000
complete,8,28,1,1,1.000000
complete,5,10,1,1,1.000000
complete,30,435,1,1,1.000000
complete,26,325,1,1,1.000000
complete,6,15,1,1,1.000000
complete,8,28,1,1,1.000000
complete,6,15,1,1,1.000000
complete,25,300,1,1,1.000000
complete,20,190,1,1,1.000000
complete,30,435,1,1,1.000000
complete,26,325,1,1,1.000000
complete,8,28,1,1,1.000000
complete,20,190,1,1,1.000000
complete,19,171,1,1,1.000000
complete,26,325,1,1,1.000000
complete,28,378,1,1,1.000000
complete,8,28,1,1,1.000000
complete,21,210,1,1,1.000000
complete,6,15,1,1,1.000000
complete,11,55,1,1,1.000000
complete,14,91,1,1,1.000000
complete,12,66,1,1,1.000000
complete,29,406,1,1,1.000000
complete,17,136,1,1,1.000000
complete,4,6,1,1,1.000000
complete,23,253,1,1,1.000000
complete,24,276,1,1,1.000000
complete,13,78,1,1,1.000000
complete,12,66,1,1,1.000000
complete,10,45,1,1,1.000000
complete,9,36,1,1,1.000000
complete,8,28,1,1,1.000000
complete,5,10,1,1,1.000000
complete,7,21,1,1,1.000000
complete,13,78,1,1,1.000000
complete,21,210,1,1,1.000000
complete,25,300,1,1,1.000000
complete,14,91,1,1,1.000000
complete,23,253,1,1,1.000000
complete,28,378,1,1,1.000000
complete,12,66,1,1,1.000000
complete,9,36,1,1,1.000000
complete,7,21,1,1,1.000000
complete,25,300,1,1,1.000000
complete,11,55,1,1,1.000000
complete,12,66,1,1,1.000000
complete,25,300,1,1,1.000000
complete,9,36,1,1,1.000000
complete,26,325,1,1,1.000000
complete,22,231,1,1,1.000000
complete,8,28,1,1,1.000000
complete,8,28,1,1,1.000000
complete,4,6,1,1,1.000000
complete,17,136,1,1,1.000000
complete,19,171,1,1,1.000000
complete,23,253,1,1,1.000000
complete,23,253,1,1,1.000000
complete,6,15,1,1,1.000000
complete,29,406,1,1,1.000000
complete,3,3,1,1,1.000000
complete,13,78,1,1,1.000000
complete,26,325,1,1,1.000000
complete,3,3,1,1,1.000000
complete,29,406,1,1,1.000000
complete,20,190,1,1,1.000000
complete,21,210,1,1,1.000000
complete,20,190,1,1,1.000000
complete,25,300,1,1,1.000000
complete,24,276,1,1,1.000000
complete,22,231,1,1,1.000000
complete,25,300,1,1,1.000000
complete,11,55,1,1,1.000000
complete,26,325,1,1,1.000000
complete,26,325,1,1,1.000000
complete,4,6,1,1,1.000000
complete,26,325,1,1,1.000000
complete,20,190,1,1,1.000000
complete,25,300,1,1,1.000000
complete,26,325,1,1,1.000000
complete,5,10,1,1,1.000000
complete_bipartite,26,144,18,18,1.000000
complete_bipartite,20,99,11,11,1.000000
complete_bipartite,16,55,11,11,1.000000
complete_bipartite,25,136,17,17,1.000000
complete_bipartite,21,80,16,16,1.000000
complete_bipartite,7,12,4,4,1.000000
complete_bipartite,21,108,12,12,1.000000
complete_bipartite,25,150,15,15,1.000000
complete_bipartite,16,39,13,13,1.000000
complete_bipartite,19,70,14,14,1.000000
complete_bipartite,27,180,15,15,1.000000
complete_bipartite,20,91,13,13,1.000000
complete_bipartite,27,162,18,18,1.000000
complete_bipartite,13,42,7,7,1.000000
complete_bipartite,18,77,11,11,1.000000
complete_bipartite,24,144,12,12,1.000000
complete_bipartite,26,165,15,15,1.000000
complete_bipartite,17,72,9,9,1.000000
complete_bipartite,22,117,13,13,1.000000
complete_bipartite,19,84,12,12,1.000000
complete_bipartite,19,88,11,11,1.000000
complete_bipartite,26,153,17,17,1.000000
complete_bipartite,7,10,5,5,1.000000
complete_bipartite,27,170,17,17,1.000000
complete_bipartite,16,39,13,13,1.000000
complete_bipartite,13,30,10,10,1.000000
complete_bipartite,4,4,2,2,1.000000
complete_bipartite,19,88,11,11,1.000000
complete_bipartite,12,36,6,6,1.000000
complete_bipartite,28,187,17,17,1.000000
complete_bipartite,11,24,8,8,1.000000
complete_bipartite,26,168,14,14,1.000000
complete_bipartite,28,160,20,20,1.000000
complete_bipartite,15,44,11,11,1.000000
complete_bipartite,17,72,9,9,1.000000
complete_bipartite,21,110,11,11,1.000000
complete_bipartite,21,98,14,14,1.000000
complete_bipartite,29,198,18,18,1.000000
complete_bipartite,24,135,15,15,1.000000
complete_bipartite,26,120,20,20,1.000000
complete_bipartite,14,40,10,10,1.000000
complete_bipartite,26,153,17,17,1.000000
complete_bipartite,25,150,15,15,1.000000
complete_bipartite,18,32,16,16,1.000000
complete_bipartite,22,121,11,11,1.000000
complete_bipartite,28,192,16,16,1.000000
complete_bipartite,23,126,14,14,1.000000
complete_bipartite,16,63,9,9,1.000000
complete_bipartite,10,25,5,5,1.000000
complete_bipartite,16,55,11,11,1.000000
complete_bipartite,24,119,17,17,1.000000
complete_bipartite,7,10,5,5,1.000000
complete_bipartite,15,44,11,11,1.000000
complete_bipartite,8,16,4,4,1.000000
complete_bipartite,7,10,5,5,1.000000
complete_bipartite,11,24,8,8,1.000000
complete_bipartite,21,90,15,15,1.000000
complete_bipartite,18,65,13,13,1.000000
complete_bipartite,17,42,14,14,1.000000
complete_bipartite,32,240,20,20,1.000000
complete_bipartite,12,32,8,8,1.000000
complete_bipartite,11,24,8,8,1.000000
complete_bipartite,17,42,14,14,1.000000
complete_bipartite,9,18,6,6,1.000000
complete_bipartite,21,38,19,19,1.000000
complete_bipartite,20,100,10,10,1.000000
complete_bipartite,30,209,19,19,1.000000
complete_bipartite,27,176,16,16,1.000000
complete_bipartite,16,28,14,14,1.000000
complete_bipartite,28,160,20,20,1.000000
complete_bipartite,23,112,16,16,1.000000
complete_bipartite,20,75,15,15,1.000000
complete_bipartite,17,72,9,9,1.000000
complete_bipartite,25,114,19,19,1.000000
complete_bipartite,4,4,2,2,1.000000
complete_bipartite,21,110,11,11,1.000000
complete_bipartite,22,96,16,16,1.000000
complete_bipartite,16,63,9,9,1.000000
complete_bipartite,32,240,20,20,1.000000
complete_bipartite,16,64,8,8,1.000000
complete_bipartite,24,128,16,16,1.000000
complete_bipartite,24,143,13,13,1.000000
complete_bipartite,21,54,18,18,1.000000
complete_bipartite,16,60,10,10,1.000000
complete_bipartite,29,180,20,20,1.000000
complete_bipartite,19,34,17,17,1.000000
complete_bipartite,21,90,15,15,1.000000
complete_bipartite,29,204,17,17,1.000000
complete_bipartite,12,32,8,8,1.000000
complete_bipartite,21,90,15,15,1.000000
complete_bipartite,26,165,15,15,1.000000
complete_bipartite,32,240,20,20,1.000000
complete_bipartite,29,198,18,18,1.000000
complete_bipartite,19,88,11,11,1.000000
complete_bipartite,23,132,12,12,1.000000
complete_bipartite,16,64,8,8,1.000000
complete_bipartite,18,32,16,16,1.000000
complete_bipartite,25,136,17,17,1.000000
complete_bipartite,13,42,7,7,1.000000
complete_bipartite,21,104,13,13,1.000000
complete_bipartite,32,240,20,20,1.000000
complete_bipartite,18,81,9,9,1.000000
complete_bipartite,17,42,14,14,1.000000
complete_bipartite,19,60,15,15,1.000000
complete_bipartite,17,30,15,15,1.000000
complete_bipartite,20,75,15,15,1.000000
complete_bipartite,13,42,7,7,1.000000
complete_bipartite,30,216,18,18,1.000000
complete_bipartite,26,153,17,17,1.000000
complete_bipartite,29,204,17,17,1.000000
complete_bipartite,10,25,5,5,1.000000
complete_bipartite,16,60,10,10,1.000000
complete_bipartite,20,91,13,13,1.000000
complete_bipartite,23,126,14,14,1.000000
complete_bipartite,32,240,20,20,1.000000
complete_bipartite,25,156,13,13,1.000000
complete_bipartite,30,200,20,20,1.000000
complete_bipartite,19,88,11,11,1.000000
complete_bipartite,17,52,13,13,1.000000
complete_bipartite,16,55,11,11,1.000000
complete_bipartite,14,49,7,7,1.000000
complete_bipartite,30,200,20,20,1.000000
complete_bipartite,15,56,8,8,1.000000
complete_bipartite,10,21,7,7,1.000000
complete_bipartite,22,117,13,13,1.000000
complete_bipartite,30,200,20,20,1.000000
complete_bipartite,18,45,15,15,1.000000
complete_bipartite,21,68,17,17,1.000000
complete_bipartite,30,209,19,19,1.000000
complete_bipartite,16,63,9,9,1.000000
complete_bipartite,14,24,12,12,1.000000
complete_bipartite,26,144,18,18,1.000000
complete_bipartite,16,64,8,8,1.000000
complete_bipartite,25,126,18,18,1.000000
complete_bipartite,31,220,20,20,1.000000
complete_bipartite,25,154,14,14,1.000000
complete_bipartite,10,24,6,6,1.000000
complete_bipartite,29,198,18,18,1.000000
complete_bipartite,18,72,12,12,1.000000
complete_bipartite,20,91,13,13,1.000000
complete_bipartite,14,45,9,9,1.000000
complete_bipartite,20,91,13,13,1.000000
complete_bipartite,22,121,11,11,1.000000
complete_bipartite,24,80,20,20,1.000000
complete_bipartite,28,171,19,19,1.000000
complete_bipartite,17,72,9,9,1.000000
complete_bipartite,29,198,18,18,1.000000
complete_bipartite,28,160,20,20,1.000000
complete_bipartite,21,110,11,11,1.000000
complete_bipartite,13,40,8,8,1.000000
complete_bipartite,8,12,6,6,1.000000
complete_bipartite,24,144,12,12,1.000000
complete_bipartite,27,170,17,17,1.000000
complete_bipartite,12,36,6,6,1.000000
complete_bipartite,15,44,11,11,1.000000
complete_bipartite,21,104,13,13,1.000000
complete_bipartite,24,144,12,12,1.000000
complete_bipartite,11,18,9,9,1.000000
complete_bipartite,6,9,3,3,1.000000
complete_bipartite,25,150,15,15,1.000000
complete_bipartite,26,153,17,17,1.000000
complete_bipartite,22,120,12,12,1.000000
complete_bipartite,22,105,15,15,1.000000
complete_bipartite,25,114,19,19,1.000000
complete_bipartite,13,36,9,9,1.000000
complete_bipartite,20,36,18,18,1.000000
complete_bipartite,30,216,18,18,1.000000
complete_bipartite,16,63,9,9,1.000000
complete_bipartite,18,32,16,16,1.000000
complete_bipartite,22,117,13,13,1.000000
complete_bipartite,26,160,16,16,1.000000
complete_bipartite,9,14,7,7,1.000000
complete_bipartite,26,133,19,19,1.000000
complete_bipartite,19,88,11,11,1.000000
complete_bipartite,26,153,17,17,1.000000
complete_bipartite,8,15,5,5,1.000000
complete_bipartite,30,216,18,18,1.000000
complete_bipartite,22,121,11,11,1.000000
complete_bipartite,31,228,19,19,1.000000
complete_bipartite,22,72,18,18,1.000000
complete_bipartite,15,50,10,10,1.000000
complete_bipartite,32,240,20,20,1.000000
complete_bipartite,19,84,12,12,1.000000
complete_bipartite,25,144,16,16,1.000000
complete_bipartite,29,198,18,18,1.000000
complete_bipartite,20,84,14,14,1.000000
complete_bipartite,23,102,17,17,1.000000
complete_bipartite,20,36,18,18,1.000000
complete_bipartite,16,63,9,9,1.000000
complete_bipartite,24,80,20,20,1.000000
complete_bipartite,17,72,9,9,1.000000
complete_bipartite,30,209,19,19,1.000000
complete_bipartite,22,72,18,18,1.000000
complete_bipartite,21,68,17,17,1.000000
complete_bipartite,16,28,14,14,1.000000
complete_bipartite,21,98,14,14,1.000000
complete_bipartite,24,128,16,16,1.000000
complete_bipartite,21,68,17,17,1.000000
complete_bipartite,20,99,11,11,1.000000
complete_bipartite,22,120,12,12,1.000000
complete_bipartite,13,42,7,7,1.000000
complete_bipartite,29,198,18,18,1.000000
complete_bipartite,26,160,16,16,1.000000
complete_bipartite,20,100,10,10,1.000000
complete_bipartite,14,48,8,8,1.000000
complete_bipartite,28,180,18,18,1.000000
complete_bipartite,26,153,17,17,1.000000
complete_bipartite,26,168,14,14,1.000000
complete_bipartite,26,133,19,19,1.000000
complete_bipartite,30,209,19,19,1.000000
complete_bipartite,23,120,15,15,1.000000
complete_bipartite,17,52,13,13,1.000000
complete_bipartite,17,42,14,14,1.000000
complete_bipartite,26,120,20,20,1.000000
complete_bipartite,17,42,14,14,1.000000
complete_bipartite,19,90,10,10,1.000000
complete_bipartite,24,135,15,15,1.000000
complete_bipartite,20,64,16,16,1.000000
complete_bipartite,28,187,17,17,1.000000
complete_bipartite,20,99,11,11,1.000000
complete_bipartite,29,190,19,19,1.000000
complete_bipartite,19,60,15,15,1.000000
complete_bipartite,24,135,15,15,1.000000
complete_bipartite,19,84,12,12,1.000000
complete_bipartite,15,56,8,8,1.000000
complete_bipartite,18,72,12,12,1.000000
complete_bipartite,23,112,16,16,1.000000
complete_bipartite,30,209,19,19,1.000000
complete_bipartite,12,35,7,7,1.000000
complete_bipartite,15,54,9,9,1.000000
complete_bipartite,15,26,13,13,1.000000
complete_bipartite,15,50,10,10,1.000000
complete_bipartite,23,60,20,20,1.000000
complete_bipartite,25,154,14,14,1.000000
complete_bipartite,17,42,14,14,1.000000
complete_bipartite,27,180,15,15,1.000000
complete_bipartite,14,24,12,12,1.000000
complete_bipartite,32,240,20,20,1.000000
complete_bipartite,28,160,20,20,1.000000
complete_bipartite,18,77,11,11,1.000000
complete_bipartite,23,130,13,13,1.000000
complete_bipartite,11,30,6,6,1.000000
complete_bipartite,23,120,15,15,1.000000
complete_bipartite,9,18,6,6,1.000000
complete_bipartite,22,117,13,13,1.000000
complete_bipartite,19,60,15,15,1.000000
complete_bipartite,22,57,19,19,1.000000
complete_bipartite,30,216,18,18,1.000000
complete_bipartite,29,198,18,18,1.000000
complete_bipartite,24,119,17,17,1.000000
complete_bipartite,22,112,14,14,1.000000
complete_bipartite,31,228,19,19,1.000000
complete_bipartite,20,51,17,17,1.000000
complete_bipartite,29,204,17,17,1.000000
complete_bipartite,17,52,13,13,1.000000
complete_bipartite,24,144,12,12,1.000000
complete_bipartite,29,198,18,18,1.000000
complete_bipartite,22,105,15,15,1.000000
complete_bipartite,17,72,9,9,1.000000
complete_bipartite,17,60,12,12,1.000000
complete_bipartite,26,120,20,20,1.000000
complete_bipartite,22,117,13,13,1.000000
complete_bipartite,29,204,17,17,1.000000
complete_bipartite,5,6,3,3,1.000000
complete_bipartite,16,60,10,10,1.000000
complete_bipartite,23,60,20,20,1.000000
complete_bipartite,24,119,17,17,1.000000
complete_bipartite,4,4,2,2,1.000000
complete_bipartite,16,64,8,8,1.000000
complete_bipartite,10,25,5,5,1.000000
complete_bipartite,28,171,19,19,1.000000
complete_bipartite,30,209,19,19,1.000000
complete_bipartite,15,54,9,9,1.000000
complete_bipartite,19,88,11,11,1.000000
complete_bipartite,20,84,14,14,1.000000
complete_bipartite,17,72,9,9,1.000000
complete_bipartite,25,126,18,18,1.000000
complete_bipartite,21,104,13,13,1.000000
complete_bipartite,28,180,18,18,1.000000
complete_bipartite,27,162,18,18,1.000000
complete_bipartite,19,70,14,14,1.000000
complete_bipartite,12,20,10,10,1.000000
complete_bipartite,26,160,16,16,1.000000
complete_bipartite,25,154,14,14,1.000000
complete_bipartite,24,140,14,14,1.000000
complete_bipartite,12,27,9,9,1.000000
complete_bipartite,18,81,9,9,1.000000
complete_bipartite,26,153,17,17,1.000000
complete_bipartite,18,81,9,9,1.000000
complete_bipartite,16,55,11,11,1.000000
complete_bipartite,6,8,4,4,1.000000
complete_bipartite,13,42,7,7,1.000000
complete_bipartite,22,57,19,19,1.000000
complete_bipartite,20,64,16,16,1.000000
complete_bipartite,24,144,12,12,1.000000
complete_bipartite,27,152,19,19,1.000000
complete_bipartite,16,28,14,14,1.000000
complete_bipartite,22,120,12,12,1.000000
complete_bipartite,21,54,18,18,1.000000
complete_bipartite,29,198,18,18,1.000000
complete_bipartite,20,96,12,12,1.000000
complete_bipartite,30,216,18,18,1.000000
complete_bipartite,18,81,9,9,1.000000
complete_bipartite,21,98,14,14,1.000000
complete_bipartite,26,120,20,20,1.000000
complete_bipartite,8,16,4,4,1.000000
complete_bipartite,14,49,7,7,1.000000
complete_bipartite,24,144,12,12,1.000000
complete_bipartite,20,100,10,10,1.000000
complete_bipartite,5,6,3,3,1.000000
complete_bipartite,22,57,19,19,1.000000
complete_bipartite,26,168,14,14,1.000000
complete_bipartite,16,64,8,8,1.000000
complete_bipartite,18,80,10,10,1.000000
complete_bipartite,7,10,5,5,1.000000
complete_bipartite,6,9,3,3,1.000000
complete_bipartite,24,128,16,16,1.000000
complete_bipartite,27,170,17,17,1.000000
complete_bipartite,5,6,3,3,1.000000
complete_bipartite,22,121,11,11,1.000000
complete_bipartite,14,48,8,8,1.000000
complete_bipartite,14,45,9,9,1.000000
complete_bipartite,27,152,19,19,1.000000
complete_bipartite,30,216,18,18,1.000000
complete_bipartite,18,65,13,13,1.000000
complete_bipartite,20,91,13,13,1.000000
complete_bipartite,17,66,11,11,1.000000
complete_bipartite,12,20,10,10,1.000000
complete_bipartite,19,34,17,17,1.000000
complete_bipartite,26,165,15,15,1.000000
complete_bipartite,19,60,15,15,1.000000
complete_bipartite,24,143,13,13,1.000000
complete_bipartite,8,16,4,4,1.000000
complete_bipartite,10,24,6,6,1.000000
complete_bipartite,20,75,15,15,1.000000
complete_bipartite,8,16,4,4,1.000000
complete_bipartite,24,135,15,15,1.000000
complete_bipartite,22,96,16,16,1.000000
complete_bipartite,20,75,15,15,1.000000
complete_bipartite,25,154,14,14,1.000000
complete_bipartite,19,60,15,15,1.000000
complete_bipartite,17,72,9,9,1.000000
complete_bipartite,32,240,20,20,1.000000
complete_bipartite,25,100,20,20,1.000000
complete_bipartite,7,10,5,5,1.000000
complete_bipartite,21,98,14,14,1.000000
complete_bipartite,22,117,13,13,1.000000
complete_bipartite,13,42,7,7,1.000000
complete_bipartite,30,216,18,18,1.000000
complete_bipartite,18,80,10,10,1.000000
complete_bipartite,15,36,12,12,1.000000
complete_bipartite,25,126,18,18,1.000000
complete_bipartite,30,209,19,19,1.000000
complete_bipartite,22,96,16,16,1.000000
complete_bipartite,32,240,20,20,1.000000
complete_bipartite,28,192,16,16,1.000000
complete_bipartite,28,171,19,19,1.000000
complete_bipartite,19,48,16,16,1.000000
complete_bipartite,27,180,15,15,1.000000
complete_bipartite,27,152,19,19,1.000000
complete_bipartite,21,54,18,18,1.000000
complete_bipartite,29,204,17,17,1.000000
complete_bipartite,24,128,16,16,1.000000
complete_bipartite,20,64,16,16,1.000000
complete_bipartite,21,110,11,11,1.000000
complete_bipartite,22,96,16,16,1.000000
complete_bipartite,17,42,14,14,1.000000
complete_bipartite,24,119,17,17,1.000000
complete_bipartite,6,8,4,4,1.000000
complete_bipartite,28,192,16,16,1.000000
complete_bipartite,27,140,20,20,1.000000
complete_bipartite,18,81,9,9,1.000000
complete_bipartite,13,22,11,11,1.000000
complete_bipartite,24,144,12,12,1.000000
complete_bipartite,21,54,18,18,1.000000
complete_bipartite,17,60,12,12,1.000000
complete_bipartite,23,126,14,14,1.000000
complete_bipartite,23,132,12,12,1.000000
complete_bipartite,11,24,8,8,1.000000
complete_bipartite,30,200,20,20,1.000000
complete_bipartite,27,152,19,19,1.000000
complete_bipartite,13,30,10,10,1.000000
complete_bipartite,22,57,19,19,1.000000
complete_bipartite,23,130,13,13,1.000000
complete_bipartite,27,176,16,16,1.000000
complete_bipartite,21,98,14,14,1.000000
complete_bipartite,6,8,4,4,1.000000
complete_bipartite,16,64,8,8,1.000000
complete_bipartite,19,48,16,16,1.000000
complete_bipartite,17,42,14,14,1.000000
complete_bipartite,26,165,15,15,1.000000
complete_bipartite,19,60,15,15,1.000000
complete_bipartite,20,75,15,15,1.000000
complete_bipartite,19,60,15,15,1.000000
complete_bipartite,24,95,19,19,1.000000
complete_bipartite,13,22,11,11,1.000000
complete_bipartite,8,16,4,4,1.000000
complete_bipartite,21,104,13,13,1.000000
complete_bipartite,31,220,20,20,1.000000
complete_bipartite,27,176,16,16,1.000000
complete_bipartite,28,192,16,16,1.000000
complete_bipartite,12,36,6,6,1.000000
complete_bipartite,20,100,10,10,1.000000
complete_bipartite,31,220,20,20,1.000000
complete_bipartite,22,105,15,15,1.000000
complete_bipartite,24,143,13,13,1.000000
complete_bipartite,32,240,20,20,1.000000
complete_bipartite,11,28,7,7,1.000000
complete_bipartite,29,204,17,17,1.000000
complete_bipartite,25,114,19,19,1.000000
complete_bipartite,28,187,17,17,1.000000
complete_bipartite,10,25,5,5,1.000000
complete_bipartite,23,130,13,13,1.000000
complete_bipartite,29,198,18,18,1.000000
complete_bipartite,20,99,11,11,1.000000
complete_bipartite,29,204,17,17,1.000000
complete_bipartite,23,60,20,20,1.000000
complete_bipartite,23,130,13,13,1.000000
complete_bipartite,20,75,15,15,1.000000
complete_bipartite,19,70,14,14,1.000000
complete_bipartite,23,132,12,12,1.000000
complete_bipartite,9,14,7,7,1.000000
complete_bipartite,19,88,11,11,1.000000
complete_bipartite,30,209,19,19,1.000000
complete_bipartite,20,96,12,12,1.000000
complete_bipartite,25,154,14,14,1.000000
complete_bipartite,18,77,11,11,1.000000
complete_bipartite,21,90,15,15,1.000000
complete_bipartite,29,198,18,18,1.000000
complete_bipartite,18,32,16,16,1.000000
complete_bipartite,27,140,20,20,1.000000
complete_bipartite,18,77,11,11,1.000000
complete_bipartite,17,70,10,10,1.000000
complete_bipartite,28,180,18,18,1.000000
complete_bipartite,12,32,8,8,1.000000
complete_bipartite,18,65,13,13,1.000000
complete_bipartite,22,40,20,20,1.000000
complete_bipartite,20,51,17,17,1.000000
complete_bipartite,20,36,18,18,1.000000
complete_bipartite,27,176,16,16,1.000000
complete_bipartite,22,117,13,13,1.000000
complete_bipartite,14,45,9,9,1.000000
complete_bipartite,23,120,15,15,1.000000
complete_bipartite,22,120,12,12,1.000000
complete_bipartite,22,120,12,12,1.000000
complete_bipartite,23,126,14,14,1.000000
complete_bipartite,30,209,19,19,1.000000
complete_bipartite,24,135,15,15,1.000000
complete_bipartite,20,100,10,10,1.000000
complete_bipartite,27,162,18,18,1.000000
complete_bipartite,21,110,11,11,1.000000
complete_bipartite,15,26,13,13,1.000000
complete_bipartite,13,30,10,10,1.000000
complete_bipartite,15,36,12,12,1.000000
complete_bipartite,25,136,17,17,1.000000
complete_bipartite,15,44,11,11,1.000000
complete_bipartite,22,85,17,17,1.000000
complete_bipartite,27,180,15,15,1.000000
complete_bipartite,17,66,11,11,1.000000
complete_bipartite,27,170,17,17,1.000000
complete_bipartite,15,44,11,11,1.000000
complete_bipartite,28,160,20,20,1.000000
complete_bipartite,22,85,17,17,1.000000
complete_bipartite,24,80,20,20,1.000000
complete_bipartite,25,126,18,18,1.000000
complete_bipartite,24,140,14,14,1.000000
complete_bipartite,32,240,20,20,1.000000
complete_bipartite,9,18,6,6,1.000000
complete_bipartite,28,192,16,16,1.000000
complete_bipartite,21,98,14,14,1.000000
complete_bipartite,22,105,15,15,1.000000
complete_bipartite,21,108,12,12,1.000000
complete_bipartite,26,160,16,16,1.000000
complete_bipartite,28,180,18,18,1.000000
complete_bipartite,15,26,13,13,1.000000
complete_bipartite,18,32,16,16,1.000000
complete_bipartite,17,66,11,11,1.000000
complete_bipartite,9,18,6,6,1.000000
complete_bipartite,16,63,9,9,1.000000
complete_bipartite,19,78,13,13,1.000000
complete_bipartite,22,57,19,19,1.000000
complete_bipartite,29,180,20,20,1.000000
complete_bipartite,6,9,3,3,1.000000
complete_bipartite,24,144,12,12,1.000000
complete_bipartite,10,16,8,8,1.000000
complete_bipartite,5,6,3,3,1.000000
complete_bipartite,20,75,15,15,1.000000
complete_bipartite,26,168,14,14,1.000000
complete_bipartite,31,228,19,19,1.000000
complete_bipartite,15,56,8,8,1.000000
complete_bipartite,28,171,19,19,1.000000
complete_bipartite,24,80,20,20,1.000000
complete_bipartite,19,88,11,11,1.000000
complete_bipartite,16,48,12,12,1.000000
complete_bipartite,26,165,15,15,1.000000
complete_bipartite,27,170,17,17,1.000000
complete_bipartite,23,130,13,13,1.000000
complete_bipartite,28,160,20,20,1.000000
complete_bipartite,5,6,3,3,1.000000
complete_bipartite,24,80,20,20,1.000000
complete_bipartite,23,102,17,17,1.000000
complete_bipartite,29,204,17,17,1.000000
complete_bipartite,29,204,17,17,1.000000
complete_bipartite,22,120,12,12,1.000000
complete_bipartite,21,110,11,11,1.000000
complete_bipartite,24,108,18,18,1.000000
complete_bipartite,26,144,18,18,1.000000
complete_bipartite,20,51,17,17,1.000000
complete_bipartite,23,76,19,19,1.000000
complete_bipartite,6,8,4,4,1.000000
complete_bipartite,29,190,19,19,1.000000
complete_bipartite,12,27,9,9,1.000000
complete_bipartite,28,180,18,18,1.000000
complete_bipartite,20,99,11,11,1.000000
complete_bipartite,21,54,18,18,1.000000
complete_bipartite,26,168,14,14,1.000000
complete_bipartite,32,240,20,20,1.000000
complete_bipartite,22,85,17,17,1.000000
complete_bipartite,17,30,15,15,1.000000
complete_bipartite,28,187,17,17,1.000000
complete_bipartite,24,128,16,16,1.000000
complete_bipartite,24,140,14,14,1.000000
complete_bipartite,20,84,14,14,1.000000
complete_bipartite,27,162,18,18,1.000000
complete_bipartite,21,90,15,15,1.000000
complete_bipartite,12,35,7,7,1.000000
complete_bipartite,21,108,12,12,1.000000
complete_bipartite,14,45,9,9,1.000000
complete_bipartite,8,16,4,4,1.000000
complete_bipartite,18,80,10,10,1.000000
complete_bipartite,23,102,17,17,1.000000
complete_bipartite,20,100,10,10,1.000000
complete_bipartite,20,99,11,11,1.000000
complete_bipartite,22,117,13,13,1.000000
complete_bipartite,20,75,15,15,1.000000
complete_bipartite,30,200,20,20,1.000000
complete_bipartite,20,91,13,13,1.000000
complete_bipartite,25,154,14,14,1.000000
complete_bipartite,24,80,20,20,1.000000
complete_bipartite,29,180,20,20,1.000000
complete_bipartite,23,102,17,17,1.000000
complete_bipartite,19,70,14,14,1.000000
complete_bipartite,9,20,5,5,1.000000
complete_bipartite,14,49,7,7,1.000000
complete_bipartite,17,52,13,13,1.000000
complete_bipartite,22,40,20,20,1.000000
complete_bipartite,15,26,13,13,1.000000
complete_bipartite,21,38,19,19,1.000000
complete_bipartite,27,180,15,15,1.000000
complete_bipartite,17,66,11,11,1.000000
complete_bipartite,10,16,8,8,1.000000
complete_bipartite,21,108,12,12,1.000000
complete_bipartite,14,49,7,7,1.000000
complete_bipartite,24,143,13,13,1.000000
complete_bipartite,30,216,18,18,1.000000
complete_bipartite,24,143,13,13,1.000000
complete_bipartite,25,126,18,18,1.000000
complete_bipartite,26,168,14,14,1.000000
complete_bipartite,17,72,9,9,1.000000
complete_bipartite,23,126,14,14,1.000000
complete_bipartite,17,42,14,14,1.000000
complete_bipartite,13,42,7,7,1.000000
complete_bipartite,28,180,18,18,1.000000
complete_bipartite,26,168,14,14,1.000000
complete_bipartite,24,80,20,20,1.000000
complete_bipartite,18,81,9,9,1.000000
complete_bipartite,8,12,6,6,1.000000
complete_bipartite,12,27,9,9,1.000000
complete_bipartite,28,160,20,20,1.000000
complete_bipartite,25,156,13,13,1.000000
complete_bipartite,15,50,10,10,1.000000
complete_bipartite,14,45,9,9,1.000000
complete_bipartite,24,95,19,19,1.000000
complete_bipartite,22,96,16,16,1.000000
complete_bipartite,28,192,16,16,1.000000
complete_bipartite,15,56,8,8,1.000000
complete_bipartite,12,32,8,8,1.000000
complete_bipartite,24,135,15,15,1.000000
complete_bipartite,24,144,12,12,1.000000
complete_bipartite,26,153,17,17,1.000000
complete_bipartite,22,112,14,14,1.000000
complete_bipartite,18,32,16,16,1.000000
complete_bipartite,20,96,12,12,1.000000
complete_bipartite,22,96,16,16,1.000000
complete_bipartite,26,168,14,14,1.000000
complete_bipartite,18,32,16,16,1.000000
complete_bipartite,19,34,17,17,1.000000
complete_bipartite,19,90,10,10,1.000000
complete_bipartite,21,80,16,16,1.000000
complete_bipartite,26,168,14,14,1.000000
complete_bipartite,17,60,12,12,1.000000
complete_bipartite,11,24,8,8,1.000000
complete_bipartite,29,190,19,19,1.000000
complete_bipartite,30,209,19,19,1.000000
complete_bipartite,15,56,8,8,1.000000
complete_bipartite,22,57,19,19,1.000000
complete_bipartite,27,152,19,19,1.000000
complete_bipartite,24,144,12,12,1.000000
complete_bipartite,18,77,11,11,1.000000
complete_bipartite,14,40,10,10,1.000000
complete_bipartite,9,18,6,6,1.000000
complete_bipartite,26,168,14,14,1.000000
complete_bipartite,18,80,10,10,1.000000
complete_bipartite,26,133,19,19,1.000000
complete_bipartite,22,117,13,13,1.000000
complete_bipartite,29,190,19,19,1.000000
complete_bipartite,18,72,12,12,1.000000
complete_bipartite,27,152,19,19,1.000000
complete_bipartite,22,117,13,13,1.000000
complete_bipartite,27,152,19,19,1.000000
complete_bipartite,19,84,12,12,1.000000
complete_bipartite,15,26,13,13,1.000000
complete_bipartite,23,126,14,14,1.000000
complete_bipartite,25,156,13,13,1.000000
complete_bipartite,26,165,15,15,1.000000
complete_bipartite,18,65,13,13,1.000000
complete_bipartite,18,56,14,14,1.000000
complete_bipartite,20,84,14,14,1.000000
complete_bipartite,18,56,14,14,1.000000
complete_bipartite,24,144,12,12,1.000000
complete_bipartite,25,150,15,15,1.000000
complete_bipartite,8,15,5,5,1.000000
complete_bipartite,18,77,11,11,1.000000
complete_bipartite,26,165,15,15,1.000000
complete_bipartite,29,180,20,20,1.000000
complete_bipartite,27,140,20,20,1.000000
complete_bipartite,13,22,11,11,1.000000
complete_bipartite,21,104,13,13,1.000000
complete_bipartite,18,65,13,13,1.000000
complete_bipartite,18,56,14,14,1.000000
complete_bipartite,22,96,16,16,1.000000
complete_bipartite,12,32,8,8,1.000000
complete_bipartite,28,180,18,18,1.000000
complete_bipartite,11,18,9,9,1.000000
complete_bipartite,21,68,17,17,1.000000
complete_bipartite,9,14,7,7,1.000000
complete_bipartite,29,198,18,18,1.000000
complete_bipartite,28,192,16,16,1.000000
complete_bipartite,20,100,10,10,1.000000
complete_bipartite,21,98,14,14,1.000000
complete_bipartite,28,187,17,17,1.000000
complete_bipartite,32,240,20,20,1.000000
complete_bipartite,28,171,19,19,1.000000
complete_bipartite,16,55,11,11,1.000000
complete_bipartite,16,63,9,9,1.000000
complete_bipartite,7,10,5,5,1.000000
complete_bipartite,28,180,18,18,1.000000
complete_bipartite,29,198,18,18,1.000000
complete_bipartite,17,72,9,9,1.000000
complete_bipartite,7,12,4,4,1.000000
complete_bipartite,31,228,19,19,1.000000
complete_bipartite,19,88,11,11,1.000000
complete_bipartite,9,14,7,7,1.000000
complete_bipartite,26,160,16,16,1.000000
complete_bipartite,27,152,19,19,1.000000
complete_bipartite,29,204,17,17,1.000000
complete_bipartite,21,80,16,16,1.000000
complete_bipartite,32,240,20,20,1.000000
complete_bipartite,23,60,20,20,1.000000
complete_bipartite,30,209,19,19,1.000000
complete_bipartite,27,140,20,20,1.000000
complete_bipartite,27,162,18,18,1.000000
complete_bipartite,20,51,17,17,1.000000
complete_bipartite,10,24,6,6,1.000000
complete_bipartite,20,84,14,14,1.000000
complete_bipartite,24,128,16,16,1.000000
complete_bipartite,22,120,12,12,1.000000
complete_bipartite,27,180,15,15,1.000000
complete_bipartite,25,150,15,15,1.000000
complete_bipartite,15,56,8,8,1.000000
complete_bipartite,29,204,17,17,1.000000
complete_bipartite,6,9,3,3,1.000000
complete_bipartite,27,180,15,15,1.000000
complete_bipartite,18,72,12,12,1.000000
complete_bipartite,23,120,15,15,1.000000
complete_bipartite,11,30,6,6,1.000000
complete_bipartite,28,180,18,18,1.000000
complete_bipartite,12,20,10,10,1.000000
complete_bipartite,30,200,20,20,1.000000
complete_bipartite,20,36,18,18,1.000000
complete_bipartite,11,24,8,8,1.000000
complete_bipartite,20,99,11,11,1.000000
complete_bipartite,29,180,20,20,1.000000
complete_bipartite,18,72,12,12,1.000000
complete_bipartite,5,6,3,3,1.000000
complete_bipartite,9,18,6,6,1.000000
complete_bipartite,17,42,14,14,1.000000
complete_bipartite,22,112,14,14,1.000000
complete_bipartite,13,40,8,8,1.000000
complete_bipartite,6,9,3,3,1.000000
complete_bipartite,24,140,14,14,1.000000
complete_bipartite,25,150,15,15,1.000000
complete_bipartite,21,98,14,14,1.000000
complete_bipartite,25,154,14,14,1.000000
complete_bipartite,25,154,14,14,1.000000
complete_bipartite,21,110,11,11,1.000000
complete_bipartite,16,48,12,12,1.000000
complete_bipartite,7,10,5,5,1.000000
complete_bipartite,19,78,13,13,1.000000
complete_bipartite,22,112,14,14,1.000000
complete_bipartite,28,187,17,17,1.000000
complete_bipartite,20,84,14,14,1.000000
complete_bipartite,18,72,12,12,1.000000
complete_bipartite,16,39,13,13,1.000000
complete_bipartite,23,132,12,12,1.000000
complete_bipartite,7,10,5,5,1.000000
complete_bipartite,17,66,11,11,1.000000
complete_bipartite,22,72,18,18,1.000000
complete_bipartite,25,156,13,13,1.000000
complete_bipartite,28,171,19,19,1.000000
complete_bipartite,10,25,5,5,1.000000
complete_bipartite,15,54,9,9,1.000000
complete_bipartite,25,156,13,13,1.000000
complete_bipartite,12,27,9,9,1.000000
complete_bipartite,27,170,17,17,1.000000
complete_bipartite,14,49,7,7,1.000000
complete_bipartite,25,154,14,14,1.000000
complete_bipartite,6,9,3,3,1.000000
complete_bipartite,27,152,19,19,1.000000
complete_bipartite,21,54,18,18,1.000000
complete_bipartite,20,75,15,15,1.000000
complete_bipartite,24,119,17,17,1.000000
complete_bipartite,31,220,20,20,1.000000
complete_bipartite,19,90,10,10,1.000000
complete_bipartite,25,144,16,16,1.000000
complete_bipartite,20,99,11,11,1.000000
complete_bipartite,19,48,16,16,1.000000
complete_bipartite,20,96,12,12,1.000000
complete_bipartite,6,8,4,4,1.000000
complete_bipartite,18,80,10,10,1.000000
complete_bipartite,23,112,16,16,1.000000
complete_bipartite,17,70,10,10,1.000000
complete_bipartite,17,66,11,11,1.000000
complete_bipartite,19,78,13,13,1.000000
complete_bipartite,29,198,18,18,1.000000
complete_bipartite,8,16,4,4,1.000000
complete_bipartite,29,190,19,19,1.000000
complete_bipartite,25,100,20,20,1.000000
complete_bipartite,18,56,14,14,1.000000
complete_bipartite,27,176,16,16,1.000000
complete_bipartite,17,72,9,9,1.000000
complete_bipartite,27,152,19,19,1.000000
complete_bipartite,29,190,19,19,1.000000
complete_bipartite,23,130,13,13,1.000000
complete_bipartite,28,171,19,19,1.000000
complete_bipartite,14,49,7,7,1.000000
complete_bipartite,15,36,12,12,1.000000
complete_bipartite,21,110,11,11,1.000000
complete_bipartite,24,144,12,12,1.000000
complete_bipartite,23,76,19,19,1.000000
complete_bipartite,11,18,9,9,1.000000
complete_bipartite,20,96,12,12,1.000000
complete_bipartite,21,104,13,13,1.000000
complete_bipartite,24,135,15,15,1.000000
complete_bipartite,7,12,4,4,1.000000
complete_bipartite,16,63,9,9,1.000000
complete_bipartite,20,99,11,11,1.000000
complete_bipartite,25,100,20,20,1.000000
complete_bipartite,18,77,11,11,1.000000
complete_bipartite,20,75,15,15,1.000000
complete_bipartite,19,78,13,13,1.000000
complete_bipartite,26,153,17,17,1.000000
complete_bipartite,24,144,12,12,1.000000
complete_bipartite,16,39,13,13,1.000000
complete_bipartite,21,68,17,17,1.000000
complete_bipartite,24,144,12,12,1.000000
complete_bipartite,22,117,13,13,1.000000
complete_bipartite,26,160,16,16,1.000000
complete_bipartite,31,220,20,20,1.000000
complete_bipartite,20,75,15,15,1.000000
complete_bipartite,28,180,18,18,1.000000
complete_bipartite,25,100,20,20,1.000000
complete_bipartite,24,140,14,14,1.000000
complete_bipartite,27,162,18,18,1.000000
complete_bipartite,18,45,15,15,1.000000
complete_bipartite,21,104,13,13,1.000000
complete_bipartite,23,132,12,12,1.000000
complete_bipartite,16,60,10,10,1.000000
complete_bipartite,17,66,11,11,1.000000
complete_bipartite,11,18,9,9,1.000000
complete_bipartite,14,40,10,10,1.000000
complete_bipartite,10,21,7,7,1.000000
complete_bipartite,22,96,16,16,1.000000
complete_bipartite,30,200,20,20,1.000000
complete_bipartite,23,132,12,12,1.000000
complete_bipartite,25,114,19,19,1.000000
complete_bipartite,23,76,19,19,1.000000
complete_bipartite,14,48,8,8,1.000000
complete_bipartite,29,204,17,17,1.000000
complete_bipartite,29,190,19,19,1.000000
complete_bipartite,17,42,14,14,1.000000
complete_bipartite,28,187,17,17,1.000000
complete_bipartite,18,77,11,11,1.000000
complete_bipartite,24,119,17,17,1.000000
complete_bipartite,22,120,12,12,1.000000
complete_bipartite,21,108,12,12,1.000000
complete_bipartite,29,180,20,20,1.000000
complete_bipartite,8,16,4,4,1.000000
complete_bipartite,13,42,7,7,1.000000
complete_bipartite,24,128,16,16,1.000000
complete_bipartite,25,154,14,14,1.000000
complete_bipartite,26,165,15,15,1.000000
complete_bipartite,16,48,12,12,1.000000
complete_bipartite,22,57,19,19,1.000000
complete_bipartite,14,49,7,7,1.000000
complete_bipartite,20,84,14,14,1.000000
complete_bipartite,22,121,11,11,1.000000
complete_bipartite,16,28,14,14,1.000000
complete_bipartite,16,28,14,14,1.000000
complete_bipartite,18,81,9,9,1.000000
complete_bipartite,27,170,17,17,1.000000
complete_bipartite,18,80,10,10,1.000000
complete_bipartite,12,36,6,6,1.000000
complete_bipartite,22,120,12,12,1.000000
complete_bipartite,23,130,13,13,1.000000
complete_bipartite,11,30,6,6,1.000000
complete_bipartite,22,40,20,20,1.000000
complete_bipartite,23,76,19,19,1.000000
complete_bipartite,17,60,12,12,1.000000
complete_bipartite,25,150,15,15,1.000000
complete_bipartite,13,36,9,9,1.000000
complete_bipartite,21,98,14,14,1.000000
complete_bipartite,8,12,6,6,1.000000
complete_bipartite,26,144,18,18,1.000000
complete_bipartite,20,99,11,11,1.000000
complete_bipartite,23,60,20,20,1.000000
complete_bipartite,19,60,15,15,1.000000
complete_bipartite,19,90,10,10,1.000000
complete_bipartite,21,98,14,14,1.000000
complete_bipartite,21,108,12,12,1.000000
complete_bipartite,21,54,18,18,1.000000
complete_bipartite,17,70,10,10,1.000000
complete_bipartite,19,88,11,11,1.000000
complete_bipartite,29,198,18,18,1.000000
complete_bipartite,26,160,16,16,1.000000
complete_bipartite,24,144,12,12,1.000000
complete_bipartite,22,85,17,17,1.000000
complete_bipartite,22,57,19,19,1.000000
complete_bipartite,15,54,9,9,1.000000
complete_bipartite,28,187,17,17,1.000000
complete_bipartite,22,120,12,12,1.000000
complete_bipartite,24,80,20,20,1.000000
complete_bipartite,27,180,15,15,1.000000
complete_bipartite,23,90,18,18,1.000000
complete_bipartite,23,132,12,12,1.000000
complete_bipartite,27,176,16,16,1.000000
complete_bipartite,19,90,10,10,1.000000
complete_bipartite,26,153,17,17,1.000000
complete_bipartite,10,25,5,5,1.000000
complete_bipartite,10,16,8,8,1.000000
complete_bipartite,15,26,13,13,1.000000
complete_bipartite,20,96,12,12,1.000000
complete_bipartite,13,42,7,7,1.000000
complete_bipartite,22,105,15,15,1.000000
complete_bipartite,28,187,17,17,1.000000
complete_bipartite,29,190,19,19,1.000000
complete_bipartite,31,228,19,19,1.000000
complete_bipartite,20,84,14,14,1.000000
complete_bipartite,22,72,18,18,1.000000
complete_bipartite,24,119,17,17,1.000000
complete_bipartite,23,130,13,13,1.000000
complete_bipartite,27,180,15,15,1.000000
complete_bipartite,23,60,20,20,1.000000
complete_bipartite,27,180,15,15,1.000000
complete_bipartite,24,144,12,12,1.000000
complete_bipartite,10,24,6,6,1.000000
complete_bipartite,25,126,18,18,1.000000
complete_bipartite,21,108,12,12,1.000000
complete_bipartite,26,168,14,14,1.000000
complete_bipartite,21,38,19,19,1.000000
complete_bipartite,23,90,18,18,1.000000
complete_bipartite,18,45,15,15,1.000000
complete_bipartite,12,32,8,8,1.000000
complete_bipartite,27,170,17,17,1.000000
complete_bipartite,26,165,15,15,1.000000
complete_bipartite,21,108,12,12,1.000000
complete_bipartite,8,15,5,5,1.000000
complete_bipartite,22,40,20,20,1.000000
complete_bipartite,22,120,12,12,1.000000
complete_bipartite,13,22,11,11,1.000000
complete_bipartite,21,110,11,11,1.000000
complete_bipartite,17,72,9,9,1.000000
complete_bipartite,12,27,9,9,1.000000
complete_bipartite,23,90,18,18,1.000000
complete_bipartite,19,60,15,15,1.000000
complete_bipartite,28,171,19,19,1.000000
complete_bipartite,7,10,5,5,1.000000
complete_bipartite,22,105,15,15,1.000000
complete_bipartite,28,187,17,17,1.000000
complete_bipartite,19,90,10,10,1.000000
complete_bipartite,28,187,17,17,1.000000
complete_bipartite,16,63,9,9,1.000000
complete_bipartite,30,216,18,18,1.000000
complete_bipartite,27,180,15,15,1.000000
complete_bipartite,9,14,7,7,1.000000
complete_bipartite,30,216,18,18,1.000000
complete_bipartite,25,136,17,17,1.000000
complete_bipartite,20,100,10,10,1.000000
complete_bipartite,14,45,9,9,1.000000
complete_bipartite,31,228,19,19,1.000000
complete_bipartite,23,90,18,18,1.000000
complete_bipartite,22,112,14,14,1.000000
complete_bipartite,8,16,4,4,1.000000
complete_bipartite,23,132,12,12,1.000000
complete_bipartite,24,95,19,19,1.000000
complete_bipartite,13,42,7,7,1.000000
complete_bipartite,14,40,10,10,1.000000
complete_bipartite,23,132,12,12,1.000000
complete_bipartite,31,228,19,19,1.000000
complete_bipartite,24,119,17,17,1.000000
complete_bipartite,23,120,15,15,1.000000
complete_bipartite,20,75,15,15,1.000000
complete_bipartite,21,38,19,19,1.000000
complete_bipartite,12,32,8,8,1.000000
complete_bipartite,12,20,10,10,1.000000
complete_bipartite,28,171,19,19,1.000000
complete_bipartite,27,180,15,15,1.000000
complete_bipartite,7,10,5,5,1.000000
complete_bipartite,24,143,13,13,1.000000
complete_bipartite,21,90,15,15,1.000000
complete_bipartite,24,144,12,12,1.000000
complete_bipartite,22,117,13,13,1.000000
complete_bipartite,28,180,18,18,1.000000
complete_bipartite,16,48,12,12,1.000000
complete_bipartite,23,60,20,20,1.000000
complete_bipartite,16,55,11,11,1.000000
complete_bipartite,20,91,13,13,1.000000
complete_bipartite,20,99,11,11,1.000000
complete_bipartite,19,34,17,17,1.000000
complete_bipartite,25,156,13,13,1.000000
complete_bipartite,24,144,12,12,1.000000
complete_bipartite,14,33,11,11,1.000000
complete_bipartite,21,108,12,12,1.000000
complete_bipartite,23,102,17,17,1.000000
complete_bipartite,22,72,18,18,1.000000
complete_bipartite,13,36,9,9,1.000000
complete_bipartite,20,36,18,18,1.000000
complete_bipartite,27,176,16,16,1.000000
complete_bipartite,30,200,20,20,1.000000
complete_bipartite,4,4,2,2,1.000000
complete_bipartite,25,156,13,13,1.000000
complete_bipartite,26,133,19,19,1.000000
complete_bipartite,20,51,17,17,1.000000
complete_bipartite,22,96,16,16,1.000000
complete_bipartite,29,190,19,19,1.000000
complete_bipartite,26,160,16,16,1.000000
complete_bipartite,12,32,8,8,1.000000
complete_bipartite,17,30,15,15,1.000000
complete_bipartite,26,160,16,16,1.000000
complete_bipartite,21,108,12,12,1.000000
complete_bipartite,20,96,12,12,1.000000
complete_bipartite,18,65,13,13,1.000000
complete_bipartite,17,42,14,14,1.000000
complete_bipartite,15,44,11,11,1.000000
complete_bipartite,23,112,16,16,1.000000
complete_bipartite,22,120,12,12,1.000000
complete_bipartite,24,144,12,12,1.000000
complete_bipartite,9,20,5,5,1.000000
complete_bipartite,18,45,15,15,1.000000
complete_bipartite,21,104,13,13,1.000000
complete_bipartite,17,42,14,14,1.000000
complete_bipartite,20,51,17,17,1.000000
complete_bipartite,19,78,13,13,1.000000
complete_bipartite,20,99,11,11,1.000000
complete_bipartite,19,70,14,14,1.000000
complete_bipartite,23,90,18,18,1.000000
complete_bipartite,26,144,18,18,1.000000
complete_bipartite,20,96,12,12,1.000000
complete_bipartite,27,162,18,18,1.000000
complete_bipartite,30,200,20,20,1.000000
complete_bipartite,28,192,16,16,1.000000
complete_bipartite,30,216,18,18,1.000000
complete_bipartite,26,133,19,19,1.000000
complete_bipartite,24,144,12,12,1.000000
complete_bipartite,17,60,12,12,1.000000
complete_bipartite,14,49,7,7,1.000000
complete_bipartite,18,72,12,12,1.000000
complete_bipartite,20,100,10,10,1.000000
complete_bipartite,16,39,13,13,1.000000
complete_bipartite,22,72,18,18,1.000000
complete_bipartite,21,104,13,13,1.000000
complete_bipartite,16,28,14,14,1.000000
complete_bipartite,11,18,9,9,1.000000
complete_bipartite,18,32,16,16,1.000000
complete_bipartite,25,126,18,18,1.000000
complete_bipartite,25,150,15,15,1.000000
complete_bipartite,25,136,17,17,1.000000
complete_bipartite,27,180,15,15,1.000000
complete_bipartite,28,187,17,17,1.000000
complete_bipartite,14,45,9,9,1.000000
complete_bipartite,11,28,7,7,1.000000
complete_bipartite,26,165,15,15,1.000000
complete_bipartite,29,204,17,17,1.000000
complete_bipartite,24,135,15,15,1.000000
complete_bipartite,18,65,13,13,1.000000
complete_bipartite,17,60,12,12,1.000000
complete_bipartite,31,220,20,20,1.000000
complete_bipartite,19,90,10,10,1.000000
complete_bipartite,15,44,11,11,1.000000
complete_bipartite,19,88,11,11,1.000000
amplified,60,114,24,24,1.000000
amplified,50,500,20,20,1.000000
amplified,60,450,25,25,1.000000
amplified,60,450,25,25,1.000000
amplified,60,900,20,20,1.000000
amplified,24,92,10,10,1.000000
amplified,84,161,35,35,1.000000
amplified,45,75,20,20,1.000000
amplified,72,648,30,30,1.000000
amplified,20,40,8,8,1.000000
amplified,40,76,16,16,1.000000
amplified,77,154,22,28,1.272727
amplified,60,150,20,20,1.000000
amplified,84,210,23,28,1.217391
amplified,96,144,37,40,1.081081
amplified,48,288,20,20,1.000000
amplified,24,120,8,8,1.000000
amplified,84,126,35,35,1.000000
amplified,72,120,32,32,1.000000
amplified,50,500,20,20,1.000000
amplified,50,375,20,20,1.000000
amplified,24,120,6,8,1.333333
amplified,60,750,15,20,1.333333
amplified,72,1080,18,24,1.333333
amplified,20,80,8,8,1.000000
amplified,72,180,18,24,1.333333
amplified,72,1260,24,24,1.000000
amplified,24,72,10,10,1.000000
amplified,40,304,16,16,1.000000
amplified,72,1296,24,24,1.000000
amplified,60,750,20,20,1.000000
amplified,40,76,16,16,1.000000
amplified,40,80,16,16,1.000000
amplified,18,60,8,8,1.000000
amplified,24,70,7,8,1.142857
amplified,27,45,12,12,1.000000
amplified,63,105,28,28,1.000000
amplified,36,162,15,15,1.000000
amplified,66,792,18,24,1.333333
amplified,70,140,28,28,1.000000
amplified,60,450,25,25,1.000000
amplified,36,270,12,12,1.000000
amplified,30,60,12,12,1.000000
amplified,20,80,8,8,1.000000
amplified,36,105,10,12,1.200000
amplified,48,480,16,16,1.000000
amplified,48,120,16,16,1.000000
amplified,96,280,28,32,1.142857
amplified,20,30,8,8,1.000000
amplified,66,792,24,24,1.000000
amplified,55,110,16,20,1.250000
amplified,72,1080,18,24,1.333333
amplified,36,162,12,15,1.250000
amplified,60,150,18,20,1.111111
amplified,96,144,40,40,1.000000
amplified,36,270,12,12,1.000000
amplified,84,210,21,28,1.333333
amplified,48,288,20,20,1.000000
amplified,60,120,21,24,1.142857
amplified,84,210,27,28,1.037037
amplified,60,750,20,20,1.000000
amplified,72,648,30,30,1.000000
amplified,30,45,12,12,1.000000
amplified,36,162,12,15,1.250000
amplified,36,162,12,15,1.250000
amplified,60,450,25,25,1.000000
amplified,50,75,16,20,1.250000
amplified,84,210,23,28,1.217391
amplified,48,120,16,16,1.000000
amplified,72,648,30,30,1.000000
amplified,36,90,10,12,1.200000
amplified,50,375,20,20,1.000000
amplified,30,180,12,12,1.000000
amplified,48,144,14,16,1.142857
amplified,88,176,28,32,1.142857
amplified,36,207,15,15,1.000000
amplified,60,750,15,20,1.333333
amplified,48,288,20,20,1.000000
amplified,40,80,14,16,1.142857
amplified,48,288,16,20,1.250000
amplified,96,240,26,32,1.230769
amplified,50,75,20,20,1.000000
amplified,72,120,32,32,1.000000
amplified,24,60,6,8,1.333333
amplified,72,648,30,30,1.000000
amplified,45,375,20,20,1.000000
amplified,30,180,12,12,1.000000
amplified,72,648,30,30,1.000000
amplified,80,120,26,32,1.230769
amplified,96,280,28,32,1.142857
amplified,70,105,28,28,1.000000
amplified,50,95,20,20,1.000000
amplified,72,108,24,30,1.250000
amplified,72,648,30,30,1.000000
amplified,60,875,20,20,1.000000
amplified,24,36,8,10,1.250000
amplified,60,450,25,25,1.000000
amplified,84,126,31,35,1.129032
amplified,48,288,16,20,1.250000
amplified,20,60,8,8,1.000000
amplified,24,120,8,8,1.000000
amplified,84,126,31,35,1.129032
amplified,72,1080,24,24,1.000000
amplified,72,828,30,30,1.000000
amplified,60,150,16,20,1.250000
amplified,24,72,8,10,1.250000
amplified,70,140,23,28,1.217391
amplified,84,210,27,28,1.037037
amplified,36,315,12,12,1.000000
amplified,22,88,8,8,1.000000
amplified,20,38,8,8,1.000000
amplified,20,80,8,8,1.000000
amplified,24,72,8,8,1.000000
amplified,30,171,12,12,1.000000
amplified,24,92,10,10,1.000000
amplified,24,72,10,10,1.000000
amplified,60,720,24,24,1.000000
amplified,22,44,8,8,1.000000
amplified,40,80,14,16,1.142857
amplified,72,216,22,24,1.090909
amplified,48,120,16,16,1.000000
amplified,50,475,20,20,1.000000
amplified,36,270,12,12,1.000000
amplified,84,126,35,35,1.000000
amplified,36,90,10,12,1.200000
amplified,66,132,22,24,1.090909
amplified,22,88,8,8,1.000000
amplified,30,180,12,12,1.000000
amplified,24,120,8,8,1.000000
amplified,36,270,9,12,1.333333
amplified,30,135,12,12,1.000000
amplified,44,88,13,16,1.230769
amplified,44,352,16,16,1.000000
amplified,60,90,19,24,1.263158
amplified,44,88,13,16,1.230769
amplified,50,375,20,20,1.000000
amplified,55,110,16,20,1.250000
amplified,72,1080,24,24,1.000000
amplified,24,60,8,8,1.000000
amplified,24,36,10,10,1.000000
amplified,96,144,33,40,1.212121
amplified,24,144,8,8,1.000000
amplified,72,1080,24,24,1.000000
amplified,60,750,15,20,1.333333
amplified,48,480,12,16,1.333333
amplified,36,54,12,15,1.250000
amplified,72,180,20,24,1.200000
amplified,20,80,8,8,1.000000
amplified,22,88,8,8,1.000000
amplified,36,90,10,12,1.200000
amplified,40,80,16,16,1.000000
amplified,44,88,13,16,1.230769
amplified,24,144,8,8,1.000000
amplified,96,144,40,40,1.000000
amplified,72,1080,18,24,1.333333
amplified,48,288,20,20,1.000000
amplified,45,375,20,20,1.000000
amplified,72,648,30,30,1.000000
amplified,24,72,8,10,1.250000
amplified,60,120,21,24,1.142857
amplified,72,648,30,30,1.000000
amplified,48,72,17,20,1.176471
amplified,60,450,20,25,1.250000
amplified,50,375,20,20,1.000000
amplified,22,88,6,8,1.333333
amplified,55,550,15,20,1.333333
amplified,30,135,12,12,1.000000
amplified,77,154,22,28,1.272727
amplified,30,180,12,12,1.000000
amplified,48,120,15,16,1.066667
amplified,24,36,8,10,1.250000
amplified,36,270,9,12,1.333333
amplified,48,288,20,20,1.000000
amplified,72,108,25,30,1.200000
amplified,48,480,12,16,1.333333
amplified,24,72,8,10,1.250000
amplified,40,320,16,16,1.000000
amplified,36,162,15,15,1.000000
amplified,72,108,24,30,1.250000
amplified,24,60,8,8,1.000000
amplified,60,450,25,25,1.000000
amplified,36,162,15,15,1.000000
amplified,60,750,20,20,1.000000
amplified,72,1296,24,24,1.000000
amplified,48,288,20,20,1.000000
amplified,22,44,7,8,1.142857
amplified,60,90,23,25,1.086957
amplified,72,648,30,30,1.000000
amplified,33,198,9,12,1.333333
amplified,44,88,14,16,1.142857
amplified,80,160,32,32,1.000000
amplified,72,648,30,30,1.000000
amplified,72,648,30,30,1.000000
amplified,30,180,12,12,1.000000
amplified,60,720,24,24,1.000000
amplified,66,132,22,24,1.090909
amplified,36,54,14,15,1.071429
amplified,84,210,23,28,1.217391
amplified,20,80,8,8,1.000000
amplified,40,320,16,16,1.000000
amplified,40,320,16,16,1.000000
amplified,70,140,28,28,1.000000
amplified,40,80,16,16,1.000000
amplified,70,105,28,28,1.000000
amplified,55,110,18,20,1.111111
amplified,40,80,14,16,1.142857
amplified,20,80,8,8,1.000000
amplified,60,450,25,25,1.000000
amplified,60,90,24,24,1.000000
amplified,36,270,9,12,1.333333
amplified,60,180,18,20,1.111111
amplified,48,120,16,16,1.000000
amplified,60,90,19,24,1.263158
amplified,60,90,20,25,1.250000
amplified,72,1260,24,24,1.000000
amplified,48,288,16,20,1.250000
amplified,22,88,6,8,1.333333
amplified,72,216,22,24,1.090909
amplified,60,900,20,20,1.000000
amplified,30,135,12,12,1.000000
amplified,96,240,26,32,1.230769
amplified,60,575,25,25,1.000000
amplified,48,576,16,16,1.000000
amplified,40,304,16,16,1.000000
amplified,20,40,7,8,1.142857
amplified,72,648,30,30,1.000000
amplified,36,315,12,12,1.000000
amplified,24,70,7,8,1.142857
amplified,24,60,6,8,1.333333
amplified,50,475,20,20,1.000000
amplified,24,46,10,10,1.000000
amplified,20,80,8,8,1.000000
amplified,20,80,8,8,1.000000
amplified,36,162,15,15,1.000000
amplified,24,36,9,10,1.111111
amplified,80,152,32,32,1.000000
amplified,22,88,6,8,1.333333
amplified,72,180,24,24,1.000000
amplified,72,648,30,30,1.000000
amplified,44,352,16,16,1.000000
amplified,84,126,29,35,1.206897
amplified,70,140,23,28,1.217391
amplified,70,133,28,28,1.000000
amplified,60,720,24,24,1.000000
amplified,48,288,20,20,1.000000
amplified,48,480,16,16,1.000000
amplified,48,120,16,16,1.000000
amplified,24,36,8,10,1.250000
amplified,84,252,25,28,1.120000
amplified,84,252,25,28,1.120000
amplified,60,450,20,25,1.250000
amplified,36,90,11,12,1.090909
amplified,36,54,15,15,1.000000
amplified,20,40,8,8,1.000000
amplified,40,80,16,16,1.000000
amplified,84,126,30,35,1.166667
amplified,24,120,8,8,1.000000
amplified,33,198,9,12,1.333333
amplified,80,160,26,32,1.230769
amplified,72,108,30,30,1.000000
amplified,72,648,30,30,1.000000
amplified,36,162,12,15,1.250000
amplified,54,90,24,24,1.000000
amplified,66,132,19,24,1.263158
amplified,72,180,24,24,1.000000
amplified,48,480,12,16,1.333333
amplified,96,240,26,32,1.230769
amplified,60,90,24,24,1.000000
amplified,18,30,8,8,1.000000
amplified,33,66,10,12,1.200000
amplified,72,108,28,30,1.071429
amplified,96,144,33,40,1.212121
amplified,36,270,12,12,1.000000
amplified,80,120,32,32,1.000000
amplified,72,648,30,30,1.000000
amplified,96,280,28,32,1.142857
amplified,36,108,11,12,1.090909
amplified,36,270,9,12,1.333333
amplified,66,132,22,24,1.090909
amplified,24,72,8,10,1.250000
amplified,40,60,16,16,1.000000
amplified,24,36,9,10,1.111111
amplified,36,60,16,16,1.000000
amplified,36,54,12,15,1.250000
amplified,60,450,25,25,1.000000
amplified,48,560,16,16,1.000000
amplified,36,90,12,12,1.000000
amplified,24,36,9,10,1.111111
amplified,36,90,9,12,1.333333
amplified,72,108,25,30,1.200000
amplified,48,288,20,20,1.000000
amplified,30,45,10,12,1.200000
amplified,60,150,18,20,1.111111
amplified,72,648,30,30,1.000000
amplified,48,480,16,16,1.000000
amplified,24,46,10,10,1.000000
amplified,44,352,12,16,1.333333
amplified,33,198,9,12,1.333333
amplified,72,1260,24,24,1.000000
amplified,70,133,28,28,1.000000
amplified,44,88,13,16,1.230769
amplified,60,750,20,20,1.000000
amplified,33,198,9,12,1.333333
amplified,36,90,11,12,1.090909
amplified,40,80,16,16,1.000000
amplified,24,60,8,8,1.000000
amplified,24,36,9,10,1.111111
amplified,30,45,10,12,1.200000
amplified,48,288,20,20,1.000000
amplified,27,135,12,12,1.000000
amplified,48,288,20,20,1.000000
amplified,96,288,29,32,1.103448
amplified,24,144,8,8,1.000000
amplified,24,72,10,10,1.000000
amplified,30,135,12,12,1.000000
amplified,50,500,20,20,1.000000
amplified,72,108,28,30,1.071429
amplified,33,198,9,12,1.333333
amplified,60,90,25,25,1.000000
amplified,36,162,12,15,1.250000
amplified,36,90,10,12,1.200000
amplified,60,150,15,20,1.333333
amplified,66,792,18,24,1.333333
amplified,48,140,16,16,1.000000
amplified,72,108,30,30,1.000000
amplified,30,135,12,12,1.000000
amplified,96,288,29,32,1.103448
amplified,72,180,20,24,1.200000
amplified,60,150,18,20,1.111111
amplified,60,540,24,24,1.000000
amplified,24,72,10,10,1.000000
amplified,60,450,25,25,1.000000
amplified,60,450,25,25,1.000000
amplified,33,66,11,12,1.090909
amplified,72,1080,18,24,1.333333
amplified,24,72,8,10,1.250000
amplified,36,54,15,15,1.000000
amplified,60,90,24,24,1.000000
amplified,72,108,25,30,1.200000
amplified,50,475,20,20,1.000000
amplified,48,480,16,16,1.000000
amplified,40,60,13,16,1.230769
amplified,36,270,12,12,1.000000
amplified,40,76,16,16,1.000000
amplified,22,88,8,8,1.000000
amplified,40,240,16,16,1.000000
amplified,84,126,31,35,1.129032
amplified,60,540,24,24,1.000000
amplified,36,54,15,15,1.000000
amplified,48,480,16,16,1.000000
amplified,48,72,17,20,1.176471
amplified,36,162,15,15,1.000000
amplified,48,144,14,16,1.142857
amplified,72,1080,18,24,1.333333
amplified,72,180,23,24,1.043478
amplified,48,288,20,20,1.000000
amplified,50,100,17,20,1.176471
amplified,72,108,25,30,1.200000
amplified,96,240,32,32,1.000000
amplified,48,368,20,20,1.000000
amplified,84,126,35,35,1.000000
amplified,36,105,10,12,1.200000
amplified,60,180,18,20,1.111111
amplified,72,648,30,30,1.000000
amplified,72,648,30,30,1.000000
amplified,20,38,8,8,1.000000
amplified,36,90,11,12,1.090909
amplified,72,648,30,30,1.000000
amplified,24,60,6,8,1.333333
amplified,88,176,25,32,1.280000
amplified,48,288,20,20,1.000000
amplified,60,450,25,25,1.000000
amplified,72,1260,24,24,1.000000
amplified,24,120,6,8,1.333333
amplified,36,270,9,12,1.333333
amplified,36,162,15,15,1.000000
amplified,20,80,8,8,1.000000
amplified,72,648,30,30,1.000000
amplified,20,80,8,8,1.000000
amplified,66,132,22,24,1.090909
amplified,60,720,24,24,1.000000
amplified,24,36,8,10,1.250000
amplified,72,1080,18,24,1.333333
amplified,50,500,20,20,1.000000
amplified,36,162,12,15,1.250000
amplified,72,108,25,30,1.200000
amplified,72,108,25,30,1.200000
amplified,24,144,8,8,1.000000
amplified,33,66,10,12,1.200000
amplified,72,108,30,30,1.000000
amplified,24,72,10,10,1.000000
amplified,24,120,8,8,1.000000
amplified,36,54,15,15,1.000000
amplified,72,1080,18,24,1.333333
amplified,77,154,22,28,1.272727
amplified,63,105,28,28,1.000000
amplified,44,88,13,16,1.230769
amplified,60,450,25,25,1.000000
amplified,48,288,20,20,1.000000
amplified,84,126,31,35,1.129032
amplified,48,480,16,16,1.000000
amplified,84,126,35,35,1.000000
amplified,84,126,29,35,1.206897
amplified,70,133,28,28,1.000000
amplified,60,720,24,24,1.000000
amplified,72,1080,18,24,1.333333
amplified,72,1080,18,24,1.333333
amplified,27,45,12,12,1.000000
amplified,45,75,20,20,1.000000
amplified,60,684,24,24,1.000000
amplified,60,90,19,24,1.263158
amplified,88,176,25,32,1.280000
amplified,60,750,15,20,1.333333
amplified,72,648,30,30,1.000000
amplified,60,720,24,24,1.000000
amplified,40,60,16,16,1.000000
amplified,77,154,25,28,1.120000
amplified,30,180,12,12,1.000000
amplified,48,288,20,20,1.000000
amplified,84,126,32,35,1.093750
amplified,48,140,16,16,1.000000
amplified,40,80,14,16,1.142857
amplified,40,240,16,16,1.000000
amplified,36,162,12,15,1.250000
amplified,45,375,20,20,1.000000
amplified,24,36,8,10,1.250000
amplified,72,828,30,30,1.000000
amplified,72,648,30,30,1.000000
amplified,60,150,18,20,1.111111
amplified,48,288,16,20,1.250000
amplified,60,114,24,24,1.000000
amplified,45,75,20,20,1.000000
amplified,36,207,15,15,1.000000
amplified,24,60,8,8,1.000000
amplified,84,245,24,28,1.166667
amplified,72,138,30,30,1.000000
amplified,72,180,20,24,1.200000
amplified,48,576,16,16,1.000000
amplified,36,108,11,12,1.090909
amplified,36,324,12,12,1.000000
amplified,36,270,12,12,1.000000
amplified,24,36,9,10,1.111111
amplified,36,162,15,15,1.000000
amplified,60,90,23,25,1.086957
amplified,48,120,16,16,1.000000
amplified,40,240,16,16,1.000000
amplified,60,150,18,20,1.111111
amplified,24,92,10,10,1.000000
amplified,77,154,23,28,1.217391
amplified,72,648,30,30,1.000000
amplified,60,540,24,24,1.000000
amplified,24,120,8,8,1.000000
amplified,72,108,30,30,1.000000
amplified,72,648,30,30,1.000000
amplified,36,90,12,12,1.000000
amplified,72,648,30,30,1.000000
amplified,50,500,20,20,1.000000
amplified,72,180,18,24,1.333333
amplified,60,90,23,25,1.086957
amplified,96,144,33,40,1.212121
amplified,36,270,12,12,1.000000
amplified,84,126,29,35,1.206897
amplified,44,88,13,16,1.230769
amplified,36,162,15,15,1.000000
amplified,36,270,9,12,1.333333
amplified,60,150,18,20,1.111111
amplified,70,133,28,28,1.000000
amplified,55,110,18,20,1.111111
amplified,60,450,25,25,1.000000
amplified,72,648,30,30,1.000000
amplified,48,576,16,16,1.000000
amplified,96,240,31,32,1.032258
amplified,77,154,25,28,1.120000
amplified,50,500,20,20,1.000000
amplified,24,60,6,8,1.333333
amplified,60,750,15,20,1.333333
amplified,30,180,12,12,1.000000
amplified,20,60,8,8,1.000000
amplified,36,54,15,15,1.000000
amplified,36,69,15,15,1.000000
amplified,36,54,13,15,1.153846
amplified,36,54,13,15,1.153846
amplified,60,90,25,25,1.000000
amplified,24,120,8,8,1.000000
amplified,50,100,17,20,1.176471
amplified,60,150,20,20,1.000000
amplified,50,100,17,20,1.176471
amplified,45,375,20,20,1.000000
amplified,60,450,25,25,1.000000
amplified,24,120,6,8,1.333333
amplified,60,450,25,25,1.000000
amplified,36,315,12,12,1.000000
amplified,66,792,18,24,1.333333
amplified,96,280,28,32,1.142857
amplified,36,270,9,12,1.333333
amplified,66,132,22,24,1.090909
amplified,66,792,24,24,1.000000
amplified,24,72,10,10,1.000000
amplified,60,450,20,25,1.250000
amplified,40,60,16,16,1.000000
amplified,72,1080,24,24,1.000000
amplified,96,288,29,32,1.103448
amplified,72,216,22,24,1.090909
amplified,72,648,30,30,1.000000
amplified,77,154,23,28,1.217391
amplified,36,105,10,12,1.200000
amplified,60,450,25,25,1.000000
amplified,24,70,7,8,1.142857
amplified,80,160,32,32,1.000000
amplified,24,72,10,10,1.000000
amplified,72,180,24,24,1.000000
amplified,33,198,9,12,1.333333
amplified,66,792,18,24,1.333333
amplified,24,120,6,8,1.333333
amplified,40,76,16,16,1.000000
amplified,72,1080,18,24,1.333333
amplified,72,120,32,32,1.000000
amplified,72,138,30,30,1.000000
amplified,72,120,32,32,1.000000
amplified,72,648,30,30,1.000000
amplified,72,648,30,30,1.000000
amplified,36,324,12,12,1.000000
amplified,55,110,18,20,1.111111
amplified,72,216,22,24,1.090909
amplified,24,36,8,10,1.250000
amplified,24,144,8,8,1.000000
amplified,40,320,16,16,1.000000
amplified,36,315,12,12,1.000000
amplified,60,720,24,24,1.000000
amplified,24,120,8,8,1.000000
amplified,50,475,20,20,1.000000
amplified,30,57,12,12,1.000000
amplified,36,315,12,12,1.000000
amplified,24,36,8,10,1.250000
amplified,72,138,30,30,1.000000
amplified,36,270,12,12,1.000000
amplified,50,95,20,20,1.000000
amplified,24,60,8,8,1.000000
amplified,72,648,30,30,1.000000
amplified,50,375,20,20,1.000000
amplified,36,54,12,15,1.250000
amplified,55,550,20,20,1.000000
amplified,72,648,30,30,1.000000
amplified,84,210,27,28,1.037037
amplified,60,684,24,24,1.000000
amplified,20,60,8,8,1.000000
amplified,60,90,19,24,1.263158
amplified,72,108,28,30,1.071429
amplified,36,162,12,15,1.250000
amplified,40,76,16,16,1.000000
amplified,30,57,12,12,1.000000
amplified,24,60,6,8,1.333333
amplified,60,114,24,24,1.000000
amplified,30,60,11,12,1.090909
amplified,48,368,20,20,1.000000
amplified,96,144,34,40,1.176471
amplified,45,75,20,20,1.000000
amplified,66,792,18,24,1.333333
amplified,22,44,7,8,1.142857
amplified,60,150,15,20,1.333333
amplified,20,30,8,8,1.000000
amplified,20,76,8,8,1.000000
amplified,48,72,19,20,1.052632
amplified,72,1080,18,24,1.333333
amplified,24,60,6,8,1.333333
amplified,30,60,12,12,1.000000
amplified,36,315,12,12,1.000000
amplified,24,140,8,8,1.000000
amplified,44,88,13,16,1.230769
amplified,22,44,8,8,1.000000
amplified,36,54,15,15,1.000000
amplified,36,54,15,15,1.000000
amplified,50,500,20,20,1.000000
amplified,24,36,10,10,1.000000
amplified,84,126,35,35,1.000000
amplified,50,375,20,20,1.000000
amplified,60,900,20,20,1.000000
amplified,60,720,24,24,1.000000
amplified,36,270,9,12,1.333333
amplified,60,90,19,24,1.263158
amplified,80,120,32,32,1.000000
amplified,72,1260,24,24,1.000000
amplified,30,60,11,12,1.090909
amplified,60,450,20,25,1.250000
amplified,24,60,8,8,1.000000
amplified,36,270,12,12,1.000000
amplified,24,36,8,10,1.250000
amplified,80,120,32,32,1.000000
amplified,48,288,16,20,1.250000
amplified,30,180,12,12,1.000000
amplified,60,720,24,24,1.000000
amplified,24,120,6,8,1.333333
amplified,55,550,15,20,1.333333
amplified,48,288,20,20,1.000000
amplified,66,792,24,24,1.000000
amplified,66,792,18,24,1.333333
amplified,96,184,40,40,1.000000
amplified,36,90,10,12,1.200000
amplified,36,270,9,12,1.333333
amplified,24,46,10,10,1.000000
amplified,60,150,20,20,1.000000
amplified,70,105,22,28,1.272727
amplified,66,792,18,24,1.333333
amplified,50,95,20,20,1.000000
amplified,88,176,28,32,1.142857
amplified,96,144,34,40,1.176471
amplified,36,90,12,12,1.000000
amplified,96,144,37,40,1.081081
amplified,36,162,12,15,1.250000
amplified,30,135,12,12,1.000000
amplified,48,480,12,16,1.333333
amplified,33,198,9,12,1.333333
amplified,44,88,14,16,1.142857
amplified,44,352,16,16,1.000000
amplified,33,198,9,12,1.333333
amplified,72,648,30,30,1.000000
amplified,33,66,11,12,1.090909
amplified,24,60,8,8,1.000000
amplified,48,72,17,20,1.176471
amplified,60,450,20,25,1.250000
amplified,24,72,8,10,1.250000
amplified,40,80,16,16,1.000000
amplified,24,120,8,8,1.000000
amplified,40,240,16,16,1.000000
amplified,72,108,30,30,1.000000
amplified,96,144,40,40,1.000000
amplified,48,144,14,16,1.142857
amplified,44,352,12,16,1.333333
amplified,72,648,30,30,1.000000
amplified,24,60,8,8,1.000000
amplified,48,560,16,16,1.000000
amplified,60,450,25,25,1.000000
amplified,24,72,8,10,1.250000
amplified,72,648,30,30,1.000000
amplified,48,72,20,20,1.000000
amplified,24,70,7,8,1.142857
amplified,50,500,20,20,1.000000
amplified,66,132,22,24,1.090909
amplified,40,240,16,16,1.000000
amplified,48,480,12,16,1.333333
amplified,36,162,15,15,1.000000
amplified,80,160,32,32,1.000000
amplified,33,198,9,12,1.333333
amplified,48,288,20,20,1.000000
amplified,48,140,16,16,1.000000
amplified,20,30,8,8,1.000000
amplified,24,140,8,8,1.000000
amplified,80,160,26,32,1.230769
amplified,36,162,15,15,1.000000
amplified,36,162,15,15,1.000000
amplified,30,45,10,12,1.200000
amplified,48,72,20,20,1.000000
amplified,72,648,30,30,1.000000
amplified,80,160,32,32,1.000000
amplified,72,1080,18,24,1.333333
amplified,50,100,17,20,1.176471
amplified,70,140,28,28,1.000000
amplified,48,480,12,16,1.333333
amplified,36,54,12,15,1.250000
amplified,20,80,8,8,1.000000
amplified,60,450,25,25,1.000000
amplified,60,750,20,20,1.000000
amplified,72,108,24,30,1.250000
amplified,60,750,20,20,1.000000
amplified,27,135,12,12,1.000000
amplified,22,44,8,8,1.000000
amplified,36,90,11,12,1.090909
amplified,40,304,16,16,1.000000
amplified,20,80,8,8,1.000000
amplified,36,315,12,12,1.000000
amplified,24,72,8,10,1.250000
amplified,36,324,12,12,1.000000
amplified,20,76,8,8,1.000000
amplified,30,60,12,12,1.000000
amplified,60,720,24,24,1.000000
amplified,72,1080,24,24,1.000000
amplified,72,180,24,24,1.000000
amplified,44,88,13,16,1.230769
amplified,48,288,20,20,1.000000
amplified,72,108,24,30,1.250000
amplified,18,30,8,8,1.000000
amplified,36,54,15,15,1.000000
amplified,60,450,25,25,1.000000
amplified,50,475,20,20,1.000000
amplified,96,144,33,40,1.212121
amplified,70,140,28,28,1.000000
amplified,40,240,16,16,1.000000
amplified,60,750,15,20,1.333333
amplified,48,288,20,20,1.000000
amplified,20,60,8,8,1.000000
amplified,24,70,7,8,1.142857
amplified,24,72,10,10,1.000000
amplified,96,240,26,32,1.230769
amplified,50,95,20,20,1.000000
amplified,24,72,10,10,1.000000
amplified,60,120,21,24,1.142857
amplified,48,120,12,16,1.333333
amplified,48,560,16,16,1.000000
amplified,48,480,12,16,1.333333
amplified,60,450,25,25,1.000000
amplified,60,720,24,24,1.000000
amplified,72,108,25,30,1.200000
amplified,20,30,7,8,1.142857
amplified,60,540,24,24,1.000000
amplified,44,352,16,16,1.000000
amplified,84,126,32,35,1.093750
amplified,20,40,8,8,1.000000
amplified,40,320,16,16,1.000000
amplified,24,72,8,8,1.000000
amplified,33,198,9,12,1.333333
amplified,24,120,6,8,1.333333
amplified,84,126,35,35,1.000000
amplified,36,162,12,15,1.250000
amplified,72,216,22,24,1.090909
amplified,24,36,9,10,1.111111
amplified,50,500,20,20,1.000000
amplified,84,126,31,35,1.129032
amplified,20,60,8,8,1.000000
amplified,60,450,25,25,1.000000
amplified,72,648,30,30,1.000000
amplified,36,162,15,15,1.000000
amplified,24,72,8,10,1.250000
amplified,30,180,12,12,1.000000
amplified,77,154,23,28,1.217391
amplified,72,648,30,30,1.000000
amplified,24,144,8,8,1.000000
amplified,36,54,14,15,1.071429
amplified,54,90,24,24,1.000000
amplified,48,288,20,20,1.000000
amplified,60,90,21,25,1.190476
amplified,27,135,12,12,1.000000
amplified,36,90,11,12,1.090909
amplified,24,36,10,10,1.000000
amplified,66,792,18,24,1.333333
amplified,48,288,20,20,1.000000
amplified,20,40,8,8,1.000000
amplified,20,38,8,8,1.000000
amplified,72,1080,18,24,1.333333
amplified,22,44,7,8,1.142857
amplified,72,180,23,24,1.043478
amplified,36,54,15,15,1.000000
amplified,55,550,20,20,1.000000
amplified,88,176,26,32,1.230769
amplified,84,210,27,28,1.037037
amplified,50,500,20,20,1.000000
amplified,24,92,10,10,1.000000
amplified,30,171,12,12,1.000000
amplified,22,88,8,8,1.000000
amplified,72,1080,24,24,1.000000
amplified,24,120,8,8,1.000000
amplified,44,352,16,16,1.000000
amplified,48,120,13,16,1.230769
amplified,84,210,28,28,1.000000
amplified,66,792,24,24,1.000000
amplified,48,288,16,20,1.250000
amplified,24,36,8,10,1.250000
amplified,63,105,28,28,1.000000
amplified,22,88,6,8,1.333333
amplified,27,135,12,12,1.000000
amplified,70,105,22,28,1.272727
amplified,40,80,14,16,1.142857
amplified,80,120,32,32,1.000000
amplified,60,450,25,25,1.000000
amplified,60,450,20,25,1.250000
amplified,60,450,25,25,1.000000
amplified,72,1080,24,24,1.000000
amplified,24,72,10,10,1.000000
amplified,72,1080,18,24,1.333333
amplified,24,72,8,8,1.000000
amplified,36,90,11,12,1.090909
amplified,55,550,20,20,1.000000
amplified,48,480,12,16,1.333333
amplified,60,450,25,25,1.000000
amplified,30,57,12,12,1.000000
amplified,30,45,10,12,1.200000
amplified,18,60,8,8,1.000000
amplified,96,240,26,32,1.230769
amplified,24,72,10,10,1.000000
amplified,18,60,8,8,1.000000
amplified,72,648,30,30,1.000000
amplified,20,60,8,8,1.000000
amplified,44,88,14,16,1.142857
amplified,84,210,23,28,1.217391
amplified,36,162,15,15,1.000000
amplified,30,45,12,12,1.000000
amplified,80,152,32,32,1.000000
amplified,80,120,32,32,1.000000
amplified,48,72,18,20,1.111111
amplified,48,120,15,16,1.066667
amplified,96,240,24,32,1.333333
amplified,40,320,16,16,1.000000
amplified,84,210,23,28,1.217391
amplified,36,270,9,12,1.333333
amplified,48,576,16,16,1.000000
amplified,60,450,25,25,1.000000
amplified,20,80,8,8,1.000000
amplified,40,320,16,16,1.000000
amplified,84,126,29,35,1.206897
amplified,55,110,16,20,1.250000
amplified,60,450,25,25,1.000000
amplified,36,90,11,12,1.090909
amplified,84,210,23,28,1.217391
amplified,96,144,33,40,1.212121
amplified,72,138,30,30,1.000000
amplified,50,100,17,20,1.176471
amplified,40,80,14,16,1.142857
amplified,22,88,8,8,1.000000
amplified,72,210,21,24,1.142857
amplified,70,140,28,28,1.000000
amplified,36,54,13,15,1.153846
amplified,33,66,10,12,1.200000
amplified,24,72,8,10,1.250000
amplified,72,1080,18,24,1.333333
amplified,22,88,8,8,1.000000
amplified,48,72,17,20,1.176471
amplified,72,108,30,30,1.000000
amplified,30,180,12,12,1.000000
amplified,72,1080,24,24,1.000000
amplified,72,648,30,30,1.000000
amplified,40,320,16,16,1.000000
amplified,96,288,29,32,1.103448
amplified,24,36,9,10,1.111111
amplified,44,88,13,16,1.230769
amplified,72,108,28,30,1.071429
amplified,30,135,12,12,1.000000
amplified,72,180,23,24,1.043478
amplified,96,144,40,40,1.000000
amplified,30,180,12,12,1.000000
amplified,72,1080,18,24,1.333333
amplified,24,36,10,10,1.000000
amplified,20,40,7,8,1.142857
amplified,72,648,30,30,1.000000
amplified,48,92,20,20,1.000000
amplified,70,105,28,28,1.000000
amplified,24,120,6,8,1.333333
amplified,72,108,25,30,1.200000
amplified,44,88,14,16,1.142857
amplified,44,88,14,16,1.142857
amplified,60,684,24,24,1.000000
amplified,72,1080,18,24,1.333333
amplified,66,792,18,24,1.333333
amplified,60,90,25,25,1.000000
amplified,96,184,40,40,1.000000
amplified,55,550,20,20,1.000000
amplified,48,576,16,16,1.000000
amplified,24,120,6,8,1.333333
amplified,60,450,20,25,1.250000
amplified,60,900,20,20,1.000000
amplified,20,38,8,8,1.000000
amplified,20,40,8,8,1.000000
amplified,20,30,8,8,1.000000
amplified,60,150,20,20,1.000000
amplified,33,198,9,12,1.333333
amplified,55,110,16,20,1.250000
amplified,48,480,16,16,1.000000
amplified,48,288,20,20,1.000000
amplified,33,198,9,12,1.333333
amplified,36,324,12,12,1.000000
amplified,66,792,18,24,1.333333
amplified,88,176,28,32,1.142857
amplified,20,80,8,8,1.000000
amplified,24,60,8,8,1.000000
amplified,72,648,30,30,1.000000
amplified,96,240,26,32,1.230769
amplified,60,750,15,20,1.333333
amplified,40,320,16,16,1.000000
amplified,24,72,8,8,1.000000
amplified,40,304,16,16,1.000000
amplified,72,108,28,30,1.071429
amplified,36,105,10,12,1.200000
amplified,18,30,8,8,1.000000
amplified,24,60,8,8,1.000000
amplified,40,60,13,16,1.230769
amplified,60,450,25,25,1.000000
amplified,24,36,10,10,1.000000
amplified,40,80,16,16,1.000000
amplified,54,540,24,24,1.000000
amplified,72,1080,18,24,1.333333
amplified,36,54,14,15,1.071429
amplified,88,176,28,32,1.142857
amplified,18,30,8,8,1.000000
amplified,36,162,15,15,1.000000
amplified,44,88,13,16,1.230769
amplified,54,540,24,24,1.000000
amplified,96,144,35,40,1.142857
amplified,30,180,12,12,1.000000
amplified,40,80,16,16,1.000000
amplified,72,1080,18,24,1.333333
amplified,24,120,6,8,1.333333
amplified,30,60,12,12,1.000000
amplified,84,126,31,35,1.129032
amplified,50,375,20,20,1.000000
amplified,84,126,35,35,1.000000
amplified,77,154,23,28,1.217391
amplified,96,280,28,32,1.142857
amplified,72,1080,24,24,1.000000
amplified,48,480,12,16,1.333333
amplified,36,54,14,15,1.071429
amplified,72,648,30,30,1.000000
amplified,72,828,30,30,1.000000
amplified,70,140,28,28,1.000000
amplified,72,216,22,24,1.090909
amplified,36,54,13,15,1.153846
amplified,48,120,13,16,1.230769
amplified,50,375,20,20,1.000000
amplified,60,150,18,20,1.111111
amplified,60,875,20,20,1.000000
amplified,30,135,12,12,1.000000
amplified,72,108,30,30,1.000000
amplified,24,92,10,10,1.000000
amplified,60,90,21,25,1.190476
amplified,48,72,16,20,1.250000
amplified,60,875,20,20,1.000000
amplified,84,126,31,35,1.129032
amplified,72,180,24,24,1.000000
amplified,36,207,15,15,1.000000
amplified,30,60,11,12,1.090909
amplified,88,176,28,32,1.142857
amplified,30,60,12,12,1.000000
amplified,60,720,24,24,1.000000
amplified,24,36,9,10,1.111111
amplified,72,108,25,30,1.200000
amplified,60,150,18,20,1.111111
amplified,24,72,8,10,1.250000
amplified,36,270,12,12,1.000000
amplified,70,105,22,28,1.272727
amplified,66,792,24,24,1.000000
amplified,36,90,9,12,1.333333
amplified,36,54,15,15,1.000000
amplified,36,162,12,15,1.250000
amplified,84,126,31,35,1.129032
amplified,88,176,28,32,1.142857
amplified,36,162,15,15,1.000000
amplified,72,648,30,30,1.000000
amplified,30,57,12,12,1.000000
amplified,55,550,15,20,1.333333
amplified,36,270,12,12,1.000000
amplified,50,375,20,20,1.000000
amplified,20,80,8,8,1.000000
amplified,50,500,20,20,1.000000
amplified,60,450,25,25,1.000000
amplified,50,500,20,20,1.000000
amplified,55,110,16,20,1.250000
amplified,50,375,20,20,1.000000
amplified,60,450,20,25,1.250000
amplified,48,72,17,20,1.176471
amplified,60,450,25,25,1.000000
amplified,50,100,20,20,1.000000
amplified,60,175,17,20,1.176471
amplified,24,72,10,10,1.000000
amplified,36,90,10,12,1.200000
amplified,72,108,26,30,1.153846
amplified,70,105,28,28,1.000000
amplified,96,144,40,40,1.000000
amplified,36,162,12,15,1.250000
amplified,33,198,9,12,1.333333
amplified,50,500,20,20,1.000000
amplified,36,54,15,15,1.000000
amplified,48,480,12,16,1.333333
amplified,48,288,20,20,1.000000
amplified,36,162,15,15,1.000000
amplified,44,352,12,16,1.333333
amplified,36,270,12,12,1.000000
amplified,30,135,12,12,1.000000
amplified,36,270,12,12,1.000000
amplified,96,184,40,40,1.000000
amplified,36,270,12,12,1.000000
amplified,60,175,17,20,1.176471
amplified,80,160,32,32,1.000000
amplified,72,210,21,24,1.142857
amplified,20,30,7,8,1.142857
amplified,36,105,10,12,1.200000
amplified,50,75,16,20,1.250000
amplified,60,750,20,20,1.000000
amplified,72,648,30,30,1.000000
amplified,50,375,20,20,1.000000
amplified,40,60,16,16,1.000000
amplified,48,72,20,20,1.000000
amplified,84,210,21,28,1.333333
amplified,72,210,21,24,1.142857
amplified,36,54,14,15,1.071429
amplified,33,198,9,12,1.333333
amplified,36,162,15,15,1.000000
amplified,60,720,24,24,1.000000
amplified,72,108,30,30,1.000000
amplified,50,375,20,20,1.000000
amplified,48,480,12,16,1.333333
amplified,60,750,15,20,1.333333
amplified,72,1080,24,24,1.000000
amplified,36,270,12,12,1.000000
amplified,96,280,28,32,1.142857
amplified,60,450,25,25,1.000000
amplified,27,45,12,12,1.000000
amplified,60,120,24,24,1.000000
amplified,72,108,28,30,1.071429
amplified,60,720,24,24,1.000000
amplified,48,480,16,16,1.000000
amplified,48,288,20,20,1.000000
amplified,48,288,20,20,1.000000
amplified,96,144,33,40,1.212121
amplified,55,550,15,20,1.333333
amplified,48,288,16,20,1.250000
amplified,22,88,6,8,1.333333
amplified,60,750,20,20,1.000000
amplified,48,480,16,16,1.000000
amplified,36,54,12,15,1.250000
amplified,60,90,22,25,1.136364
amplified,36,324,12,12,1.000000
amplified,48,480,12,16,1.333333
amplified,48,288,20,20,1.000000
amplified,44,352,16,16,1.000000
amplified,96,144,40,40,1.000000
amplified,48,92,20,20,1.000000
amplified,84,210,27,28,1.037037
amplified,48,480,12,16,1.333333
amplified,20,40,8,8,1.000000
amplified,96,240,26,32,1.230769
amplified,48,120,13,16,1.230769
amplified,45,75,20,20,1.000000
amplified,20,30,7,8,1.142857
amplified,30,180,12,12,1.000000
amplified,60,90,24,24,1.000000
amplified,60,120,21,24,1.142857
amplified,72,108,25,30,1.200000
amplified,60,90,25,25,1.000000
amplified,55,110,18,20,1.111111
amplified,24,36,9,10,1.111111
amplified,24,72,8,10,1.250000
amplified,60,540,24,24,1.000000
amplified,72,180,18,24,1.333333
amplified,60,900,20,20,1.000000
amplified,24,120,8,8,1.000000
amplified,60,114,24,24,1.000000
amplified,72,648,30,30,1.000000
amplified,20,76,8,8,1.000000
amplified,96,144,35,40,1.142857
amplified,33,198,9,12,1.333333
amplified,24,60,8,8,1.000000
amplified,36,162,12,15,1.250000
amplified,80,120,26,32,1.230769
amplified,66,132,19,24,1.263158
amplified,48,480,12,16,1.333333
amplified,36,90,9,12,1.333333
amplified,44,352,16,16,1.000000
amplified,50,100,17,20,1.176471
amplified,48,480,16,16,1.000000
amplified,60,450,25,25,1.000000
amplified,40,240,16,16,1.000000
amplified,36,162,12,15,1.250000
amplified,20,38,8,8,1.000000
amplified,48,144,14,16,1.142857
amplified,30,135,12,12,1.000000
amplified,48,288,20,20,1.000000
amplified,60,450,25,25,1.000000
amplified,72,648,30,30,1.000000
amplified,77,154,25,28,1.120000
amplified,66,792,18,24,1.333333
amplified,20,40,7,8,1.142857
amplified,96,240,26,32,1.230769
amplified,60,120,21,24,1.142857
amplified,60,450,25,25,1.000000
amplified,72,1080,18,24,1.333333
amplified,24,120,8,8,1.000000
amplified,24,92,10,10,1.000000
amplified,48,72,20,20,1.000000
amplified,48,480,12,16,1.333333
amplified,36,270,12,12,1.000000
amplified,72,648,30,30,1.000000
amplified,48,288,20,20,1.000000
amplified,66,132,22,24,1.090909
amplified,50,100,20,20,1.000000
amplified,96,184,40,40,1.000000
amplified,48,560,16,16,1.000000
amplified,30,45,12,12,1.000000
amplified,36,54,15,15,1.000000
amplified,60,90,23,25,1.086957
amplified,72,108,26,30,1.153846
amplified,30,135,12,12,1.000000
amplified,36,54,12,15,1.250000
amplified,60,450,25,25,1.000000
amplified,48,368,20,20,1.000000
amplified,60,115,25,25,1.000000
amplified,84,245,24,28,1.166667
amplified,30,45,10,12,1.200000
amplified,40,80,16,16,1.000000
amplified,48,72,17,20,1.176471
amplified,48,288,20,20,1.000000
amplified,22,88,8,8,1.000000
amplified,50,475,20,20,1.000000
amplified,70,105,28,28,1.000000
amplified,20,38,8,8,1.000000
amplified,24,36,9,10,1.111111
amplified,48,120,15,16,1.066667
amplified,66,792,18,24,1.333333
amplified,48,480,16,16,1.000000
amplified,24,72,10,10,1.000000
amplified,40,240,16,16,1.000000
amplified,20,76,8,8,1.000000
amplified,72,216,22,24,1.090909
amplified,33,66,11,12,1.090909
amplified,33,66,10,12,1.200000
amplified,33,198,9,12,1.333333
amplified,77,154,23,28,1.217391
amplified,33,198,9,12,1.333333
amplified,60,750,15,20,1.333333
amplified,60,90,21,25,1.190476
amplified,36,105,10,12,1.200000
amplified,96,240,24,32,1.333333
amplified,24,72,8,10,1.250000
amplified,72,216,22,24,1.090909
amplified,72,648,30,30,1.000000
amplified,48,120,13,16,1.230769
amplified,30,171,12,12,1.000000
amplified,24,120,6,8,1.333333
amplified,72,648,30,30,1.000000
amplified,66,792,18,24,1.333333
amplified,40,80,16,16,1.000000
amplified,88,176,26,32,1.230769
amplified,50,375,20,20,1.000000
amplified,55,550,15,20,1.333333
amplified,84,126,35,35,1.000000
amplified,72,648,30,30,1.000000
amplified,60,90,23,25,1.086957
amplified,24,72,10,10,1.000000
amplified,48,480,16,16,1.000000
amplified,77,154,22,28,1.272727
amplified,60,90,23,25,1.086957
amplified,84,210,28,28,1.000000
amplified,72,108,25,30,1.200000
amplified,50,375,20,20,1.000000
amplified,55,550,15,20,1.333333
amplified,33,198,9,12,1.333333
amplified,70,105,22,28,1.272727
amplified,40,240,16,16,1.000000
amplified,27,45,12,12,1.000000
amplified,60,150,20,20,1.000000
amplified,60,120,21,24,1.142857
amplified,36,54,15,15,1.000000
amplified,40,60,13,16,1.230769
amplified,60,750,15,20,1.333333
amplified,36,69,15,15,1.000000
amplified,36,324,12,12,1.000000
amplified,48,576,16,16,1.000000
amplified,36,90,9,12,1.333333
amplified,33,66,11,12,1.090909
amplified,48,120,16,16,1.000000
amplified,20,40,7,8,1.142857
amplified,48,120,16,16,1.000000
amplified,27,135,12,12,1.000000
amplified,24,60,8,8,1.000000
amplified,72,108,25,30,1.200000
amplified,84,126,32,35,1.093750
amplified,96,144,33,40,1.212121
amplified,36,315,12,12,1.000000
amplified,55,550,15,20,1.333333
amplified,36,324,12,12,1.000000
amplified,55,550,15,20,1.333333
amplified,60,120,24,24,1.000000
amplified,72,180,20,24,1.200000
amplified,30,180,12,12,1.000000
amplified,72,648,30,30,1.000000
amplified,84,245,24,28,1.166667
amplified,24,144,8,8,1.000000
amplified,36,108,11,12,1.090909
amplified,72,108,25,30,1.200000
amplified,44,352,12,16,1.333333
amplified,60,450,25,25,1.000000
amplified,20,80,8,8,1.000000
amplified,60,90,22,25,1.136364
amplified,24,72,8,10,1.250000
amplified,24,70,7,8,1.142857
amplified,60,114,24,24,1.000000
amplified,30,180,12,12,1.000000
amplified,80,152,32,32,1.000000
amplified,60,90,23,25,1.086957
amplified,36,162,12,15,1.250000
amplified,72,108,25,30,1.200000
amplified,72,1080,24,24,1.000000
amplified,60,684,24,24,1.000000
amplified,20,40,8,8,1.000000
amplified,84,245,24,28,1.166667
amplified,20,30,8,8,1.000000
amplified,20,30,8,8,1.000000
amplified,48,288,20,20,1.000000
amplified,84,126,29,35,1.206897
amplified,72,1080,24,24,1.000000
amplified,84,210,23,28,1.217391
amplified,20,60,8,8,1.000000
amplified,30,60,12,12,1.000000
amplified,48,288,20,20,1.000000
amplified,18,60,8,8,1.000000
amplified,55,550,15,20,1.333333
amplified,30,45,12,12,1.000000
amplified,96,144,40,40,1.000000
amplified,45,75,20,20,1.000000
amplified,27,45,12,12,1.000000
amplified,72,216,22,24,1.090909
amplified,44,352,12,16,1.333333
amplified,48,72,18,20,1.111111
amplified,60,450,25,25,1.000000
amplified,72,138,30,30,1.000000
amplified,48,92,20,20,1.000000
amplified,44,88,13,16,1.230769
amplified,60,900,20,20,1.000000
amplified,24,60,8,8,1.000000
amplified,84,210,28,28,1.000000
amplified,60,750,20,20,1.000000
amplified,20,80,8,8,1.000000
amplified,84,126,28,35,1.250000
amplified,48,72,19,20,1.052632
amplified,72,1296,24,24,1.000000
amplified,84,161,35,35,1.000000
amplified,60,450,20,25,1.250000
amplified,22,88,8,8,1.000000
amplified,40,80,14,16,1.142857
amplified,50,500,20,20,1.000000
amplified,36,54,14,15,1.071429
amplified,55,110,16,20,1.250000
amplified,96,240,31,32,1.032258
amplified,60,450,25,25,1.000000
amplified,60,450,20,25,1.250000
amplified,96,144,33,40,1.212121
amplified,36,270,9,12,1.333333
amplified,24,36,10,10,1.000000
amplified,30,171,12,12,1.000000
amplified,27,135,12,12,1.000000
amplified,72,1080,18,24,1.333333
amplified,60,450,25,25,1.000000
amplified,36,90,12,12,1.000000
amplified,24,36,10,10,1.000000
amplified,36,207,15,15,1.000000
amplified,48,72,20,20,1.000000
amplified,20,40,8,8,1.000000
amplified,40,80,14,16,1.142857
amplified,96,240,31,32,1.032258
amplified,36,162,15,15,1.000000
amplified,84,252,25,28,1.120000
amplified,24,72,8,10,1.250000
amplified,72,1080,18,24,1.333333
amplified,24,72,8,10,1.250000
amplified,96,144,37,40,1.081081
amplified,36,54,13,15,1.153846
amplified,24,120,8,8,1.000000
amplified,60,684,24,24,1.000000
amplified,72,1296,24,24,1.000000
amplified,72,180,18,24,1.333333
amplified,24,72,10,10,1.000000
amplified,30,171,12,12,1.000000
amplified,66,792,18,24,1.333333
amplified,36,108,11,12,1.090909
amplified,30,135,12,12,1.000000
amplified,55,110,16,20,1.250000
amplified,60,175,17,20,1.176471
amplified,60,750,15,20,1.333333
amplified,45,375,20,20,1.000000
amplified,60,450,25,25,1.000000
amplified,60,540,24,24,1.000000
amplified,60,684,24,24,1.000000
amplified,40,320,16,16,1.000000
amplified,72,1080,24,24,1.000000
amplified,24,140,8,8,1.000000
amplified,20,38,8,8,1.000000
amplified,60,450,25,25,1.000000
amplified,72,648,30,30,1.000000
amplified,80,152,32,32,1.000000
amplified,55,110,16,20,1.250000
amplified,72,648,30,30,1.000000
amplified,36,270,12,12,1.000000
amplified,30,180,12,12,1.000000
amplified,80,152,32,32,1.000000
amplified,20,80,8,8,1.000000
amplified,60,540,24,24,1.000000
amplified,72,648,30,30,1.000000
amplified,80,152,32,32,1.000000
amplified,40,76,16,16,1.000000
amplified,20,40,8,8,1.000000
amplified,45,375,20,20,1.000000
amplified,44,88,13,16,1.230769
amplified,24,72,8,8,1.000000
amplified,30,57,12,12,1.000000
amplified,80,160,26,32,1.230769
amplified,36,162,12,15,1.250000
amplified,48,72,17,20,1.176471
amplified,96,144,34,40,1.176471
amplified,66,132,19,24,1.263158
amplified,36,270,12,12,1.000000
amplified,60,450,25,25,1.000000
amplified,60,90,19,24,1.263158
amplified,54,90,24,24,1.000000
amplified,50,500,20,20,1.000000
amplified,48,576,16,16,1.000000
amplified,88,176,25,32,1.280000
amplified,84,161,35,35,1.000000
amplified,72,1080,18,24,1.333333
amplified,36,207,15,15,1.000000
amplified,60,90,23,25,1.086957
amplified,60,900,20,20,1.000000
amplified,36,54,15,15,1.000000
amplified,66,132,19,24,1.263158
amplified,36,60,16,16,1.000000
amplified,60,175,17,20,1.176471
amplified,36,207,15,15,1.000000
amplified,80,160,32,32,1.000000
amplified,24,144,8,8,1.000000
amplified,45,75,20,20,1.000000
amplified,20,40,7,8,1.142857
amplified,45,375,20,20,1.000000
amplified,50,95,20,20,1.000000
amplified,24,36,8,10,1.250000
amplified,84,210,23,28,1.217391
amplified,60,175,17,20,1.176471
amplified,84,126,31,35,1.129032
amplified,72,648,30,30,1.000000
amplified,36,324,12,12,1.000000
amplified,48,480,12,16,1.333333
amplified,36,105,10,12,1.200000
amplified,36,162,12,15,1.250000
amplified,24,60,8,8,1.000000
amplified,40,304,16,16,1.000000
amplified,54,90,24,24,1.000000
amplified,60,90,19,24,1.263158
amplified,60,750,15,20,1.333333
amplified,33,66,10,12,1.200000
amplified,36,90,12,12,1.000000
amplified,24,36,9,10,1.111111
amplified,50,100,20,20,1.000000
amplified,36,90,12,12,1.000000
amplified,24,36,9,10,1.111111
amplified,24,72,8,10,1.250000
amplified,24,36,9,10,1.111111
amplified,36,270,12,12,1.000000
amplified,60,450,25,25,1.000000
amplified,50,375,20,20,1.000000
amplified,60,900,20,20,1.000000
amplified,96,144,33,40,1.212121
amplified,60,750,15,20,1.333333
amplified,36,60,16,16,1.000000
amplified,55,110,16,20,1.250000
amplified,72,648,30,30,1.000000
amplified,96,240,31,32,1.032258
amplified,48,288,16,20,1.250000
amplified,36,162,12,15,1.250000
amplified,50,95,20,20,1.000000
amplified,84,245,24,28,1.166667
amplified,48,288,20,20,1.000000
amplified,60,575,25,25,1.000000
amplified,27,135,12,12,1.000000
amplified,60,90,25,25,1.000000
amplified,24,60,8,8,1.000000
amplified,44,352,16,16,1.000000
amplified,77,154,25,28,1.120000
amplified,36,90,12,12,1.000000
amplified,36,324,12,12,1.000000
amplified,36,324,12,12,1.000000
amplified,72,180,18,24,1.333333
amplified,48,120,16,16,1.000000
amplified,96,144,34,40,1.176471
amplified,50,500,20,20,1.000000
amplified,84,161,35,35,1.000000
amplified,45,375,20,20,1.000000
amplified,60,450,25,25,1.000000
amplified,60,90,22,25,1.136364
amplified,72,1260,24,24,1.000000
amplified,84,252,25,28,1.120000
amplified,24,36,9,10,1.111111
amplified,60,150,16,20,1.250000
amplified,36,324,12,12,1.000000
amplified,36,207,15,15,1.000000
amplified,72,180,20,24,1.200000
amplified,60,150,20,20,1.000000
amplified,33,198,9,12,1.333333
amplified,40,60,16,16,1.000000
amplified,30,180,12,12,1.000000
amplified,70,105,28,28,1.000000
amplified,50,375,20,20,1.000000
amplified,72,138,30,30,1.000000
amplified,36,162,12,15,1.250000
amplified,72,180,23,24,1.043478
amplified,60,450,25,25,1.000000
amplified,30,171,12,12,1.000000
amplified,60,450,25,25,1.000000
amplified,72,1080,18,24,1.333333
amplified,33,198,9,12,1.333333
amplified,30,45,10,12,1.200000
amplified,24,72,8,10,1.250000
amplified,24,36,10,10,1.000000
amplified,24,36,10,10,1.000000
amplified,24,60,6,8,1.333333
amplified,24,36,9,10,1.111111
amplified,72,1080,18,24,1.333333
amplified,96,144,33,40,1.212121
amplified,48,72,17,20,1.176471
amplified,50,500,20,20,1.000000
amplified,50,375,20,20,1.000000
amplified,96,144,34,40,1.176471
amplified,60,750,20,20,1.000000
amplified,70,140,28,28,1.000000
amplified,96,280,28,32,1.142857
amplified,72,648,30,30,1.000000
amplified,48,120,16,16,1.000000
amplified,20,60,8,8,1.000000
amplified,30,180,12,12,1.000000
amplified,40,240,16,16,1.000000
amplified,44,352,12,16,1.333333
amplified,36,90,11,12,1.090909
amplified,72,648,30,30,1.000000
amplified,72,108,25,30,1.200000
amplified,50,100,20,20,1.000000
amplified,48,560,16,16,1.000000
amplified,22,44,7,8,1.142857
amplified,48,288,20,20,1.000000
amplified,84,126,30,35,1.166667
amplified,36,270,12,12,1.000000
amplified,30,45,10,12,1.200000
amplified,24,70,7,8,1.142857
amplified,22,44,7,8,1.142857
amplified,24,72,8,10,1.250000
amplified,60,450,25,25,1.000000
amplified,24,72,8,10,1.250000
amplified,33,66,10,12,1.200000
amplified,60,120,21,24,1.142857
amplified,84,126,35,35,1.000000
amplified,24,140,8,8,1.000000
amplified,24,72,8,8,1.000000
amplified,48,72,17,20,1.176471
amplified,60,115,25,25,1.000000
amplified,30,180,12,12,1.000000
amplified,60,450,25,25,1.000000
amplified,48,560,16,16,1.000000
amplified,36,162,15,15,1.000000
amplified,30,60,11,12,1.090909
amplified,24,60,8,8,1.000000
amplified,80,160,32,32,1.000000
amplified,72,108,25,30,1.200000
amplified,55,550,15,20,1.333333
amplified,40,320,16,16,1.000000
amplified,96,240,24,32,1.333333
amplified,48,368,20,20,1.000000
amplified,48,72,16,20,1.250000
amplified,60,120,24,24,1.000000
amplified,84,126,30,35,1.166667
amplified,48,72,17,20,1.176471
amplified,30,45,12,12,1.000000
amplified,24,144,8,8,1.000000
amplified,24,72,10,10,1.000000
amplified,72,1080,24,24,1.000000
amplified,72,108,26,30,1.153846
amplified,60,750,20,20,1.000000
amplified,40,320,16,16,1.000000
amplified,48,288,20,20,1.000000
amplified,24,72,10,10,1.000000
amplified,50,500,20,20,1.000000
amplified,48,480,12,16,1.333333
amplified,48,288,20,20,1.000000
amplified,24,72,10,10,1.000000
amplified,48,72,20,20,1.000000
amplified,24,144,8,8,1.000000
amplified,72,1260,24,24,1.000000
amplified,36,270,9,12,1.333333
amplified,22,88,6,8,1.333333
amplified,48,480,12,16,1.333333
amplified,60,150,15,20,1.333333
amplified,50,500,20,20,1.000000
amplified,72,108,26,30,1.153846
amplified,72,1080,18,24,1.333333
amplified,66,132,22,24,1.090909
amplified,20,80,8,8,1.000000
amplified,50,500,20,20,1.000000
amplified,24,36,8,10,1.250000
amplified,48,288,20,20,1.000000
amplified,60,750,15,20,1.333333
amplified,20,38,8,8,1.000000
amplified,50,375,20,20,1.000000
amplified,24,60,8,8,1.000000
amplified,60,684,24,24,1.000000
amplified,77,154,22,28,1.272727
amplified,24,72,8,8,1.000000
amplified,24,60,6,8,1.333333
amplified,72,648,30,30,1.000000
amplified,48,120,13,16,1.230769
amplified,33,198,9,12,1.333333
amplified,70,140,23,28,1.217391
amplified,72,180,24,24,1.000000
amplified,48,288,20,20,1.000000
amplified,30,171,12,12,1.000000
amplified,60,575,25,25,1.000000
amplified,36,162,12,15,1.250000
amplified,48,480,12,16,1.333333
amplified,50,95,20,20,1.000000
amplified,50,475,20,20,1.000000
amplified,40,76,16,16,1.000000
amplified,60,90,21,25,1.190476
amplified,84,126,30,35,1.166667
amplified,30,180,12,12,1.000000
amplified,44,352,16,16,1.000000
amplified,72,648,30,30,1.000000
amplified,36,270,12,12,1.000000
amplified,24,36,8,10,1.250000
amplified,72,1260,24,24,1.000000
amplified,36,54,12,15,1.250000
amplified,55,110,16,20,1.250000
amplified,60,90,22,25,1.136364
amplified,80,160,26,32,1.230769
amplified,84,126,35,35,1.000000
amplified,36,54,12,15,1.250000
amplified,20,80,8,8,1.000000
amplified,72,1080,24,24,1.000000
amplified,48,120,15,16,1.066667
amplified,84,210,21,28,1.333333
amplified,36,270,12,12,1.000000
amplified,48,480,16,16,1.000000
amplified,60,540,24,24,1.000000
amplified,60,750,15,20,1.333333
amplified,45,375,20,20,1.000000
amplified,72,108,28,30,1.071429
amplified,44,88,14,16,1.142857
amplified,24,92,10,10,1.000000
amplified,60,575,25,25,1.000000
amplified,24,120,8,8,1.000000
amplified,24,72,8,10,1.250000
amplified,48,72,19,20,1.052632
amplified,55,110,16,20,1.250000
amplified,80,160,32,32,1.000000
amplified,60,120,24,24,1.000000
amplified,24,72,8,10,1.250000
amplified,48,288,20,20,1.000000
amplified,60,120,24,24,1.000000
amplified,70,105,22,28,1.272727
amplified,60,750,20,20,1.000000
amplified,96,144,35,40,1.142857
amplified,48,72,16,20,1.250000
amplified,96,144,34,40,1.176471
amplified,24,72,10,10,1.000000
amplified,20,80,8,8,1.000000
amplified,60,750,20,20,1.000000
amplified,24,36,9,10,1.111111
amplified,60,120,24,24,1.000000
amplified,72,1260,24,24,1.000000
amplified,33,198,9,12,1.333333
amplified,44,352,16,16,1.000000
amplified,50,375,20,20,1.000000
amplified,48,72,17,20,1.176471
amplified,24,36,9,10,1.111111
amplified,24,60,6,8,1.333333
amplified,36,207,15,15,1.000000
amplified,18,60,8,8,1.000000
amplified,60,150,15,20,1.333333
amplified,36,54,12,15,1.250000
amplified,72,648,30,30,1.000000
amplified,80,152,32,32,1.000000
amplified,72,1296,24,24,1.000000
amplified,60,540,24,24,1.000000
amplified,60,450,25,25,1.000000
amplified,24,120,8,8,1.000000
amplified,50,100,20,20,1.000000
amplified,60,150,15,20,1.333333
amplified,84,210,21,28,1.333333
amplified,48,120,15,16,1.066667
amplified,30,171,12,12,1.000000
amplified,55,550,15,20,1.333333
amplified,72,1080,24,24,1.000000
amplified,48,480,12,16,1.333333
amplified,24,72,8,10,1.250000
amplified,24,72,10,10,1.000000
amplified,30,135,12,12,1.000000
amplified,60,720,24,24,1.000000
amplified,60,90,25,25,1.000000
amplified,22,88,8,8,1.000000
amplified,18,60,8,8,1.000000
amplified,48,368,20,20,1.000000
amplified,36,240,16,16,1.000000
amplified,72,108,28,30,1.071429
amplified,84,126,32,35,1.093750
amplified,84,245,24,28,1.166667
amplified,66,792,18,24,1.333333
amplified,24,144,8,8,1.000000
amplified,24,36,10,10,1.000000
amplified,60,540,24,24,1.000000
amplified,48,288,20,20,1.000000
amplified,60,684,24,24,1.000000
amplified,36,207,15,15,1.000000
amplified,96,240,31,32,1.032258
amplified,48,480,12,16,1.333333
amplified,60,750,15,20,1.333333
amplified,60,450,25,25,1.000000
amplified,50,100,20,20,1.000000
amplified,24,92,10,10,1.000000
amplified,24,120,8,8,1.000000
amplified,60,180,18,20,1.111111
amplified,48,72,19,20,1.052632
amplified,30,60,11,12,1.090909
amplified,24,36,10,10,1.000000
amplified,36,54,14,15,1.071429
amplified,40,240,16,16,1.000000
amplified,72,648,30,30,1.000000
amplified,60,114,24,24,1.000000
amplified,24,92,10,10,1.000000
amplified,55,110,16,20,1.250000
amplified,66,132,19,24,1.263158
amplified,72,828,30,30,1.000000
amplified,36,270,12,12,1.000000
amplified,24,120,8,8,1.000000
amplified,24,72,10,10,1.000000
amplified,40,60,16,16,1.000000
amplified,70,105,28,28,1.000000
amplified,22,44,8,8,1.000000
amplified,24,120,6,8,1.333333
amplified,96,144,33,40,1.212121
amplified,24,60,8,8,1.000000
amplified,24,60,6,8,1.333333
amplified,55,110,18,20,1.111111
amplified,50,75,16,20,1.250000
amplified,36,54,14,15,1.071429
amplified,24,70,7,8,1.142857
amplified,22,88,8,8,1.000000
amplified,60,540,24,24,1.000000
amplified,36,90,9,12,1.333333
amplified,72,1080,18,24,1.333333
amplified,48,72,19,20,1.052632
amplified,84,210,23,28,1.217391
amplified,60,750,20,20,1.000000
amplified,84,126,30,35,1.166667
amplified,30,45,10,12,1.200000
amplified,72,108,24,30,1.250000
amplified,36,270,12,12,1.000000
amplified,36,90,12,12,1.000000
amplified,60,90,21,25,1.190476
amplified,24,72,10,10,1.000000
amplified,20,38,8,8,1.000000
amplified,24,36,10,10,1.000000
amplified,60,750,15,20,1.333333
amplified,70,140,28,28,1.000000
amplified,60,120,21,24,1.142857
amplified,24,36,8,10,1.250000
amplified,60,684,24,24,1.000000
amplified,36,54,15,15,1.000000
amplified,36,270,12,12,1.000000
amplified,48,72,20,20,1.000000
amplified,48,120,13,16,1.230769
amplified,77,154,23,28,1.217391
amplified,36,270,12,12,1.000000
amplified,30,57,12,12,1.000000
amplified,72,108,24,30,1.250000
amplified,96,240,24,32,1.333333
amplified,60,120,24,24,1.000000
amplified,48,72,20,20,1.000000
amplified,70,105,22,28,1.272727
amplified,48,368,20,20,1.000000
amplified,24,92,10,10,1.000000
amplified,24,72,8,10,1.250000
amplified,20,60,8,8,1.000000
amplified,36,54,15,15,1.000000
amplified,60,875,20,20,1.000000
amplified,60,150,15,20,1.333333
amplified,36,54,12,15,1.250000
amplified,22,44,8,8,1.000000
amplified,80,120,26,32,1.230769
amplified,36,162,15,15,1.000000
amplified,48,288,20,20,1.000000
amplified,84,161,35,35,1.000000
amplified,24,72,8,10,1.250000
amplified,50,375,20,20,1.000000
amplified,66,792,18,24,1.333333
amplified,36,270,9,12,1.333333
amplified,36,162,15,15,1.000000
amplified,24,60,6,8,1.333333
amplified,60,575,25,25,1.000000
amplified,30,45,10,12,1.200000
amplified,72,828,30,30,1.000000
amplified,20,80,8,8,1.000000
amplified,48,368,20,20,1.000000
amplified,72,108,28,30,1.071429
amplified,48,120,15,16,1.066667
amplified,96,240,26,32,1.230769
amplified,33,198,9,12,1.333333
amplified,96,288,29,32,1.103448
amplified,84,252,25,28,1.120000
amplified,63,105,28,28,1.000000
amplified,84,210,23,28,1.217391
amplified,48,480,12,16,1.333333
amplified,84,210,27,28,1.037037
amplified,20,80,8,8,1.000000
amplified,30,60,12,12,1.000000
amplified,36,270,12,12,1.000000
amplified,66,792,18,24,1.333333
amplified,60,450,25,25,1.000000
amplified,40,80,14,16,1.142857
amplified,48,120,16,16,1.000000
amplified,60,750,15,20,1.333333
amplified,60,175,17,20,1.176471
amplified,55,110,16,20,1.250000
amplified,60,720,24,24,1.000000
amplified,44,352,12,16,1.333333
amplified,72,120,32,32,1.000000
amplified,84,126,35,35,1.000000
amplified,60,450,25,25,1.000000
amplified,72,210,21,24,1.142857
amplified,36,270,12,12,1.000000
amplified,36,105,10,12,1.200000
amplified,60,750,15,20,1.333333
amplified,22,44,7,8,1.142857
amplified,96,240,31,32,1.032258
amplified,60,450,25,25,1.000000
amplified,36,315,12,12,1.000000
amplified,84,126,31,35,1.129032
amplified,60,150,15,20,1.333333
amplified,30,180,12,12,1.000000
amplified,50,100,20,20,1.000000
amplified,24,72,8,8,1.000000
amplified,60,750,20,20,1.000000
amplified,18,60,8,8,1.000000
amplified,30,180,12,12,1.000000
amplified,20,30,8,8,1.000000
amplified,27,135,12,12,1.000000
amplified,60,150,20,20,1.000000
amplified,48,120,16,16,1.000000
amplified,84,210,27,28,1.037037
amplified,33,66,10,12,1.200000
amplified,36,324,12,12,1.000000
amplified,24,36,8,10,1.250000
amplified,44,352,12,16,1.333333
amplified,60,90,23,25,1.086957
amplified,44,352,16,16,1.000000
amplified,36,207,15,15,1.000000
amplified,50,500,20,20,1.000000
amplified,72,108,28,30,1.071429
amplified,72,108,26,30,1.153846
amplified,22,88,8,8,1.000000
amplified,24,60,6,8,1.333333
amplified,48,72,20,20,1.000000
amplified,48,120,12,16,1.333333
amplified,72,648,30,30,1.000000
amplified,24,140,8,8,1.000000
amplified,33,66,10,12,1.200000
amplified,55,110,18,20,1.111111
amplified,60,750,20,20,1.000000
amplified,36,324,12,12,1.000000
amplified,60,90,19,24,1.263158
amplified,44,88,14,16,1.142857
amplified,48,120,12,16,1.333333
amplified,50,500,20,20,1.000000
amplified,40,320,16,16,1.000000
amplified,80,160,26,32,1.230769
amplified,30,180,12,12,1.000000
amplified,60,120,24,24,1.000000
amplified,24,36,8,10,1.250000
amplified,72,1080,24,24,1.000000
amplified,24,144,8,8,1.000000
amplified,36,270,12,12,1.000000
amplified,36,324,12,12,1.000000
amplified,72,108,30,30,1.000000
amplified,40,80,14,16,1.142857
amplified,36,60,16,16,1.000000
amplified,84,126,35,35,1.000000
amplified,50,475,20,20,1.000000
amplified,36,60,16,16,1.000000
amplified,72,1080,24,24,1.000000
amplified,24,36,8,10,1.250000
amplified,22,88,8,8,1.000000
amplified,72,1260,24,24,1.000000
amplified,27,45,12,12,1.000000
amplified,24,72,10,10,1.000000
amplified,24,144,8,8,1.000000
amplified,36,162,15,15,1.000000
amplified,72,648,30,30,1.000000
amplified,24,92,10,10,1.000000
amplified,72,1080,18,24,1.333333
amplified,40,60,16,16,1.000000
amplified,72,108,30,30,1.000000
amplified,77,154,25,28,1.120000
amplified,72,648,30,30,1.000000
amplified,72,648,30,30,1.000000
amplified,72,1080,24,24,1.000000
amplified,36,270,9,12,1.333333
amplified,48,480,12,16,1.333333
amplified,20,80,8,8,1.000000
amplified,50,500,20,20,1.000000
amplified,50,500,20,20,1.000000
amplified,36,162,12,15,1.250000
amplified,72,1080,18,24,1.333333
amplified,84,161,35,35,1.000000
amplified,96,240,26,32,1.230769
amplified,48,288,20,20,1.000000
amplified,70,140,28,28,1.000000
amplified,48,288,20,20,1.000000
amplified,77,154,25,28,1.120000
amplified,48,92,20,20,1.000000
amplified,36,240,16,16,1.000000
amplified,50,75,20,20,1.000000
amplified,18,60,8,8,1.000000
amplified,36,240,16,16,1.000000
amplified,72,180,24,24,1.000000
amplified,24,144,8,8,1.000000
amplified,48,288,20,20,1.000000
amplified,60,450,25,25,1.000000
amplified,72,108,28,30,1.071429
amplified,30,180,12,12,1.000000
amplified,36,162,15,15,1.000000
amplified,50,475,20,20,1.000000
amplified,30,45,10,12,1.200000
amplified,30,135,12,12,1.000000
amplified,18,60,8,8,1.000000
amplified,60,540,24,24,1.000000
amplified,72,138,30,30,1.000000
amplified,50,75,16,20,1.250000
amplified,30,180,12,12,1.000000
amplified,27,135,12,12,1.000000
amplified,84,210,28,28,1.000000
amplified,48,288,20,20,1.000000
amplified,72,108,30,30,1.000000
amplified,72,180,23,24,1.043478
amplified,36,90,12,12,1.000000
amplified,72,1080,18,24,1.333333
amplified,72,180,18,24,1.333333
amplified,48,72,20,20,1.000000
amplified,24,120,6,8,1.333333
amplified,60,120,24,24,1.000000
amplified,24,72,8,8,1.000000
amplified,18,60,8,8,1.000000
amplified,70,133,28,28,1.000000
amplified,60,720,24,24,1.000000
amplified,24,72,8,10,1.250000
amplified,48,576,16,16,1.000000
amplified,48,480,12,16,1.333333
amplified,36,162,15,15,1.000000
amplified,48,480,12,16,1.333333
amplified,45,375,20,20,1.000000
amplified,48,144,14,16,1.142857
amplified,50,375,20,20,1.000000
amplified,50,500,20,20,1.000000
amplified,50,500,20,20,1.000000
amplified,70,140,23,28,1.217391
amplified,96,240,32,32,1.000000
amplified,24,36,9,10,1.111111
amplified,48,480,16,16,1.000000
amplified,72,648,30,30,1.000000
amplified,24,70,7,8,1.142857
amplified,27,45,12,12,1.000000
amplified,60,540,24,24,1.000000
amplified,48,288,20,20,1.000000
amplified,72,210,21,24,1.142857
amplified,36,54,12,15,1.250000
amplified,48,92,20,20,1.000000
amplified,72,180,20,24,1.200000
amplified,36,54,14,15,1.071429
amplified,60,150,15,20,1.333333
amplified,72,1080,18,24,1.333333
amplified,36,162,15,15,1.000000
amplified,54,540,24,24,1.000000
amplified,36,54,12,15,1.250000
amplified,30,180,12,12,1.000000
amplified,55,110,16,20,1.250000
amplified,60,450,20,25,1.250000
amplified,24,120,8,8,1.000000
amplified,80,120,26,32,1.230769
amplified,44,352,12,16,1.333333
amplified,24,36,10,10,1.000000
amplified,66,792,24,24,1.000000
amplified,60,450,25,25,1.000000
amplified,80,160,32,32,1.000000
amplified,20,40,7,8,1.142857
amplified,50,75,16,20,1.250000
amplified,60,90,24,24,1.000000
amplified,66,792,18,24,1.333333
amplified,80,120,32,32,1.000000
amplified,48,120,12,16,1.333333
amplified,30,135,12,12,1.000000
amplified,80,120,26,32,1.230769
amplified,20,60,8,8,1.000000
amplified,36,90,9,12,1.333333
amplified,36,54,12,15,1.250000
amplified,84,126,35,35,1.000000
amplified,60,875,20,20,1.000000
amplified,30,45,12,12,1.000000
amplified,40,240,16,16,1.000000
amplified,48,480,12,16,1.333333
amplified,20,76,8,8,1.000000
amplified,50,500,20,20,1.000000
amplified,60,540,24,24,1.000000
amplified,48,120,12,16,1.333333
amplified,72,1080,18,24,1.333333
amplified,60,175,17,20,1.176471
amplified,48,72,17,20,1.176471
amplified,72,108,30,30,1.000000
amplified,48,288,20,20,1.000000
amplified,72,108,30,30,1.000000
amplified,36,162,15,15,1.000000
amplified,80,160,32,32,1.000000
amplified,24,36,8,10,1.250000
amplified,84,210,23,28,1.217391
amplified,36,270,12,12,1.000000
amplified,36,162,15,15,1.000000
amplified,20,60,8,8,1.000000
amplified,22,44,8,8,1.000000
amplified,36,162,15,15,1.000000
amplified,44,352,12,16,1.333333
amplified,66,132,19,24,1.263158
amplified,50,95,20,20,1.000000
amplified,20,60,8,8,1.000000
amplified,60,720,24,24,1.000000
amplified,80,120,26,32,1.230769
amplified,30,57,12,12,1.000000
amplified,72,180,23,24,1.043478
amplified,80,160,32,32,1.000000
amplified,30,171,12,12,1.000000
amplified,66,792,18,24,1.333333
amplified,48,288,20,20,1.000000
amplified,30,60,12,12,1.000000
amplified,63,105,28,28,1.000000
amplified,36,270,9,12,1.333333
amplified,36,270,9,12,1.333333
amplified,48,368,20,20,1.000000
amplified,84,210,21,28,1.333333
amplified,36,90,12,12,1.000000
amplified,50,100,20,20,1.000000
amplified,36,54,15,15,1.000000
amplified,72,1080,18,24,1.333333
amplified,60,90,25,25,1.000000
amplified,24,120,6,8,1.333333
amplified,20,30,8,8,1.000000
amplified,24,120,6,8,1.333333
amplified,44,88,14,16,1.142857
amplified,80,160,32,32,1.000000
amplified,36,108,11,12,1.090909
amplified,50,375,20,20,1.000000
amplified,36,90,10,12,1.200000
amplified,72,1296,24,24,1.000000
amplified,44,352,16,16,1.000000
amplified,24,36,8,10,1.250000
amplified,40,320,16,16,1.000000
amplified,27,135,12,12,1.000000
amplified,96,144,40,40,1.000000
amplified,72,108,26,30,1.153846
amplified,55,550,15,20,1.333333
amplified,36,90,12,12,1.000000
amplified,24,120,8,8,1.000000
amplified,20,80,8,8,1.000000
amplified,55,110,18,20,1.111111
amplified,55,550,15,20,1.333333
amplified,55,550,20,20,1.000000
amplified,72,120,32,32,1.000000
amplified,72,648,30,30,1.000000
amplified,30,180,12,12,1.000000
amplified,60,875,20,20,1.000000
amplified,36,54,14,15,1.071429
amplified,36,270,9,12,1.333333
amplified,36,60,16,16,1.000000
amplified,36,270,12,12,1.000000
amplified,84,161,35,35,1.000000
amplified,60,90,23,25,1.086957
amplified,72,108,30,30,1.000000
amplified,24,36,9,10,1.111111
amplified,24,36,10,10,1.000000
amplified,50,500,20,20,1.000000
amplified,48,120,16,16,1.000000
amplified,72,138,30,30,1.000000
amplified,36,270,12,12,1.000000
amplified,60,120,24,24,1.000000
amplified,60,450,25,25,1.000000
amplified,72,648,30,30,1.000000
amplified,24,72,10,10,1.000000
amplified,72,108,26,30,1.153846
amplified,60,450,25,25,1.000000
amplified,70,140,23,28,1.217391
amplified,55,110,18,20,1.111111
amplified,55,110,18,20,1.111111
amplified,36,54,14,15,1.071429
amplified,48,120,13,16,1.230769
amplified,80,160,32,32,1.000000
amplified,36,270,9,12,1.333333
amplified,20,40,8,8,1.000000
amplified,72,108,30,30,1.000000
amplified,60,720,24,24,1.000000
amplified,24,72,10,10,1.000000
amplified,45,375,20,20,1.000000
amplified,72,648,30,30,1.000000
amplified,24,36,9,10,1.111111
amplified,36,324,12,12,1.000000
amplified,55,110,16,20,1.250000
amplified,50,375,20,20,1.000000
amplified,60,90,22,25,1.136364
amplified,55,550,20,20,1.000000
amplified,72,108,24,30,1.250000
amplified,80,120,26,32,1.230769
amplified,45,375,20,20,1.000000
amplified,48,288,16,20,1.250000
amplified,24,36,8,10,1.250000
amplified,70,133,28,28,1.000000
amplified,36,315,12,12,1.000000
amplified,22,88,8,8,1.000000
amplified,96,240,31,32,1.032258
amplified,48,72,17,20,1.176471
amplified,60,450,25,25,1.000000
amplified,24,36,8,10,1.250000
amplified,36,270,12,12,1.000000
amplified,48,288,20,20,1.000000
amplified,36,162,15,15,1.000000
amplified,22,88,8,8,1.000000
amplified,60,120,24,24,1.000000
amplified,36,270,12,12,1.000000
